station_id,local_datetime,type,height_m,pattern_port,pattern_source_datetime,pattern_height_m
CUR003,2026-01-01T06:20:00,LW,,Puerto Montt,2026-01-01T05:53:00,1.46
CUR003,2026-01-01T12:26:00,HW,,Puerto Montt,2026-01-01T11:59:00,5.64
CUR003,2026-01-01T18:26:00,LW,,Puerto Montt,2026-01-01T17:59:00,1.68
CUR003,2026-01-02T00:42:00,HW,,Puerto Montt,2026-01-02T00:15:00,6.66
CUR003,2026-01-02T07:17:00,LW,,Puerto Montt,2026-01-02T06:50:00,1.07
CUR003,2026-01-02T13:23:00,HW,,Puerto Montt,2026-01-02T12:56:00,5.92
CUR003,2026-01-02T19:21:00,LW,,Puerto Montt,2026-01-02T18:54:00,1.44
CUR003,2026-01-03T01:35:00,HW,,Puerto Montt,2026-01-03T01:08:00,6.97
CUR003,2026-01-03T08:08:00,LW,,Puerto Montt,2026-01-03T07:41:00,0.77
CUR003,2026-01-03T14:14:00,HW,,Puerto Montt,2026-01-03T13:47:00,6.14
CUR003,2026-01-03T20:12:00,LW,,Puerto Montt,2026-01-03T19:45:00,1.24
CUR003,2026-01-04T02:25:00,HW,,Puerto Montt,2026-01-04T01:58:00,7.15
CUR003,2026-01-04T08:56:00,LW,,Puerto Montt,2026-01-04T08:29:00,0.61
CUR003,2026-01-04T15:01:00,HW,,Puerto Montt,2026-01-04T14:34:00,6.25
CUR003,2026-01-04T21:00:00,LW,,Puerto Montt,2026-01-04T20:33:00,1.14
CUR003,2026-01-05T03:11:00,HW,,Puerto Montt,2026-01-05T02:44:00,7.17
CUR003,2026-01-05T09:41:00,LW,,Puerto Montt,2026-01-05T09:14:00,0.6
CUR003,2026-01-05T15:45:00,HW,,Puerto Montt,2026-01-05T15:18:00,6.24
CUR003,2026-01-05T21:45:00,LW,,Puerto Montt,2026-01-05T21:18:00,1.15
CUR003,2026-01-06T03:55:00,HW,,Puerto Montt,2026-01-06T03:28:00,7.01
CUR003,2026-01-06T10:23:00,LW,,Puerto Montt,2026-01-06T09:56:00,0.75
CUR003,2026-01-06T16:28:00,HW,,Puerto Montt,2026-01-06T16:01:00,6.12
CUR003,2026-01-06T22:28:00,LW,,Puerto Montt,2026-01-06T22:01:00,1.3
CUR003,2026-01-07T04:36:00,HW,,Puerto Montt,2026-01-07T04:09:00,6.69
CUR003,2026-01-07T11:03:00,LW,,Puerto Montt,2026-01-07T10:36:00,1.03
CUR003,2026-01-07T17:09:00,HW,,Puerto Montt,2026-01-07T16:42:00,5.9
CUR003,2026-01-07T23:10:00,LW,,Puerto Montt,2026-01-07T22:43:00,1.57
CUR003,2026-01-08T05:17:00,HW,,Puerto Montt,2026-01-08T04:50:00,6.25
CUR003,2026-01-08T11:42:00,LW,,Puerto Montt,2026-01-08T11:15:00,1.41
CUR003,2026-01-08T17:50:00,HW,,Puerto Montt,2026-01-08T17:23:00,5.62
CUR003,2026-01-08T23:54:00,LW,,Puerto Montt,2026-01-08T23:27:00,1.93
CUR003,2026-01-09T05:59:00,HW,,Puerto Montt,2026-01-09T05:32:00,5.75
CUR003,2026-01-09T12:21:00,LW,,Puerto Montt,2026-01-09T11:54:00,1.83
CUR003,2026-01-09T18:36:00,HW,,Puerto Montt,2026-01-09T18:09:00,5.34
CUR003,2026-01-10T00:41:00,LW,,Puerto Montt,2026-01-10T00:14:00,2.32
CUR003,2026-01-10T06:45:00,HW,,Puerto Montt,2026-01-10T06:18:00,5.23
CUR003,2026-01-10T13:06:00,LW,,Puerto Montt,2026-01-10T12:39:00,2.25
CUR003,2026-01-10T19:29:00,HW,,Puerto Montt,2026-01-10T19:02:00,5.09
CUR003,2026-01-11T01:41:00,LW,,Puerto Montt,2026-01-11T01:14:00,2.68
CUR003,2026-01-11T07:44:00,HW,,Puerto Montt,2026-01-11T07:17:00,4.78
CUR003,2026-01-11T14:01:00,LW,,Puerto Montt,2026-01-11T13:34:00,2.62
CUR003,2026-01-11T20:35:00,HW,,Puerto Montt,2026-01-11T20:08:00,4.94
CUR003,2026-01-12T03:03:00,LW,,Puerto Montt,2026-01-12T02:36:00,2.88
CUR003,2026-01-12T09:05:00,HW,,Puerto Montt,2026-01-12T08:38:00,4.5
CUR003,2026-01-12T15:15:00,LW,,Puerto Montt,2026-01-12T14:48:00,2.84
CUR003,2026-01-12T21:50:00,HW,,Puerto Montt,2026-01-12T21:23:00,4.96
CUR003,2026-01-13T04:34:00,LW,,Puerto Montt,2026-01-13T04:07:00,2.82
CUR003,2026-01-13T10:34:00,HW,,Puerto Montt,2026-01-13T10:07:00,4.48
CUR003,2026-01-13T16:33:00,LW,,Puerto Montt,2026-01-13T16:06:00,2.86
CUR003,2026-01-13T22:59:00,HW,,Puerto Montt,2026-01-13T22:32:00,5.15
CUR003,2026-01-14T05:42:00,LW,,Puerto Montt,2026-01-14T05:15:00,2.57
CUR003,2026-01-14T11:42:00,HW,,Puerto Montt,2026-01-14T11:15:00,4.67
CUR003,2026-01-14T17:33:00,LW,,Puerto Montt,2026-01-14T17:06:00,2.71
CUR003,2026-01-14T23:52:00,HW,,Puerto Montt,2026-01-14T23:25:00,5.43
CUR003,2026-01-15T06:30:00,LW,,Puerto Montt,2026-01-15T06:03:00,2.27
CUR003,2026-01-15T12:31:00,HW,,Puerto Montt,2026-01-15T12:04:00,4.93
CUR003,2026-01-15T18:19:00,LW,,Puerto Montt,2026-01-15T17:52:00,2.49
CUR003,2026-01-16T00:34:00,HW,,Puerto Montt,2026-01-16T00:07:00,5.73
CUR003,2026-01-16T07:08:00,LW,,Puerto Montt,2026-01-16T06:41:00,1.98
CUR003,2026-01-16T13:09:00,HW,,Puerto Montt,2026-01-16T12:42:00,5.19
CUR003,2026-01-16T18:57:00,LW,,Puerto Montt,2026-01-16T18:30:00,2.25
CUR003,2026-01-17T01:10:00,HW,,Puerto Montt,2026-01-17T00:43:00,5.99
CUR003,2026-01-17T07:41:00,LW,,Puerto Montt,2026-01-17T07:14:00,1.73
CUR003,2026-01-17T13:42:00,HW,,Puerto Montt,2026-01-17T13:15:00,5.4
CUR003,2026-01-17T19:32:00,LW,,Puerto Montt,2026-01-17T19:05:00,2.02
CUR003,2026-01-18T01:44:00,HW,,Puerto Montt,2026-01-18T01:17:00,6.2
CUR003,2026-01-18T08:12:00,LW,,Puerto Montt,2026-01-18T07:45:00,1.52
CUR003,2026-01-18T14:14:00,HW,,Puerto Montt,2026-01-18T13:47:00,5.56
CUR003,2026-01-18T20:06:00,LW,,Puerto Montt,2026-01-18T19:39:00,1.84
CUR003,2026-01-19T02:16:00,HW,,Puerto Montt,2026-01-19T01:49:00,6.34
CUR003,2026-01-19T08:44:00,LW,,Puerto Montt,2026-01-19T08:17:00,1.39
CUR003,2026-01-19T14:45:00,HW,,Puerto Montt,2026-01-19T14:18:00,5.65
CUR003,2026-01-19T20:40:00,LW,,Puerto Montt,2026-01-19T20:13:00,1.71
CUR003,2026-01-20T02:49:00,HW,,Puerto Montt,2026-01-20T02:22:00,6.39
CUR003,2026-01-20T09:15:00,LW,,Puerto Montt,2026-01-20T08:48:00,1.32
CUR003,2026-01-20T15:17:00,HW,,Puerto Montt,2026-01-20T14:50:00,5.69
CUR003,2026-01-20T21:14:00,LW,,Puerto Montt,2026-01-20T20:47:00,1.65
CUR003,2026-01-21T03:22:00,HW,,Puerto Montt,2026-01-21T02:55:00,6.35
CUR003,2026-01-21T09:47:00,LW,,Puerto Montt,2026-01-21T09:20:00,1.34
CUR003,2026-01-21T15:49:00,HW,,Puerto Montt,2026-01-21T15:22:00,5.68
CUR003,2026-01-21T21:50:00,LW,,Puerto Montt,2026-01-21T21:23:00,1.67
CUR003,2026-01-22T03:56:00,HW,,Puerto Montt,2026-01-22T03:29:00,6.22
CUR003,2026-01-22T10:20:00,LW,,Puerto Montt,2026-01-22T09:53:00,1.42
CUR003,2026-01-22T16:24:00,HW,,Puerto Montt,2026-01-22T15:57:00,5.65
CUR003,2026-01-22T22:27:00,LW,,Puerto Montt,2026-01-22T22:00:00,1.75
CUR003,2026-01-23T04:32:00,HW,,Puerto Montt,2026-01-23T04:05:00,6.02
CUR003,2026-01-23T10:55:00,LW,,Puerto Montt,2026-01-23T10:28:00,1.56
CUR003,2026-01-23T17:02:00,HW,,Puerto Montt,2026-01-23T16:35:00,5.59
CUR003,2026-01-23T23:08:00,LW,,Puerto Montt,2026-01-23T22:41:00,1.91
CUR003,2026-01-24T05:12:00,HW,,Puerto Montt,2026-01-24T04:45:00,5.75
CUR003,2026-01-24T11:33:00,LW,,Puerto Montt,2026-01-24T11:06:00,1.76
CUR003,2026-01-24T17:45:00,HW,,Puerto Montt,2026-01-24T17:18:00,5.52
CUR003,2026-01-24T23:55:00,LW,,Puerto Montt,2026-01-24T23:28:00,2.11
CUR003,2026-01-25T05:58:00,HW,,Puerto Montt,2026-01-25T05:31:00,5.43
CUR003,2026-01-25T12:17:00,LW,,Puerto Montt,2026-01-25T11:50:00,2.02
CUR003,2026-01-25T18:37:00,HW,,Puerto Montt,2026-01-25T18:10:00,5.43
CUR003,2026-01-26T00:52:00,LW,,Puerto Montt,2026-01-26T00:25:00,2.34
CUR003,2026-01-26T06:57:00,HW,,Puerto Montt,2026-01-26T06:30:00,5.09
CUR003,2026-01-26T13:12:00,LW,,Puerto Montt,2026-01-26T12:45:00,2.3
CUR003,2026-01-26T19:42:00,HW,,Puerto Montt,2026-01-26T19:15:00,5.37
CUR003,2026-01-27T02:09:00,LW,,Puerto Montt,2026-01-27T01:42:00,2.51
CUR003,2026-01-27T08:16:00,HW,,Puerto Montt,2026-01-27T07:49:00,4.82
CUR003,2026-01-27T14:28:00,LW,,Puerto Montt,2026-01-27T14:01:00,2.53
CUR003,2026-01-27T21:02:00,HW,,Puerto Montt,2026-01-27T20:35:00,5.4
CUR003,2026-01-28T03:46:00,LW,,Puerto Montt,2026-01-28T03:19:00,2.46
CUR003,2026-01-28T09:55:00,HW,,Puerto Montt,2026-01-28T09:28:00,4.79
CUR003,2026-01-28T16:00:00,LW,,Puerto Montt,2026-01-28T15:33:00,2.55
CUR003,2026-01-28T22:28:00,HW,,Puerto Montt,2026-01-28T22:01:00,5.64
CUR003,2026-01-29T05:14:00,LW,,Puerto Montt,2026-01-29T04:47:00,2.11
CUR003,2026-01-29T11:24:00,HW,,Puerto Montt,2026-01-29T10:57:00,5.06
CUR003,2026-01-29T17:22:00,LW,,Puerto Montt,2026-01-29T16:55:00,2.28
CUR003,2026-01-29T23:41:00,HW,,Puerto Montt,2026-01-29T23:14:00,6.06
CUR003,2026-01-30T06:22:00,LW,,Puerto Montt,2026-01-30T05:55:00,1.6
CUR003,2026-01-30T12:30:00,HW,,Puerto Montt,2026-01-30T12:03:00,5.5
CUR003,2026-01-30T18:26:00,LW,,Puerto Montt,2026-01-30T17:59:00,1.86
CUR003,2026-01-31T00:41:00,HW,,Puerto Montt,2026-01-31T00:14:00,6.54
CUR003,2026-01-31T07:15:00,LW,,Puerto Montt,2026-01-31T06:48:00,1.09
CUR003,2026-01-31T13:22:00,HW,,Puerto Montt,2026-01-31T12:55:00,5.94
CUR003,2026-01-31T19:19:00,LW,,Puerto Montt,2026-01-31T18:52:00,1.41
CUR003,2026-02-01T01:31:00,HW,,Puerto Montt,2026-02-01T01:04:00,6.95
CUR003,2026-02-01T08:01:00,LW,,Puerto Montt,2026-02-01T07:34:00,0.7
CUR003,2026-02-01T14:06:00,HW,,Puerto Montt,2026-02-01T13:39:00,6.28
CUR003,2026-02-01T20:05:00,LW,,Puerto Montt,2026-02-01T19:38:00,1.06
CUR003,2026-02-02T02:15:00,HW,,Puerto Montt,2026-02-02T01:48:00,7.2
CUR003,2026-02-02T08:42:00,LW,,Puerto Montt,2026-02-02T08:15:00,0.48
CUR003,2026-02-02T14:46:00,HW,,Puerto Montt,2026-02-02T14:19:00,6.46
CUR003,2026-02-02T20:47:00,LW,,Puerto Montt,2026-02-02T20:20:00,0.86
CUR003,2026-02-03T02:55:00,HW,,Puerto Montt,2026-02-03T02:28:00,7.24
CUR003,2026-02-03T09:19:00,LW,,Puerto Montt,2026-02-03T08:52:00,0.47
CUR003,2026-02-03T15:22:00,HW,,Puerto Montt,2026-02-03T14:55:00,6.49
CUR003,2026-02-03T21:25:00,LW,,Puerto Montt,2026-02-03T20:58:00,0.86
CUR003,2026-02-04T03:32:00,HW,,Puerto Montt,2026-02-04T03:05:00,7.06
CUR003,2026-02-04T09:54:00,LW,,Puerto Montt,2026-02-04T09:27:00,0.65
CUR003,2026-02-04T15:57:00,HW,,Puerto Montt,2026-02-04T15:30:00,6.36
CUR003,2026-02-04T22:01:00,LW,,Puerto Montt,2026-02-04T21:34:00,1.04
CUR003,2026-02-05T04:06:00,HW,,Puerto Montt,2026-02-05T03:39:00,6.7
CUR003,2026-02-05T10:25:00,LW,,Puerto Montt,2026-02-05T09:58:00,0.98
CUR003,2026-02-05T16:29:00,HW,,Puerto Montt,2026-02-05T16:02:00,6.12
CUR003,2026-02-05T22:35:00,LW,,Puerto Montt,2026-02-05T22:08:00,1.38
CUR003,2026-02-06T04:38:00,HW,,Puerto Montt,2026-02-06T04:11:00,6.21
CUR003,2026-02-06T10:54:00,LW,,Puerto Montt,2026-02-06T10:27:00,1.41
CUR003,2026-02-06T17:01:00,HW,,Puerto Montt,2026-02-06T16:34:00,5.8
CUR003,2026-02-06T23:08:00,LW,,Puerto Montt,2026-02-06T22:41:00,1.82
CUR003,2026-02-07T05:09:00,HW,,Puerto Montt,2026-02-07T04:42:00,5.66
CUR003,2026-02-07T11:22:00,LW,,Puerto Montt,2026-02-07T10:55:00,1.9
CUR003,2026-02-07T17:33:00,HW,,Puerto Montt,2026-02-07T17:06:00,5.44
CUR003,2026-02-07T23:43:00,LW,,Puerto Montt,2026-02-07T23:16:00,2.31
CUR003,2026-02-08T05:43:00,HW,,Puerto Montt,2026-02-08T05:16:00,5.1
CUR003,2026-02-08T11:51:00,LW,,Puerto Montt,2026-02-08T11:24:00,2.4
CUR003,2026-02-08T18:11:00,HW,,Puerto Montt,2026-02-08T17:44:00,5.08
CUR003,2026-02-09T00:26:00,LW,,Puerto Montt,2026-02-08T23:59:00,2.79
CUR003,2026-02-09T06:25:00,HW,,Puerto Montt,2026-02-09T05:58:00,4.57
CUR003,2026-02-09T12:28:00,LW,,Puerto Montt,2026-02-09T12:01:00,2.87
CUR003,2026-02-09T19:07:00,HW,,Puerto Montt,2026-02-09T18:40:00,4.75
CUR003,2026-02-10T01:44:00,LW,,Puerto Montt,2026-02-10T01:17:00,3.18
CUR003,2026-02-10T07:48:00,HW,,Puerto Montt,2026-02-10T07:21:00,4.15
CUR003,2026-02-10T13:42:00,LW,,Puerto Montt,2026-02-10T13:15:00,3.27
CUR003,2026-02-10T20:51:00,HW,,Puerto Montt,2026-02-10T20:24:00,4.6
CUR003,2026-02-11T04:14:00,LW,,Puerto Montt,2026-02-11T03:47:00,3.19
CUR003,2026-02-11T10:19:00,HW,,Puerto Montt,2026-02-11T09:52:00,4.13
CUR003,2026-02-11T16:05:00,LW,,Puerto Montt,2026-02-11T15:38:00,3.32
CUR003,2026-02-11T22:38:00,HW,,Puerto Montt,2026-02-11T22:11:00,4.8
CUR003,2026-02-12T05:36:00,LW,,Puerto Montt,2026-02-12T05:09:00,2.83
CUR003,2026-02-12T11:38:00,HW,,Puerto Montt,2026-02-12T11:11:00,4.47
CUR003,2026-02-12T17:23:00,LW,,Puerto Montt,2026-02-12T16:56:00,3.01
CUR003,2026-02-12T23:38:00,HW,,Puerto Montt,2026-02-12T23:11:00,5.19
CUR003,2026-02-13T06:18:00,LW,,Puerto Montt,2026-02-13T05:51:00,2.4
CUR003,2026-02-13T12:20:00,HW,,Puerto Montt,2026-02-13T11:53:00,4.87
CUR003,2026-02-13T18:08:00,LW,,Puerto Montt,2026-02-13T17:41:00,2.6
CUR003,2026-02-14T00:19:00,HW,,Puerto Montt,2026-02-13T23:52:00,5.61
CUR003,2026-02-14T06:51:00,LW,,Puerto Montt,2026-02-14T06:24:00,1.98
CUR003,2026-02-14T12:53:00,HW,,Puerto Montt,2026-02-14T12:26:00,5.25
CUR003,2026-02-14T18:44:00,LW,,Puerto Montt,2026-02-14T18:17:00,2.18
CUR003,2026-02-15T00:54:00,HW,,Puerto Montt,2026-02-15T00:27:00,6.0
CUR003,2026-02-15T07:21:00,LW,,Puerto Montt,2026-02-15T06:54:00,1.6
CUR003,2026-02-15T13:23:00,HW,,Puerto Montt,2026-02-15T12:56:00,5.58
CUR003,2026-02-15T19:17:00,LW,,Puerto Montt,2026-02-15T18:50:00,1.8
CUR003,2026-02-16T01:26:00,HW,,Puerto Montt,2026-02-16T00:59:00,6.33
CUR003,2026-02-16T07:51:00,LW,,Puerto Montt,2026-02-16T07:24:00,1.27
CUR003,2026-02-16T13:53:00,HW,,Puerto Montt,2026-02-16T13:26:00,5.86
CUR003,2026-02-16T19:50:00,LW,,Puerto Montt,2026-02-16T19:23:00,1.48
CUR003,2026-02-17T01:58:00,HW,,Puerto Montt,2026-02-17T01:31:00,6.56
CUR003,2026-02-17T08:21:00,LW,,Puerto Montt,2026-02-17T07:54:00,1.04
CUR003,2026-02-17T14:23:00,HW,,Puerto Montt,2026-02-17T13:56:00,6.06
CUR003,2026-02-17T20:24:00,LW,,Puerto Montt,2026-02-17T19:57:00,1.25
CUR003,2026-02-18T02:30:00,HW,,Puerto Montt,2026-02-18T02:03:00,6.68
CUR003,2026-02-18T08:51:00,LW,,Puerto Montt,2026-02-18T08:24:00,0.93
CUR003,2026-02-18T14:54:00,HW,,Puerto Montt,2026-02-18T14:27:00,6.19
CUR003,2026-02-18T20:58:00,LW,,Puerto Montt,2026-02-18T20:31:00,1.13
CUR003,2026-02-19T03:03:00,HW,,Puerto Montt,2026-02-19T02:36:00,6.66
CUR003,2026-02-19T09:22:00,LW,,Puerto Montt,2026-02-19T08:55:00,0.93
CUR003,2026-02-19T15:26:00,HW,,Puerto Montt,2026-02-19T14:59:00,6.24
CUR003,2026-02-19T21:33:00,LW,,Puerto Montt,2026-02-19T21:06:00,1.14
CUR003,2026-02-20T03:37:00,HW,,Puerto Montt,2026-02-20T03:10:00,6.51
CUR003,2026-02-20T09:54:00,LW,,Puerto Montt,2026-02-20T09:27:00,1.05
CUR003,2026-02-20T15:59:00,HW,,Puerto Montt,2026-02-20T15:32:00,6.22
CUR003,2026-02-20T22:09:00,LW,,Puerto Montt,2026-02-20T21:42:00,1.27
CUR003,2026-02-21T04:12:00,HW,,Puerto Montt,2026-02-21T03:45:00,6.24
CUR003,2026-02-21T10:27:00,LW,,Puerto Montt,2026-02-21T10:00:00,1.29
CUR003,2026-02-21T16:35:00,HW,,Puerto Montt,2026-02-21T16:08:00,6.12
CUR003,2026-02-21T22:49:00,LW,,Puerto Montt,2026-02-21T22:22:00,1.52
CUR003,2026-02-22T04:51:00,HW,,Puerto Montt,2026-02-22T04:24:00,5.87
CUR003,2026-02-22T11:03:00,LW,,Puerto Montt,2026-02-22T10:36:00,1.63
CUR003,2026-02-22T17:15:00,HW,,Puerto Montt,2026-02-22T16:48:00,5.93
CUR003,2026-02-22T23:33:00,LW,,Puerto Montt,2026-02-22T23:06:00,1.87
CUR003,2026-02-23T05:35:00,HW,,Puerto Montt,2026-02-23T05:08:00,5.43
CUR003,2026-02-23T11:44:00,LW,,Puerto Montt,2026-02-23T11:17:00,2.04
CUR003,2026-02-23T18:04:00,HW,,Puerto Montt,2026-02-23T17:37:00,5.66
CUR003,2026-02-24T00:29:00,LW,,Puerto Montt,2026-02-24T00:02:00,2.26
CUR003,2026-02-24T06:33:00,HW,,Puerto Montt,2026-02-24T06:06:00,4.96
CUR003,2026-02-24T12:40:00,LW,,Puerto Montt,2026-02-24T12:13:00,2.49
CUR003,2026-02-24T19:12:00,HW,,Puerto Montt,2026-02-24T18:45:00,5.38
CUR003,2026-02-25T01:53:00,LW,,Puerto Montt,2026-02-25T01:26:00,2.58
CUR003,2026-02-25T08:05:00,HW,,Puerto Montt,2026-02-25T07:38:00,4.6
CUR003,2026-02-25T14:09:00,LW,,Puerto Montt,2026-02-25T13:42:00,2.84
CUR003,2026-02-25T20:49:00,HW,,Puerto Montt,2026-02-25T20:22:00,5.26
CUR003,2026-02-26T03:48:00,LW,,Puerto Montt,2026-02-26T03:21:00,2.54
CUR003,2026-02-26T10:06:00,HW,,Puerto Montt,2026-02-26T09:39:00,4.66
CUR003,2026-02-26T16:04:00,LW,,Puerto Montt,2026-02-26T15:37:00,2.77
CUR003,2026-02-26T22:28:00,HW,,Puerto Montt,2026-02-26T22:01:00,5.52
CUR003,2026-02-27T05:17:00,LW,,Puerto Montt,2026-02-27T04:50:00,2.08
CUR003,2026-02-27T11:30:00,HW,,Puerto Montt,2026-02-27T11:03:00,5.11
CUR003,2026-02-27T17:26:00,LW,,Puerto Montt,2026-02-27T16:59:00,2.31
CUR003,2026-02-27T23:41:00,HW,,Puerto Montt,2026-02-27T23:14:00,6.02
CUR003,2026-02-28T06:17:00,LW,,Puerto Montt,2026-02-28T05:50:00,1.5
CUR003,2026-02-28T12:25:00,HW,,Puerto Montt,2026-02-28T11:58:00,5.65
CUR003,2026-02-28T18:23:00,LW,,Puerto Montt,2026-02-28T17:56:00,1.73
CUR003,2026-03-01T00:34:00,HW,,Puerto Montt,2026-03-01T00:07:00,6.55
CUR003,2026-03-01T07:03:00,LW,,Puerto Montt,2026-03-01T06:36:00,0.98
CUR003,2026-03-01T13:08:00,HW,,Puerto Montt,2026-03-01T12:41:00,6.13
CUR003,2026-03-01T19:09:00,LW,,Puerto Montt,2026-03-01T18:42:00,1.21
CUR003,2026-03-02T01:18:00,HW,,Puerto Montt,2026-03-02T00:51:00,6.94
CUR003,2026-03-02T07:42:00,LW,,Puerto Montt,2026-03-02T07:15:00,0.62
CUR003,2026-03-02T13:46:00,HW,,Puerto Montt,2026-03-02T13:19:00,6.47
CUR003,2026-03-02T19:49:00,LW,,Puerto Montt,2026-03-02T19:22:00,0.84
CUR003,2026-03-03T01:56:00,HW,,Puerto Montt,2026-03-03T01:29:00,7.14
CUR003,2026-03-03T08:17:00,LW,,Puerto Montt,2026-03-03T07:50:00,0.46
CUR003,2026-03-03T14:20:00,HW,,Puerto Montt,2026-03-03T13:53:00,6.64
CUR003,2026-03-03T20:25:00,LW,,Puerto Montt,2026-03-03T19:58:00,0.69
CUR003,2026-03-04T02:31:00,HW,,Puerto Montt,2026-03-04T02:04:00,7.11
CUR003,2026-03-04T08:49:00,LW,,Puerto Montt,2026-03-04T08:22:00,0.52
CUR003,2026-03-04T14:52:00,HW,,Puerto Montt,2026-03-04T14:25:00,6.64
CUR003,2026-03-04T20:59:00,LW,,Puerto Montt,2026-03-04T20:32:00,0.75
CUR003,2026-03-05T03:03:00,HW,,Puerto Montt,2026-03-05T02:36:00,6.87
CUR003,2026-03-05T09:18:00,LW,,Puerto Montt,2026-03-05T08:51:00,0.75
CUR003,2026-03-05T15:21:00,HW,,Puerto Montt,2026-03-05T14:54:00,6.49
CUR003,2026-03-05T21:30:00,LW,,Puerto Montt,2026-03-05T21:03:00,1.0
CUR003,2026-03-06T03:32:00,HW,,Puerto Montt,2026-03-06T03:05:00,6.48
CUR003,2026-03-06T09:44:00,LW,,Puerto Montt,2026-03-06T09:17:00,1.12
CUR003,2026-03-06T15:48:00,HW,,Puerto Montt,2026-03-06T15:21:00,6.24
CUR003,2026-03-06T21:59:00,LW,,Puerto Montt,2026-03-06T21:32:00,1.38
CUR003,2026-03-07T03:59:00,HW,,Puerto Montt,2026-03-07T03:32:00,6.01
CUR003,2026-03-07T10:07:00,LW,,Puerto Montt,2026-03-07T09:40:00,1.56
CUR003,2026-03-07T16:14:00,HW,,Puerto Montt,2026-03-07T15:47:00,5.91
CUR003,2026-03-07T22:26:00,LW,,Puerto Montt,2026-03-07T21:59:00,1.83
CUR003,2026-03-08T04:25:00,HW,,Puerto Montt,2026-03-08T03:58:00,5.5
CUR003,2026-03-08T10:28:00,LW,,Puerto Montt,2026-03-08T10:01:00,2.03
CUR003,2026-03-08T16:38:00,HW,,Puerto Montt,2026-03-08T16:11:00,5.55
CUR003,2026-03-08T22:53:00,LW,,Puerto Montt,2026-03-08T22:26:00,2.31
CUR003,2026-03-09T04:51:00,HW,,Puerto Montt,2026-03-09T04:24:00,4.99
CUR003,2026-03-09T10:49:00,LW,,Puerto Montt,2026-03-09T10:22:00,2.5
CUR003,2026-03-09T17:05:00,HW,,Puerto Montt,2026-03-09T16:38:00,5.17
CUR003,2026-03-09T23:25:00,LW,,Puerto Montt,2026-03-09T22:58:00,2.79
CUR003,2026-03-10T05:21:00,HW,,Puerto Montt,2026-03-10T04:54:00,4.5
CUR003,2026-03-10T11:14:00,LW,,Puerto Montt,2026-03-10T10:47:00,2.96
CUR003,2026-03-10T17:44:00,HW,,Puerto Montt,2026-03-10T17:17:00,4.78
CUR003,2026-03-11T00:20:00,LW,,Puerto Montt,2026-03-10T23:53:00,3.23
CUR003,2026-03-11T06:21:00,HW,,Puerto Montt,2026-03-11T05:54:00,4.04
CUR003,2026-03-11T12:00:00,LW,,Puerto Montt,2026-03-11T11:33:00,3.41
CUR003,2026-03-11T19:21:00,HW,,Puerto Montt,2026-03-11T18:54:00,4.44
CUR003,2026-03-12T03:41:00,LW,,Puerto Montt,2026-03-12T03:14:00,3.36
CUR003,2026-03-12T10:04:00,HW,,Puerto Montt,2026-03-12T09:37:00,3.99
CUR003,2026-03-12T15:33:00,LW,,Puerto Montt,2026-03-12T15:06:00,3.56
CUR003,2026-03-12T22:04:00,HW,,Puerto Montt,2026-03-12T21:37:00,4.58
CUR003,2026-03-13T05:11:00,LW,,Puerto Montt,2026-03-13T04:44:00,2.93
CUR003,2026-03-13T11:18:00,HW,,Puerto Montt,2026-03-13T10:51:00,4.42
CUR003,2026-03-13T17:02:00,LW,,Puerto Montt,2026-03-13T16:35:00,3.13
CUR003,2026-03-13T23:10:00,HW,,Puerto Montt,2026-03-13T22:43:00,5.03
CUR003,2026-03-14T05:49:00,LW,,Puerto Montt,2026-03-14T05:22:00,2.44
CUR003,2026-03-14T11:53:00,HW,,Puerto Montt,2026-03-14T11:26:00,4.88
CUR003,2026-03-14T17:44:00,LW,,Puerto Montt,2026-03-14T17:17:00,2.61
CUR003,2026-03-14T23:51:00,HW,,Puerto Montt,2026-03-14T23:24:00,5.51
CUR003,2026-03-15T06:19:00,LW,,Puerto Montt,2026-03-15T05:52:00,1.94
CUR003,2026-03-15T12:23:00,HW,,Puerto Montt,2026-03-15T11:56:00,5.34
CUR003,2026-03-15T18:19:00,LW,,Puerto Montt,2026-03-15T17:52:00,2.08
CUR003,2026-03-16T00:25:00,HW,,Puerto Montt,2026-03-15T23:58:00,5.98
CUR003,2026-03-16T06:49:00,LW,,Puerto Montt,2026-03-16T06:22:00,1.48
CUR003,2026-03-16T12:52:00,HW,,Puerto Montt,2026-03-16T12:25:00,5.77
CUR003,2026-03-16T18:52:00,LW,,Puerto Montt,2026-03-16T18:25:00,1.59
CUR003,2026-03-17T00:58:00,HW,,Puerto Montt,2026-03-17T00:31:00,6.38
CUR003,2026-03-17T07:19:00,LW,,Puerto Montt,2026-03-17T06:52:00,1.09
CUR003,2026-03-17T13:22:00,HW,,Puerto Montt,2026-03-17T12:55:00,6.15
CUR003,2026-03-17T19:26:00,LW,,Puerto Montt,2026-03-17T18:59:00,1.18
CUR003,2026-03-18T01:31:00,HW,,Puerto Montt,2026-03-18T01:04:00,6.67
CUR003,2026-03-18T07:49:00,LW,,Puerto Montt,2026-03-18T07:22:00,0.82
CUR003,2026-03-18T13:53:00,HW,,Puerto Montt,2026-03-18T13:26:00,6.45
CUR003,2026-03-18T20:00:00,LW,,Puerto Montt,2026-03-18T19:33:00,0.89
CUR003,2026-03-19T02:05:00,HW,,Puerto Montt,2026-03-19T01:38:00,6.81
CUR003,2026-03-19T08:21:00,LW,,Puerto Montt,2026-03-19T07:54:00,0.69
CUR003,2026-03-19T14:26:00,HW,,Puerto Montt,2026-03-19T13:59:00,6.66
CUR003,2026-03-19T20:36:00,LW,,Puerto Montt,2026-03-19T20:09:00,0.74
CUR003,2026-03-20T02:40:00,HW,,Puerto Montt,2026-03-20T02:13:00,6.78
CUR003,2026-03-20T08:53:00,LW,,Puerto Montt,2026-03-20T08:26:00,0.72
CUR003,2026-03-20T14:59:00,HW,,Puerto Montt,2026-03-20T14:32:00,6.74
CUR003,2026-03-20T21:13:00,LW,,Puerto Montt,2026-03-20T20:46:00,0.77
CUR003,2026-03-21T03:17:00,HW,,Puerto Montt,2026-03-21T02:50:00,6.59
CUR003,2026-03-21T09:27:00,LW,,Puerto Montt,2026-03-21T09:00:00,0.91
CUR003,2026-03-21T15:35:00,HW,,Puerto Montt,2026-03-21T15:08:00,6.69
CUR003,2026-03-21T21:52:00,LW,,Puerto Montt,2026-03-21T21:25:00,0.97
CUR003,2026-03-22T03:54:00,HW,,Puerto Montt,2026-03-22T03:27:00,6.26
CUR003,2026-03-22T10:02:00,LW,,Puerto Montt,2026-03-22T09:35:00,1.24
CUR003,2026-03-22T16:12:00,HW,,Puerto Montt,2026-03-22T15:45:00,6.5
CUR003,2026-03-22T22:33:00,LW,,Puerto Montt,2026-03-22T22:06:00,1.31
CUR003,2026-03-23T04:36:00,HW,,Puerto Montt,2026-03-23T04:09:00,5.82
CUR003,2026-03-23T10:40:00,LW,,Puerto Montt,2026-03-23T10:13:00,1.68
CUR003,2026-03-23T16:55:00,HW,,Puerto Montt,2026-03-23T16:28:00,6.18
CUR003,2026-03-23T23:21:00,LW,,Puerto Montt,2026-03-23T22:54:00,1.75
CUR003,2026-03-24T05:25:00,HW,,Puerto Montt,2026-03-24T04:58:00,5.32
CUR003,2026-03-24T11:26:00,LW,,Puerto Montt,2026-03-24T10:59:00,2.18
CUR003,2026-03-24T17:48:00,HW,,Puerto Montt,2026-03-24T17:21:00,5.77
CUR003,2026-03-25T00:24:00,LW,,Puerto Montt,2026-03-24T23:57:00,2.2
CUR003,2026-03-25T06:33:00,HW,,Puerto Montt,2026-03-25T06:06:00,4.84
CUR003,2026-03-25T12:32:00,LW,,Puerto Montt,2026-03-25T12:05:00,2.67
CUR003,2026-03-25T19:04:00,HW,,Puerto Montt,2026-03-25T18:37:00,5.39
CUR003,2026-03-26T01:58:00,LW,,Puerto Montt,2026-03-26T01:31:00,2.49
CUR003,2026-03-26T08:20:00,HW,,Puerto Montt,2026-03-26T07:53:00,4.6
CUR003,2026-03-26T14:18:00,LW,,Puerto Montt,2026-03-26T13:51:00,2.91
CUR003,2026-03-26T20:49:00,HW,,Puerto Montt,2026-03-26T20:22:00,5.29
CUR003,2026-03-27T03:46:00,LW,,Puerto Montt,2026-03-27T03:19:00,2.34
CUR003,2026-03-27T10:08:00,HW,,Puerto Montt,2026-03-27T09:41:00,4.85
CUR003,2026-03-27T16:05:00,LW,,Puerto Montt,2026-03-27T15:38:00,2.65
CUR003,2026-03-27T22:21:00,HW,,Puerto Montt,2026-03-27T21:54:00,5.58
CUR003,2026-03-28T05:02:00,LW,,Puerto Montt,2026-03-28T04:35:00,1.88
CUR003,2026-03-28T11:16:00,HW,,Puerto Montt,2026-03-28T10:49:00,5.34
CUR003,2026-03-28T17:15:00,LW,,Puerto Montt,2026-03-28T16:48:00,2.11
CUR003,2026-03-28T23:25:00,HW,,Puerto Montt,2026-03-28T22:58:00,6.04
CUR003,2026-03-29T05:55:00,LW,,Puerto Montt,2026-03-29T05:28:00,1.38
CUR003,2026-03-29T12:04:00,HW,,Puerto Montt,2026-03-29T11:37:00,5.85
CUR003,2026-03-29T18:06:00,LW,,Puerto Montt,2026-03-29T17:39:00,1.56
CUR003,2026-03-30T00:14:00,HW,,Puerto Montt,2026-03-29T23:47:00,6.46
CUR003,2026-03-30T06:36:00,LW,,Puerto Montt,2026-03-30T06:09:00,0.97
CUR003,2026-03-30T12:43:00,HW,,Puerto Montt,2026-03-30T12:16:00,6.26
CUR003,2026-03-30T18:48:00,LW,,Puerto Montt,2026-03-30T18:21:00,1.11
CUR003,2026-03-31T00:54:00,HW,,Puerto Montt,2026-03-31T00:27:00,6.74
CUR003,2026-03-31T07:13:00,LW,,Puerto Montt,2026-03-31T06:46:00,0.73
CUR003,2026-03-31T13:18:00,HW,,Puerto Montt,2026-03-31T12:51:00,6.54
CUR003,2026-03-31T19:26:00,LW,,Puerto Montt,2026-03-31T18:59:00,0.84
CUR003,2026-04-01T01:30:00,HW,,Puerto Montt,2026-04-01T01:03:00,6.82
CUR003,2026-04-01T07:45:00,LW,,Puerto Montt,2026-04-01T07:18:00,0.68
CUR003,2026-04-01T13:50:00,HW,,Puerto Montt,2026-04-01T13:23:00,6.66
CUR003,2026-04-01T20:00:00,LW,,Puerto Montt,2026-04-01T19:33:00,0.77
CUR003,2026-04-02T02:03:00,HW,,Puerto Montt,2026-04-02T01:36:00,6.72
CUR003,2026-04-02T08:14:00,LW,,Puerto Montt,2026-04-02T07:47:00,0.8
CUR003,2026-04-02T14:19:00,HW,,Puerto Montt,2026-04-02T13:52:00,6.64
CUR003,2026-04-02T20:32:00,LW,,Puerto Montt,2026-04-02T20:05:00,0.89
CUR003,2026-04-03T02:33:00,HW,,Puerto Montt,2026-04-03T02:06:00,6.46
CUR003,2026-04-03T08:40:00,LW,,Puerto Montt,2026-04-03T08:13:00,1.07
CUR003,2026-04-03T14:46:00,HW,,Puerto Montt,2026-04-03T14:19:00,6.49
CUR003,2026-04-03T21:01:00,LW,,Puerto Montt,2026-04-03T20:34:00,1.16
CUR003,2026-04-04T03:01:00,HW,,Puerto Montt,2026-04-04T02:34:00,6.1
CUR003,2026-04-04T09:04:00,LW,,Puerto Montt,2026-04-04T08:37:00,1.42
CUR003,2026-04-04T15:11:00,HW,,Puerto Montt,2026-04-04T14:44:00,6.25
CUR003,2026-04-04T21:28:00,LW,,Puerto Montt,2026-04-04T21:01:00,1.51
CUR003,2026-04-05T03:27:00,HW,,Puerto Montt,2026-04-05T03:00:00,5.7
CUR003,2026-04-05T09:25:00,LW,,Puerto Montt,2026-04-05T08:58:00,1.81
CUR003,2026-04-05T15:34:00,HW,,Puerto Montt,2026-04-05T15:07:00,5.96
CUR003,2026-04-05T21:53:00,LW,,Puerto Montt,2026-04-05T21:26:00,1.91
CUR003,2026-04-06T03:51:00,HW,,Puerto Montt,2026-04-06T03:24:00,5.29
CUR003,2026-04-06T09:45:00,LW,,Puerto Montt,2026-04-06T09:18:00,2.21
CUR003,2026-04-06T15:57:00,HW,,Puerto Montt,2026-04-06T15:30:00,5.63
CUR003,2026-04-06T22:19:00,LW,,Puerto Montt,2026-04-06T21:52:00,2.31
CUR003,2026-04-07T04:17:00,HW,,Puerto Montt,2026-04-07T03:50:00,4.87
CUR003,2026-04-07T10:07:00,LW,,Puerto Montt,2026-04-07T09:40:00,2.6
CUR003,2026-04-07T16:24:00,HW,,Puerto Montt,2026-04-07T15:57:00,5.27
CUR003,2026-04-07T22:51:00,LW,,Puerto Montt,2026-04-07T22:24:00,2.71
CUR003,2026-04-08T04:49:00,HW,,Puerto Montt,2026-04-08T04:22:00,4.47
CUR003,2026-04-08T10:35:00,LW,,Puerto Montt,2026-04-08T10:08:00,2.99
CUR003,2026-04-08T17:00:00,HW,,Puerto Montt,2026-04-08T16:33:00,4.9
CUR003,2026-04-08T23:42:00,LW,,Puerto Montt,2026-04-08T23:15:00,3.09
CUR003,2026-04-09T05:48:00,HW,,Puerto Montt,2026-04-09T05:21:00,4.09
CUR003,2026-04-09T11:23:00,LW,,Puerto Montt,2026-04-09T10:56:00,3.37
CUR003,2026-04-09T18:16:00,HW,,Puerto Montt,2026-04-09T17:49:00,4.54
CUR003,2026-04-10T02:06:00,LW,,Puerto Montt,2026-04-10T01:39:00,3.28
CUR003,2026-04-10T08:56:00,HW,,Puerto Montt,2026-04-10T08:29:00,4.0
CUR003,2026-04-10T14:12:00,LW,,Puerto Montt,2026-04-10T13:45:00,3.57
CUR003,2026-04-10T20:54:00,HW,,Puerto Montt,2026-04-10T20:27:00,4.51
CUR003,2026-04-11T04:10:00,LW,,Puerto Montt,2026-04-11T03:43:00,2.95
CUR003,2026-04-11T10:26:00,HW,,Puerto Montt,2026-04-11T09:59:00,4.39
CUR003,2026-04-11T16:12:00,LW,,Puerto Montt,2026-04-11T15:45:00,3.17
CUR003,2026-04-11T22:18:00,HW,,Puerto Montt,2026-04-11T21:51:00,4.89
CUR003,2026-04-12T04:58:00,LW,,Puerto Montt,2026-04-12T04:31:00,2.47
CUR003,2026-04-12T11:07:00,HW,,Puerto Montt,2026-04-12T10:40:00,4.87
CUR003,2026-04-12T17:03:00,LW,,Puerto Montt,2026-04-12T16:36:00,2.63
CUR003,2026-04-12T23:07:00,HW,,Puerto Montt,2026-04-12T22:40:00,5.37
CUR003,2026-04-13T05:34:00,LW,,Puerto Montt,2026-04-13T05:07:00,1.97
CUR003,2026-04-13T11:41:00,HW,,Puerto Montt,2026-04-13T11:14:00,5.38
CUR003,2026-04-13T17:42:00,LW,,Puerto Montt,2026-04-13T17:15:00,2.06
CUR003,2026-04-13T23:46:00,HW,,Puerto Montt,2026-04-13T23:19:00,5.84
CUR003,2026-04-14T06:07:00,LW,,Puerto Montt,2026-04-14T05:40:00,1.49
CUR003,2026-04-14T12:13:00,HW,,Puerto Montt,2026-04-14T11:46:00,5.88
CUR003,2026-04-14T18:19:00,LW,,Puerto Montt,2026-04-14T17:52:00,1.52
CUR003,2026-04-15T00:23:00,HW,,Puerto Montt,2026-04-14T23:56:00,6.25
CUR003,2026-04-15T06:40:00,LW,,Puerto Montt,2026-04-15T06:13:00,1.09
CUR003,2026-04-15T12:46:00,HW,,Puerto Montt,2026-04-15T12:19:00,6.35
CUR003,2026-04-15T18:57:00,LW,,Puerto Montt,2026-04-15T18:30:00,1.07
CUR003,2026-04-16T01:01:00,HW,,Puerto Montt,2026-04-16T00:34:00,6.55
CUR003,2026-04-16T07:14:00,LW,,Puerto Montt,2026-04-16T06:47:00,0.82
CUR003,2026-04-16T13:21:00,HW,,Puerto Montt,2026-04-16T12:54:00,6.72
CUR003,2026-04-16T19:35:00,LW,,Puerto Montt,2026-04-16T19:08:00,0.74
CUR003,2026-04-17T01:39:00,HW,,Puerto Montt,2026-04-17T01:12:00,6.69
CUR003,2026-04-17T07:49:00,LW,,Puerto Montt,2026-04-17T07:22:00,0.71
CUR003,2026-04-17T13:57:00,HW,,Puerto Montt,2026-04-17T13:30:00,6.97
CUR003,2026-04-17T20:15:00,LW,,Puerto Montt,2026-04-17T19:48:00,0.59
CUR003,2026-04-18T02:18:00,HW,,Puerto Montt,2026-04-18T01:51:00,6.66
CUR003,2026-04-18T08:25:00,LW,,Puerto Montt,2026-04-18T07:58:00,0.77
CUR003,2026-04-18T14:35:00,HW,,Puerto Montt,2026-04-18T14:08:00,7.06
CUR003,2026-04-18T20:55:00,LW,,Puerto Montt,2026-04-18T20:28:00,0.63
CUR003,2026-04-19T02:59:00,HW,,Puerto Montt,2026-04-19T02:32:00,6.47
CUR003,2026-04-19T09:03:00,LW,,Puerto Montt,2026-04-19T08:36:00,0.99
CUR003,2026-04-19T15:14:00,HW,,Puerto Montt,2026-04-19T14:47:00,6.97
CUR003,2026-04-19T21:39:00,LW,,Puerto Montt,2026-04-19T21:12:00,0.85
CUR003,2026-04-20T03:43:00,HW,,Puerto Montt,2026-04-20T03:16:00,6.14
CUR003,2026-04-20T09:44:00,LW,,Puerto Montt,2026-04-20T09:17:00,1.35
CUR003,2026-04-20T15:57:00,HW,,Puerto Montt,2026-04-20T15:30:00,6.71
CUR003,2026-04-20T22:26:00,LW,,Puerto Montt,2026-04-20T21:59:00,1.2
CUR003,2026-04-21T04:31:00,HW,,Puerto Montt,2026-04-21T04:04:00,5.72
CUR003,2026-04-21T10:29:00,LW,,Puerto Montt,2026-04-21T10:02:00,1.79
CUR003,2026-04-21T16:46:00,HW,,Puerto Montt,2026-04-21T16:19:00,6.33
CUR003,2026-04-21T23:21:00,LW,,Puerto Montt,2026-04-21T22:54:00,1.62
CUR003,2026-04-22T05:28:00,HW,,Puerto Montt,2026-04-22T05:01:00,5.29
CUR003,2026-04-22T11:25:00,LW,,Puerto Montt,2026-04-22T10:58:00,2.24
CUR003,2026-04-22T17:46:00,HW,,Puerto Montt,2026-04-22T17:19:00,5.9
CUR003,2026-04-23T00:29:00,LW,,Puerto Montt,2026-04-23T00:02:00,2.0
CUR003,2026-04-23T06:44:00,HW,,Puerto Montt,2026-04-23T06:17:00,4.95
CUR003,2026-04-23T12:40:00,LW,,Puerto Montt,2026-04-23T12:13:00,2.6
CUR003,2026-04-23T19:04:00,HW,,Puerto Montt,2026-04-23T18:37:00,5.55
CUR003,2026-04-24T01:54:00,LW,,Puerto Montt,2026-04-24T01:27:00,2.17
CUR003,2026-04-24T08:17:00,HW,,Puerto Montt,2026-04-24T07:50:00,4.88
CUR003,2026-04-24T14:15:00,LW,,Puerto Montt,2026-04-24T13:48:00,2.68
CUR003,2026-04-24T20:35:00,HW,,Puerto Montt,2026-04-24T20:08:00,5.46
CUR003,2026-04-25T03:20:00,LW,,Puerto Montt,2026-04-25T02:53:00,2.06
CUR003,2026-04-25T09:41:00,HW,,Puerto Montt,2026-04-25T09:14:00,5.12
CUR003,2026-04-25T15:42:00,LW,,Puerto Montt,2026-04-25T15:15:00,2.42
CUR003,2026-04-25T21:54:00,HW,,Puerto Montt,2026-04-25T21:27:00,5.63
CUR003,2026-04-26T04:27:00,LW,,Puerto Montt,2026-04-26T04:00:00,1.76
CUR003,2026-04-26T10:43:00,HW,,Puerto Montt,2026-04-26T10:16:00,5.5
CUR003,2026-04-26T16:47:00,LW,,Puerto Montt,2026-04-26T16:20:00,2.0
CUR003,2026-04-26T22:55:00,HW,,Puerto Montt,2026-04-26T22:28:00,5.9
CUR003,2026-04-27T05:19:00,LW,,Puerto Montt,2026-04-27T04:52:00,1.45
CUR003,2026-04-27T11:30:00,HW,,Puerto Montt,2026-04-27T11:03:00,5.89
CUR003,2026-04-27T17:39:00,LW,,Puerto Montt,2026-04-27T17:12:00,1.59
CUR003,2026-04-27T23:44:00,HW,,Puerto Montt,2026-04-27T23:17:00,6.14
CUR003,2026-04-28T06:02:00,LW,,Puerto Montt,2026-04-28T05:35:00,1.21
CUR003,2026-04-28T12:11:00,HW,,Puerto Montt,2026-04-28T11:44:00,6.2
CUR003,2026-04-28T18:22:00,LW,,Puerto Montt,2026-04-28T17:55:00,1.28
CUR003,2026-04-29T00:26:00,HW,,Puerto Montt,2026-04-28T23:59:00,6.27
CUR003,2026-04-29T06:38:00,LW,,Puerto Montt,2026-04-29T06:11:00,1.11
CUR003,2026-04-29T12:47:00,HW,,Puerto Montt,2026-04-29T12:20:00,6.42
CUR003,2026-04-29T19:01:00,LW,,Puerto Montt,2026-04-29T18:34:00,1.11
CUR003,2026-04-30T01:03:00,HW,,Puerto Montt,2026-04-30T00:36:00,6.27
CUR003,2026-04-30T07:11:00,LW,,Puerto Montt,2026-04-30T06:44:00,1.13
CUR003,2026-04-30T13:19:00,HW,,Puerto Montt,2026-04-30T12:52:00,6.51
CUR003,2026-04-30T19:36:00,LW,,Puerto Montt,2026-04-30T19:09:00,1.09
CUR003,2026-05-01T01:37:00,HW,,Puerto Montt,2026-05-01T01:10:00,6.15
CUR003,2026-05-01T07:41:00,LW,,Puerto Montt,2026-05-01T07:14:00,1.28
CUR003,2026-05-01T13:49:00,HW,,Puerto Montt,2026-05-01T13:22:00,6.48
CUR003,2026-05-01T20:08:00,LW,,Puerto Montt,2026-05-01T19:41:00,1.21
CUR003,2026-05-02T02:08:00,HW,,Puerto Montt,2026-05-02T01:41:00,5.95
CUR003,2026-05-02T08:08:00,LW,,Puerto Montt,2026-05-02T07:41:00,1.5
CUR003,2026-05-02T14:17:00,HW,,Puerto Montt,2026-05-02T13:50:00,6.37
CUR003,2026-05-02T20:38:00,LW,,Puerto Montt,2026-05-02T20:11:00,1.43
CUR003,2026-05-03T02:37:00,HW,,Puerto Montt,2026-05-03T02:10:00,5.69
CUR003,2026-05-03T08:32:00,LW,,Puerto Montt,2026-05-03T08:05:00,1.78
CUR003,2026-05-03T14:43:00,HW,,Puerto Montt,2026-05-03T14:16:00,6.18
CUR003,2026-05-03T21:06:00,LW,,Puerto Montt,2026-05-03T20:39:00,1.69
CUR003,2026-05-04T03:05:00,HW,,Puerto Montt,2026-05-04T02:38:00,5.41
CUR003,2026-05-04T08:56:00,LW,,Puerto Montt,2026-05-04T08:29:00,2.06
CUR003,2026-05-04T15:08:00,HW,,Puerto Montt,2026-05-04T14:41:00,5.95
CUR003,2026-05-04T21:34:00,LW,,Puerto Montt,2026-05-04T21:07:00,1.98
CUR003,2026-05-05T03:33:00,HW,,Puerto Montt,2026-05-05T03:06:00,5.12
CUR003,2026-05-05T09:21:00,LW,,Puerto Montt,2026-05-05T08:54:00,2.35
CUR003,2026-05-05T15:35:00,HW,,Puerto Montt,2026-05-05T15:08:00,5.68
CUR003,2026-05-05T22:03:00,LW,,Puerto Montt,2026-05-05T21:36:00,2.28
CUR003,2026-05-06T04:04:00,HW,,Puerto Montt,2026-05-06T03:37:00,4.82
CUR003,2026-05-06T09:49:00,LW,,Puerto Montt,2026-05-06T09:22:00,2.64
CUR003,2026-05-06T16:06:00,HW,,Puerto Montt,2026-05-06T15:39:00,5.38
CUR003,2026-05-06T22:40:00,LW,,Puerto Montt,2026-05-06T22:13:00,2.56
CUR003,2026-05-07T04:42:00,HW,,Puerto Montt,2026-05-07T04:15:00,4.53
CUR003,2026-05-07T10:25:00,LW,,Puerto Montt,2026-05-07T09:58:00,2.92
CUR003,2026-05-07T16:47:00,HW,,Puerto Montt,2026-05-07T16:20:00,5.07
CUR003,2026-05-07T23:31:00,LW,,Puerto Montt,2026-05-07T23:04:00,2.81
CUR003,2026-05-08T05:42:00,HW,,Puerto Montt,2026-05-08T05:15:00,4.28
CUR003,2026-05-08T11:22:00,LW,,Puerto Montt,2026-05-08T10:55:00,3.19
CUR003,2026-05-08T17:51:00,HW,,Puerto Montt,2026-05-08T17:24:00,4.79
CUR003,2026-05-09T00:55:00,LW,,Puerto Montt,2026-05-09T00:28:00,2.94
CUR003,2026-05-09T07:27:00,HW,,Puerto Montt,2026-05-09T07:00:00,4.2
CUR003,2026-05-09T13:03:00,LW,,Puerto Montt,2026-05-09T12:36:00,3.31
CUR003,2026-05-09T19:31:00,HW,,Puerto Montt,2026-05-09T19:04:00,4.67
CUR003,2026-05-10T02:36:00,LW,,Puerto Montt,2026-05-10T02:09:00,2.82
CUR003,2026-05-10T09:05:00,HW,,Puerto Montt,2026-05-10T08:38:00,4.44
CUR003,2026-05-10T14:54:00,LW,,Puerto Montt,2026-05-10T14:27:00,3.11
CUR003,2026-05-10T21:05:00,HW,,Puerto Montt,2026-05-10T20:38:00,4.84
CUR003,2026-05-11T03:46:00,LW,,Puerto Montt,2026-05-11T03:19:00,2.49
CUR003,2026-05-11T10:04:00,HW,,Puerto Montt,2026-05-11T09:37:00,4.86
CUR003,2026-05-11T16:05:00,LW,,Puerto Montt,2026-05-11T15:38:00,2.67
CUR003,2026-05-11T22:09:00,HW,,Puerto Montt,2026-05-11T21:42:00,5.19
CUR003,2026-05-12T04:36:00,LW,,Puerto Montt,2026-05-12T04:09:00,2.07
CUR003,2026-05-12T10:49:00,HW,,Puerto Montt,2026-05-12T10:22:00,5.37
CUR003,2026-05-12T16:58:00,LW,,Puerto Montt,2026-05-12T16:31:00,2.15
CUR003,2026-05-12T23:00:00,HW,,Puerto Montt,2026-05-12T22:33:00,5.58
CUR003,2026-05-13T05:18:00,LW,,Puerto Montt,2026-05-13T04:51:00,1.66
CUR003,2026-05-13T11:30:00,HW,,Puerto Montt,2026-05-13T11:03:00,5.89
CUR003,2026-05-13T17:44:00,LW,,Puerto Montt,2026-05-13T17:17:00,1.63
CUR003,2026-05-13T23:46:00,HW,,Puerto Montt,2026-05-13T23:19:00,5.94
CUR003,2026-05-14T05:59:00,LW,,Puerto Montt,2026-05-14T05:32:00,1.32
CUR003,2026-05-14T12:10:00,HW,,Puerto Montt,2026-05-14T11:43:00,6.38
CUR003,2026-05-14T18:28:00,LW,,Puerto Montt,2026-05-14T18:01:00,1.18
CUR003,2026-05-15T00:31:00,HW,,Puerto Montt,2026-05-15T00:04:00,6.21
CUR003,2026-05-15T06:40:00,LW,,Puerto Montt,2026-05-15T06:13:00,1.08
CUR003,2026-05-15T12:50:00,HW,,Puerto Montt,2026-05-15T12:23:00,6.78
CUR003,2026-05-15T19:12:00,LW,,Puerto Montt,2026-05-15T18:45:00,0.84
CUR003,2026-05-16T01:16:00,HW,,Puerto Montt,2026-05-16T00:49:00,6.36
CUR003,2026-05-16T07:21:00,LW,,Puerto Montt,2026-05-16T06:54:00,0.98
CUR003,2026-05-16T13:33:00,HW,,Puerto Montt,2026-05-16T13:06:00,7.05
CUR003,2026-05-16T19:57:00,LW,,Puerto Montt,2026-05-16T19:30:00,0.67
CUR003,2026-05-17T02:02:00,HW,,Puerto Montt,2026-05-17T01:35:00,6.38
CUR003,2026-05-17T08:04:00,LW,,Puerto Montt,2026-05-17T07:37:00,1.01
CUR003,2026-05-17T14:16:00,HW,,Puerto Montt,2026-05-17T13:49:00,7.15
CUR003,2026-05-17T20:44:00,LW,,Puerto Montt,2026-05-17T20:17:00,0.66
CUR003,2026-05-18T02:49:00,HW,,Puerto Montt,2026-05-18T02:22:00,6.26
CUR003,2026-05-18T08:48:00,LW,,Puerto Montt,2026-05-18T08:21:00,1.17
CUR003,2026-05-18T15:02:00,HW,,Puerto Montt,2026-05-18T14:35:00,7.07
CUR003,2026-05-18T21:33:00,LW,,Puerto Montt,2026-05-18T21:06:00,0.8
CUR003,2026-05-19T03:39:00,HW,,Puerto Montt,2026-05-19T03:12:00,6.05
CUR003,2026-05-19T09:36:00,LW,,Puerto Montt,2026-05-19T09:09:00,1.43
CUR003,2026-05-19T15:51:00,HW,,Puerto Montt,2026-05-19T15:24:00,6.85
CUR003,2026-05-19T22:24:00,LW,,Puerto Montt,2026-05-19T21:57:00,1.05
CUR003,2026-05-20T04:31:00,HW,,Puerto Montt,2026-05-20T04:04:00,5.77
CUR003,2026-05-20T10:28:00,LW,,Puerto Montt,2026-05-20T10:01:00,1.73
CUR003,2026-05-20T16:44:00,HW,,Puerto Montt,2026-05-20T16:17:00,6.52
CUR003,2026-05-20T23:20:00,LW,,Puerto Montt,2026-05-20T22:53:00,1.35
CUR003,2026-05-21T05:30:00,HW,,Puerto Montt,2026-05-21T05:03:00,5.5
CUR003,2026-05-21T11:27:00,LW,,Puerto Montt,2026-05-21T11:00:00,2.02
CUR003,2026-05-21T17:43:00,HW,,Puerto Montt,2026-05-21T17:16:00,6.15
CUR003,2026-05-22T00:22:00,LW,,Puerto Montt,2026-05-21T23:55:00,1.62
CUR003,2026-05-22T06:35:00,HW,,Puerto Montt,2026-05-22T06:08:00,5.29
CUR003,2026-05-22T12:34:00,LW,,Puerto Montt,2026-05-22T12:07:00,2.25
CUR003,2026-05-22T18:49:00,HW,,Puerto Montt,2026-05-22T18:22:00,5.82
CUR003,2026-05-23T01:28:00,LW,,Puerto Montt,2026-05-23T01:01:00,1.8
CUR003,2026-05-23T07:46:00,HW,,Puerto Montt,2026-05-23T07:19:00,5.22
CUR003,2026-05-23T13:47:00,LW,,Puerto Montt,2026-05-23T13:20:00,2.35
CUR003,2026-05-23T20:00:00,HW,,Puerto Montt,2026-05-23T19:33:00,5.6
CUR003,2026-05-24T02:36:00,LW,,Puerto Montt,2026-05-24T02:09:00,1.87
CUR003,2026-05-24T08:56:00,HW,,Puerto Montt,2026-05-24T08:29:00,5.3
CUR003,2026-05-24T15:02:00,LW,,Puerto Montt,2026-05-24T14:35:00,2.29
CUR003,2026-05-24T21:11:00,HW,,Puerto Montt,2026-05-24T20:44:00,5.52
CUR003,2026-05-25T03:39:00,LW,,Puerto Montt,2026-05-25T03:12:00,1.84
CUR003,2026-05-25T09:58:00,HW,,Puerto Montt,2026-05-25T09:31:00,5.48
CUR003,2026-05-25T16:09:00,LW,,Puerto Montt,2026-05-25T15:42:00,2.11
CUR003,2026-05-25T22:15:00,HW,,Puerto Montt,2026-05-25T21:48:00,5.54
CUR003,2026-05-26T04:35:00,LW,,Puerto Montt,2026-05-26T04:08:00,1.77
CUR003,2026-05-26T10:51:00,HW,,Puerto Montt,2026-05-26T10:24:00,5.71
CUR003,2026-05-26T17:07:00,LW,,Puerto Montt,2026-05-26T16:40:00,1.89
CUR003,2026-05-26T23:10:00,HW,,Puerto Montt,2026-05-26T22:43:00,5.59
CUR003,2026-05-27T05:23:00,LW,,Puerto Montt,2026-05-27T04:56:00,1.7
CUR003,2026-05-27T11:37:00,HW,,Puerto Montt,2026-05-27T11:10:00,5.93
CUR003,2026-05-27T17:57:00,LW,,Puerto Montt,2026-05-27T17:30:00,1.69
CUR003,2026-05-27T23:58:00,HW,,Puerto Montt,2026-05-27T23:31:00,5.63
CUR003,2026-05-28T06:05:00,LW,,Puerto Montt,2026-05-28T05:38:00,1.68
CUR003,2026-05-28T12:17:00,HW,,Puerto Montt,2026-05-28T11:50:00,6.11
CUR003,2026-05-28T18:40:00,LW,,Puerto Montt,2026-05-28T18:13:00,1.57
CUR003,2026-05-29T00:41:00,HW,,Puerto Montt,2026-05-29T00:14:00,5.63
CUR003,2026-05-29T06:41:00,LW,,Puerto Montt,2026-05-29T06:14:00,1.72
CUR003,2026-05-29T12:54:00,HW,,Puerto Montt,2026-05-29T12:27:00,6.21
CUR003,2026-05-29T19:19:00,LW,,Puerto Montt,2026-05-29T18:52:00,1.52
CUR003,2026-05-30T01:19:00,HW,,Puerto Montt,2026-05-30T00:52:00,5.6
CUR003,2026-05-30T07:15:00,LW,,Puerto Montt,2026-05-30T06:48:00,1.8
CUR003,2026-05-30T13:27:00,HW,,Puerto Montt,2026-05-30T13:00:00,6.24
CUR003,2026-05-30T19:54:00,LW,,Puerto Montt,2026-05-30T19:27:00,1.56
CUR003,2026-05-31T01:54:00,HW,,Puerto Montt,2026-05-31T01:27:00,5.52
CUR003,2026-05-31T07:45:00,LW,,Puerto Montt,2026-05-31T07:18:00,1.91
CUR003,2026-05-31T13:58:00,HW,,Puerto Montt,2026-05-31T13:31:00,6.2
CUR003,2026-05-31T20:26:00,LW,,Puerto Montt,2026-05-31T19:59:00,1.65
CUR003,2026-06-01T02:26:00,HW,,Puerto Montt,2026-06-01T01:59:00,5.41
CUR003,2026-06-01T08:14:00,LW,,Puerto Montt,2026-06-01T07:47:00,2.04
CUR003,2026-06-01T14:27:00,HW,,Puerto Montt,2026-06-01T14:00:00,6.1
CUR003,2026-06-01T20:56:00,LW,,Puerto Montt,2026-06-01T20:29:00,1.78
CUR003,2026-06-02T02:57:00,HW,,Puerto Montt,2026-06-02T02:30:00,5.27
CUR003,2026-06-02T08:43:00,LW,,Puerto Montt,2026-06-02T08:16:00,2.19
CUR003,2026-06-02T14:57:00,HW,,Puerto Montt,2026-06-02T14:30:00,5.96
CUR003,2026-06-02T21:26:00,LW,,Puerto Montt,2026-06-02T20:59:00,1.93
CUR003,2026-06-03T03:27:00,HW,,Puerto Montt,2026-06-03T03:00:00,5.12
CUR003,2026-06-03T09:14:00,LW,,Puerto Montt,2026-06-03T08:47:00,2.34
CUR003,2026-06-03T15:27:00,HW,,Puerto Montt,2026-06-03T15:00:00,5.79
CUR003,2026-06-03T21:59:00,LW,,Puerto Montt,2026-06-03T21:32:00,2.09
CUR003,2026-06-04T04:00:00,HW,,Puerto Montt,2026-06-04T03:33:00,4.95
CUR003,2026-06-04T09:47:00,LW,,Puerto Montt,2026-06-04T09:20:00,2.5
CUR003,2026-06-04T16:01:00,HW,,Puerto Montt,2026-06-04T15:34:00,5.58
CUR003,2026-06-04T22:35:00,LW,,Puerto Montt,2026-06-04T22:08:00,2.25
CUR003,2026-06-05T04:39:00,HW,,Puerto Montt,2026-06-05T04:12:00,4.78
CUR003,2026-06-05T10:27:00,LW,,Puerto Montt,2026-06-05T10:00:00,2.65
CUR003,2026-06-05T16:40:00,HW,,Puerto Montt,2026-06-05T16:13:00,5.36
CUR003,2026-06-05T23:18:00,LW,,Puerto Montt,2026-06-05T22:51:00,2.39
CUR003,2026-06-06T05:26:00,HW,,Puerto Montt,2026-06-06T04:59:00,4.64
CUR003,2026-06-06T11:17:00,LW,,Puerto Montt,2026-06-06T10:50:00,2.8
CUR003,2026-06-06T17:30:00,HW,,Puerto Montt,2026-06-06T17:03:00,5.15
CUR003,2026-06-07T00:12:00,LW,,Puerto Montt,2026-06-06T23:45:00,2.49
CUR003,2026-06-07T06:29:00,HW,,Puerto Montt,2026-06-07T06:02:00,4.59
CUR003,2026-06-07T12:21:00,LW,,Puerto Montt,2026-06-07T11:54:00,2.9
CUR003,2026-06-07T18:34:00,HW,,Puerto Montt,2026-06-07T18:07:00,4.98
CUR003,2026-06-08T01:16:00,LW,,Puerto Montt,2026-06-08T00:49:00,2.51
CUR003,2026-06-08T07:42:00,HW,,Puerto Montt,2026-06-08T07:15:00,4.68
CUR003,2026-06-08T13:39:00,LW,,Puerto Montt,2026-06-08T13:12:00,2.87
CUR003,2026-06-08T19:50:00,HW,,Puerto Montt,2026-06-08T19:23:00,4.93
CUR003,2026-06-09T02:25:00,LW,,Puerto Montt,2026-06-09T01:58:00,2.42
CUR003,2026-06-09T08:52:00,HW,,Puerto Montt,2026-06-09T08:25:00,4.95
CUR003,2026-06-09T14:59:00,LW,,Puerto Montt,2026-06-09T14:32:00,2.66
CUR003,2026-06-09T21:05:00,HW,,Puerto Montt,2026-06-09T20:38:00,5.04
CUR003,2026-06-10T03:30:00,LW,,Puerto Montt,2026-06-10T03:03:00,2.23
CUR003,2026-06-10T09:52:00,HW,,Puerto Montt,2026-06-10T09:25:00,5.34
CUR003,2026-06-10T16:09:00,LW,,Puerto Montt,2026-06-10T15:42:00,2.31
CUR003,2026-06-10T22:12:00,HW,,Puerto Montt,2026-06-10T21:45:00,5.25
CUR003,2026-06-11T04:28:00,LW,,Puerto Montt,2026-06-11T04:01:00,1.98
CUR003,2026-06-11T10:46:00,HW,,Puerto Montt,2026-06-11T10:19:00,5.79
CUR003,2026-06-11T17:10:00,LW,,Puerto Montt,2026-06-11T16:43:00,1.89
CUR003,2026-06-11T23:12:00,HW,,Puerto Montt,2026-06-11T22:45:00,5.51
CUR003,2026-06-12T05:21:00,LW,,Puerto Montt,2026-06-12T04:54:00,1.73
CUR003,2026-06-12T11:37:00,HW,,Puerto Montt,2026-06-12T11:10:00,6.24
CUR003,2026-06-12T18:05:00,LW,,Puerto Montt,2026-06-12T17:38:00,1.46
CUR003,2026-06-13T00:08:00,HW,,Puerto Montt,2026-06-12T23:41:00,5.77
CUR003,2026-06-13T06:12:00,LW,,Puerto Montt,2026-06-13T05:45:00,1.51
CUR003,2026-06-13T12:27:00,HW,,Puerto Montt,2026-06-13T12:00:00,6.64
CUR003,2026-06-13T18:57:00,LW,,Puerto Montt,2026-06-13T18:30:00,1.09
CUR003,2026-06-14T01:02:00,HW,,Puerto Montt,2026-06-14T00:35:00,5.98
CUR003,2026-06-14T07:03:00,LW,,Puerto Montt,2026-06-14T06:36:00,1.35
CUR003,2026-06-14T13:17:00,HW,,Puerto Montt,2026-06-14T12:50:00,6.94
CUR003,2026-06-14T19:49:00,LW,,Puerto Montt,2026-06-14T19:22:00,0.83
CUR003,2026-06-15T01:55:00,HW,,Puerto Montt,2026-06-15T01:28:00,6.12
CUR003,2026-06-15T07:53:00,LW,,Puerto Montt,2026-06-15T07:26:00,1.25
CUR003,2026-06-15T14:07:00,HW,,Puerto Montt,2026-06-15T13:40:00,7.12
CUR003,2026-06-15T20:39:00,LW,,Puerto Montt,2026-06-15T20:12:00,0.69
CUR003,2026-06-16T02:46:00,HW,,Puerto Montt,2026-06-16T02:19:00,6.17
CUR003,2026-06-16T08:43:00,LW,,Puerto Montt,2026-06-16T08:16:00,1.23
CUR003,2026-06-16T14:57:00,HW,,Puerto Montt,2026-06-16T14:30:00,7.15
CUR003,2026-06-16T21:29:00,LW,,Puerto Montt,2026-06-16T21:02:00,0.67
CUR003,2026-06-17T03:36:00,HW,,Puerto Montt,2026-06-17T03:09:00,6.14
CUR003,2026-06-17T09:33:00,LW,,Puerto Montt,2026-06-17T09:06:00,1.28
CUR003,2026-06-17T15:46:00,HW,,Puerto Montt,2026-06-17T15:19:00,7.03
CUR003,2026-06-17T22:19:00,LW,,Puerto Montt,2026-06-17T21:52:00,0.78
CUR003,2026-06-18T04:25:00,HW,,Puerto Montt,2026-06-18T03:58:00,6.03
CUR003,2026-06-18T10:24:00,LW,,Puerto Montt,2026-06-18T09:57:00,1.41
CUR003,2026-06-18T16:36:00,HW,,Puerto Montt,2026-06-18T16:09:00,6.79
CUR003,2026-06-18T23:07:00,LW,,Puerto Montt,2026-06-18T22:40:00,0.98
CUR003,2026-06-19T05:15:00,HW,,Puerto Montt,2026-06-19T04:48:00,5.87
CUR003,2026-06-19T11:15:00,LW,,Puerto Montt,2026-06-19T10:48:00,1.6
CUR003,2026-06-19T17:26:00,HW,,Puerto Montt,2026-06-19T16:59:00,6.44
CUR003,2026-06-19T23:56:00,LW,,Puerto Montt,2026-06-19T23:29:00,1.25
CUR003,2026-06-20T06:07:00,HW,,Puerto Montt,2026-06-20T05:40:00,5.67
CUR003,2026-06-20T12:08:00,LW,,Puerto Montt,2026-06-20T11:41:00,1.85
CUR003,2026-06-20T18:18:00,HW,,Puerto Montt,2026-06-20T17:51:00,6.03
CUR003,2026-06-21T00:47:00,LW,,Puerto Montt,2026-06-21T00:20:00,1.56
CUR003,2026-06-21T07:02:00,HW,,Puerto Montt,2026-06-21T06:35:00,5.48
CUR003,2026-06-21T13:06:00,LW,,Puerto Montt,2026-06-21T12:39:00,2.1
CUR003,2026-06-21T19:14:00,HW,,Puerto Montt,2026-06-21T18:47:00,5.62
CUR003,2026-06-22T01:41:00,LW,,Puerto Montt,2026-06-22T01:14:00,1.87
CUR003,2026-06-22T08:01:00,HW,,Puerto Montt,2026-06-22T07:34:00,5.35
CUR003,2026-06-22T14:10:00,LW,,Puerto Montt,2026-06-22T13:43:00,2.32
CUR003,2026-06-22T20:18:00,HW,,Puerto Montt,2026-06-22T19:51:00,5.27
CUR003,2026-06-23T02:41:00,LW,,Puerto Montt,2026-06-23T02:14:00,2.12
CUR003,2026-06-23T09:05:00,HW,,Puerto Montt,2026-06-23T08:38:00,5.3
CUR003,2026-06-23T15:23:00,LW,,Puerto Montt,2026-06-23T14:56:00,2.42
CUR003,2026-06-23T21:27:00,HW,,Puerto Montt,2026-06-23T21:00:00,5.04
CUR003,2026-06-24T03:44:00,LW,,Puerto Montt,2026-06-24T03:17:00,2.28
CUR003,2026-06-24T10:08:00,HW,,Puerto Montt,2026-06-24T09:41:00,5.37
CUR003,2026-06-24T16:36:00,LW,,Puerto Montt,2026-06-24T16:09:00,2.37
CUR003,2026-06-24T22:37:00,HW,,Puerto Montt,2026-06-24T22:10:00,4.96
CUR003,2026-06-25T04:45:00,LW,,Puerto Montt,2026-06-25T04:18:00,2.34
CUR003,2026-06-25T11:06:00,HW,,Puerto Montt,2026-06-25T10:39:00,5.52
CUR003,2026-06-25T17:38:00,LW,,Puerto Montt,2026-06-25T17:11:00,2.21
CUR003,2026-06-25T23:39:00,HW,,Puerto Montt,2026-06-25T23:12:00,5.02
CUR003,2026-06-26T05:38:00,LW,,Puerto Montt,2026-06-26T05:11:00,2.31
CUR003,2026-06-26T11:56:00,HW,,Puerto Montt,2026-06-26T11:29:00,5.71
CUR003,2026-06-26T18:29:00,LW,,Puerto Montt,2026-06-26T18:02:00,2.02
CUR003,2026-06-27T00:29:00,HW,,Puerto Montt,2026-06-27T00:02:00,5.13
CUR003,2026-06-27T06:22:00,LW,,Puerto Montt,2026-06-27T05:55:00,2.25
CUR003,2026-06-27T12:38:00,HW,,Puerto Montt,2026-06-27T12:11:00,5.89
CUR003,2026-06-27T19:11:00,LW,,Puerto Montt,2026-06-27T18:44:00,1.86
CUR003,2026-06-28T01:11:00,HW,,Puerto Montt,2026-06-28T00:44:00,5.25
CUR003,2026-06-28T07:01:00,LW,,Puerto Montt,2026-06-28T06:34:00,2.17
CUR003,2026-06-28T13:15:00,HW,,Puerto Montt,2026-06-28T12:48:00,6.03
CUR003,2026-06-28T19:46:00,LW,,Puerto Montt,2026-06-28T19:19:00,1.75
CUR003,2026-06-29T01:47:00,HW,,Puerto Montt,2026-06-29T01:20:00,5.34
CUR003,2026-06-29T07:36:00,LW,,Puerto Montt,2026-06-29T07:09:00,2.11
CUR003,2026-06-29T13:49:00,HW,,Puerto Montt,2026-06-29T13:22:00,6.11
CUR003,2026-06-29T20:19:00,LW,,Puerto Montt,2026-06-29T19:52:00,1.69
CUR003,2026-06-30T02:19:00,HW,,Puerto Montt,2026-06-30T01:52:00,5.39
CUR003,2026-06-30T08:08:00,LW,,Puerto Montt,2026-06-30T07:41:00,2.06
CUR003,2026-06-30T14:20:00,HW,,Puerto Montt,2026-06-30T13:53:00,6.14
CUR003,2026-06-30T20:49:00,LW,,Puerto Montt,2026-06-30T20:22:00,1.67
CUR003,2026-07-01T02:50:00,HW,,Puerto Montt,2026-07-01T02:23:00,5.39
CUR003,2026-07-01T08:39:00,LW,,Puerto Montt,2026-07-01T08:12:00,2.05
CUR003,2026-07-01T14:50:00,HW,,Puerto Montt,2026-07-01T14:23:00,6.11
CUR003,2026-07-01T21:19:00,LW,,Puerto Montt,2026-07-01T20:52:00,1.68
CUR003,2026-07-02T03:20:00,HW,,Puerto Montt,2026-07-02T02:53:00,5.35
CUR003,2026-07-02T09:11:00,LW,,Puerto Montt,2026-07-02T08:44:00,2.06
CUR003,2026-07-02T15:21:00,HW,,Puerto Montt,2026-07-02T14:54:00,6.03
CUR003,2026-07-02T21:49:00,LW,,Puerto Montt,2026-07-02T21:22:00,1.74
CUR003,2026-07-03T03:51:00,HW,,Puerto Montt,2026-07-03T03:24:00,5.28
CUR003,2026-07-03T09:44:00,LW,,Puerto Montt,2026-07-03T09:17:00,2.11
CUR003,2026-07-03T15:53:00,HW,,Puerto Montt,2026-07-03T15:26:00,5.9
CUR003,2026-07-03T22:21:00,LW,,Puerto Montt,2026-07-03T21:54:00,1.82
CUR003,2026-07-04T04:24:00,HW,,Puerto Montt,2026-07-04T03:57:00,5.19
CUR003,2026-07-04T10:20:00,LW,,Puerto Montt,2026-07-04T09:53:00,2.2
CUR003,2026-07-04T16:28:00,HW,,Puerto Montt,2026-07-04T16:01:00,5.72
CUR003,2026-07-04T22:56:00,LW,,Puerto Montt,2026-07-04T22:29:00,1.93
CUR003,2026-07-05T05:02:00,HW,,Puerto Montt,2026-07-05T04:35:00,5.12
CUR003,2026-07-05T11:01:00,LW,,Puerto Montt,2026-07-05T10:34:00,2.31
CUR003,2026-07-05T17:07:00,HW,,Puerto Montt,2026-07-05T16:40:00,5.52
CUR003,2026-07-05T23:35:00,LW,,Puerto Montt,2026-07-05T23:08:00,2.06
CUR003,2026-07-06T05:46:00,HW,,Puerto Montt,2026-07-06T05:19:00,5.07
CUR003,2026-07-06T11:49:00,LW,,Puerto Montt,2026-07-06T11:22:00,2.44
CUR003,2026-07-06T17:54:00,HW,,Puerto Montt,2026-07-06T17:27:00,5.29
CUR003,2026-07-07T00:21:00,LW,,Puerto Montt,2026-07-06T23:54:00,2.19
CUR003,2026-07-07T06:40:00,HW,,Puerto Montt,2026-07-07T06:13:00,5.07
CUR003,2026-07-07T12:47:00,LW,,Puerto Montt,2026-07-07T12:20:00,2.56
CUR003,2026-07-07T18:53:00,HW,,Puerto Montt,2026-07-07T18:26:00,5.07
CUR003,2026-07-08T01:17:00,LW,,Puerto Montt,2026-07-08T00:50:00,2.32
CUR003,2026-07-08T07:45:00,HW,,Puerto Montt,2026-07-08T07:18:00,5.14
CUR003,2026-07-08T14:00:00,LW,,Puerto Montt,2026-07-08T13:33:00,2.6
CUR003,2026-07-08T20:06:00,HW,,Puerto Montt,2026-07-08T19:39:00,4.91
CUR003,2026-07-09T02:26:00,LW,,Puerto Montt,2026-07-09T01:59:00,2.4
CUR003,2026-07-09T08:56:00,HW,,Puerto Montt,2026-07-09T08:29:00,5.31
CUR003,2026-07-09T15:24:00,LW,,Puerto Montt,2026-07-09T14:57:00,2.49
CUR003,2026-07-09T21:30:00,HW,,Puerto Montt,2026-07-09T21:03:00,4.91
CUR003,2026-07-10T03:42:00,LW,,Puerto Montt,2026-07-10T03:15:00,2.37
CUR003,2026-07-10T10:08:00,HW,,Puerto Montt,2026-07-10T09:41:00,5.6
CUR003,2026-07-10T16:45:00,LW,,Puerto Montt,2026-07-10T16:18:00,2.19
CUR003,2026-07-10T22:50:00,HW,,Puerto Montt,2026-07-10T22:23:00,5.08
CUR003,2026-07-11T04:55:00,LW,,Puerto Montt,2026-07-11T04:28:00,2.2
CUR003,2026-07-11T11:15:00,HW,,Puerto Montt,2026-07-11T10:48:00,5.99
CUR003,2026-07-11T17:54:00,LW,,Puerto Montt,2026-07-11T17:27:00,1.76
CUR003,2026-07-12T00:00:00,HW,,Puerto Montt,2026-07-11T23:33:00,5.39
CUR003,2026-07-12T05:59:00,LW,,Puerto Montt,2026-07-12T05:32:00,1.92
CUR003,2026-07-12T12:17:00,HW,,Puerto Montt,2026-07-12T11:50:00,6.43
CUR003,2026-07-12T18:53:00,LW,,Puerto Montt,2026-07-12T18:26:00,1.29
CUR003,2026-07-13T01:00:00,HW,,Puerto Montt,2026-07-13T00:33:00,5.75
CUR003,2026-07-13T06:57:00,LW,,Puerto Montt,2026-07-13T06:30:00,1.59
CUR003,2026-07-13T13:12:00,HW,,Puerto Montt,2026-07-13T12:45:00,6.83
CUR003,2026-07-13T19:46:00,LW,,Puerto Montt,2026-07-13T19:19:00,0.88
CUR003,2026-07-14T01:52:00,HW,,Puerto Montt,2026-07-14T01:25:00,6.08
CUR003,2026-07-14T07:50:00,LW,,Puerto Montt,2026-07-14T07:23:00,1.27
CUR003,2026-07-14T14:03:00,HW,,Puerto Montt,2026-07-14T13:36:00,7.14
CUR003,2026-07-14T20:34:00,LW,,Puerto Montt,2026-07-14T20:07:00,0.58
CUR003,2026-07-15T02:40:00,HW,,Puerto Montt,2026-07-15T02:13:00,6.31
CUR003,2026-07-15T08:39:00,LW,,Puerto Montt,2026-07-15T08:12:00,1.04
CUR003,2026-07-15T14:50:00,HW,,Puerto Montt,2026-07-15T14:23:00,7.29
CUR003,2026-07-15T21:19:00,LW,,Puerto Montt,2026-07-15T20:52:00,0.45
CUR003,2026-07-16T03:24:00,HW,,Puerto Montt,2026-07-16T02:57:00,6.41
CUR003,2026-07-16T09:24:00,LW,,Puerto Montt,2026-07-16T08:57:00,0.93
CUR003,2026-07-16T15:34:00,HW,,Puerto Montt,2026-07-16T15:07:00,7.24
CUR003,2026-07-16T22:01:00,LW,,Puerto Montt,2026-07-16T21:34:00,0.5
CUR003,2026-07-17T04:06:00,HW,,Puerto Montt,2026-07-17T03:39:00,6.38
CUR003,2026-07-17T10:08:00,LW,,Puerto Montt,2026-07-17T09:41:00,0.99
CUR003,2026-07-17T16:16:00,HW,,Puerto Montt,2026-07-17T15:49:00,7.0
CUR003,2026-07-17T22:41:00,LW,,Puerto Montt,2026-07-17T22:14:00,0.71
CUR003,2026-07-18T04:47:00,HW,,Puerto Montt,2026-07-18T04:20:00,6.22
CUR003,2026-07-18T10:50:00,LW,,Puerto Montt,2026-07-18T10:23:00,1.22
CUR003,2026-07-18T16:57:00,HW,,Puerto Montt,2026-07-18T16:30:00,6.59
CUR003,2026-07-18T23:20:00,LW,,Puerto Montt,2026-07-18T22:53:00,1.07
CUR003,2026-07-19T05:28:00,HW,,Puerto Montt,2026-07-19T05:01:00,5.96
CUR003,2026-07-19T11:33:00,LW,,Puerto Montt,2026-07-19T11:06:00,1.57
CUR003,2026-07-19T17:38:00,HW,,Puerto Montt,2026-07-19T17:11:00,6.07
CUR003,2026-07-19T23:59:00,LW,,Puerto Montt,2026-07-19T23:32:00,1.52
CUR003,2026-07-20T06:11:00,HW,,Puerto Montt,2026-07-20T05:44:00,5.65
CUR003,2026-07-20T12:18:00,LW,,Puerto Montt,2026-07-20T11:51:00,2.01
CUR003,2026-07-20T18:22:00,HW,,Puerto Montt,2026-07-20T17:55:00,5.51
CUR003,2026-07-21T00:40:00,LW,,Puerto Montt,2026-07-21T00:13:00,2.01
CUR003,2026-07-21T06:59:00,HW,,Puerto Montt,2026-07-21T06:32:00,5.32
CUR003,2026-07-21T13:12:00,LW,,Puerto Montt,2026-07-21T12:45:00,2.45
CUR003,2026-07-21T19:16:00,HW,,Puerto Montt,2026-07-21T18:49:00,4.96
CUR003,2026-07-22T01:31:00,LW,,Puerto Montt,2026-07-22T01:04:00,2.48
CUR003,2026-07-22T08:01:00,HW,,Puerto Montt,2026-07-22T07:34:00,5.06
CUR003,2026-07-22T14:29:00,LW,,Puerto Montt,2026-07-22T14:02:00,2.79
CUR003,2026-07-22T20:32:00,HW,,Puerto Montt,2026-07-22T20:05:00,4.55
CUR003,2026-07-23T02:43:00,LW,,Puerto Montt,2026-07-23T02:16:00,2.83
CUR003,2026-07-23T09:21:00,HW,,Puerto Montt,2026-07-23T08:54:00,4.96
CUR003,2026-07-23T16:09:00,LW,,Puerto Montt,2026-07-23T15:42:00,2.85
CUR003,2026-07-23T22:12:00,HW,,Puerto Montt,2026-07-23T21:45:00,4.43
CUR003,2026-07-24T04:12:00,LW,,Puerto Montt,2026-07-24T03:45:00,2.94
CUR003,2026-07-24T10:42:00,HW,,Puerto Montt,2026-07-24T10:15:00,5.09
CUR003,2026-07-24T17:31:00,LW,,Puerto Montt,2026-07-24T17:04:00,2.63
CUR003,2026-07-24T23:34:00,HW,,Puerto Montt,2026-07-24T23:07:00,4.61
CUR003,2026-07-25T05:24:00,LW,,Puerto Montt,2026-07-25T04:57:00,2.8
CUR003,2026-07-25T11:44:00,HW,,Puerto Montt,2026-07-25T11:17:00,5.36
CUR003,2026-07-25T18:25:00,LW,,Puerto Montt,2026-07-25T17:58:00,2.31
CUR003,2026-07-26T00:26:00,HW,,Puerto Montt,2026-07-25T23:59:00,4.89
CUR003,2026-07-26T06:15:00,LW,,Puerto Montt,2026-07-26T05:48:00,2.56
CUR003,2026-07-26T12:29:00,HW,,Puerto Montt,2026-07-26T12:02:00,5.67
CUR003,2026-07-26T19:03:00,LW,,Puerto Montt,2026-07-26T18:36:00,2.0
CUR003,2026-07-27T01:04:00,HW,,Puerto Montt,2026-07-27T00:37:00,5.17
CUR003,2026-07-27T06:54:00,LW,,Puerto Montt,2026-07-27T06:27:00,2.29
CUR003,2026-07-27T13:06:00,HW,,Puerto Montt,2026-07-27T12:39:00,5.94
CUR003,2026-07-27T19:35:00,LW,,Puerto Montt,2026-07-27T19:08:00,1.74
CUR003,2026-07-28T01:36:00,HW,,Puerto Montt,2026-07-28T01:09:00,5.4
CUR003,2026-07-28T07:27:00,LW,,Puerto Montt,2026-07-28T07:00:00,2.03
CUR003,2026-07-28T13:37:00,HW,,Puerto Montt,2026-07-28T13:10:00,6.16
CUR003,2026-07-28T20:05:00,LW,,Puerto Montt,2026-07-28T19:38:00,1.54
CUR003,2026-07-29T02:05:00,HW,,Puerto Montt,2026-07-29T01:38:00,5.58
CUR003,2026-07-29T07:58:00,LW,,Puerto Montt,2026-07-29T07:31:00,1.83
CUR003,2026-07-29T14:07:00,HW,,Puerto Montt,2026-07-29T13:40:00,6.31
CUR003,2026-07-29T20:33:00,LW,,Puerto Montt,2026-07-29T20:06:00,1.39
CUR003,2026-07-30T02:33:00,HW,,Puerto Montt,2026-07-30T02:06:00,5.69
CUR003,2026-07-30T08:29:00,LW,,Puerto Montt,2026-07-30T08:02:00,1.68
CUR003,2026-07-30T14:37:00,HW,,Puerto Montt,2026-07-30T14:10:00,6.37
CUR003,2026-07-30T21:01:00,LW,,Puerto Montt,2026-07-30T20:34:00,1.32
CUR003,2026-07-31T03:02:00,HW,,Puerto Montt,2026-07-31T02:35:00,5.74
CUR003,2026-07-31T08:59:00,LW,,Puerto Montt,2026-07-31T08:32:00,1.61
CUR003,2026-07-31T15:06:00,HW,,Puerto Montt,2026-07-31T14:39:00,6.35
CUR003,2026-07-31T21:29:00,LW,,Puerto Montt,2026-07-31T21:02:00,1.32
CUR003,2026-08-01T03:31:00,HW,,Puerto Montt,2026-08-01T03:04:00,5.74
CUR003,2026-08-01T09:31:00,LW,,Puerto Montt,2026-08-01T09:04:00,1.61
CUR003,2026-08-01T15:37:00,HW,,Puerto Montt,2026-08-01T15:10:00,6.24
CUR003,2026-08-01T21:58:00,LW,,Puerto Montt,2026-08-01T21:31:00,1.4
CUR003,2026-08-02T04:01:00,HW,,Puerto Montt,2026-08-02T03:34:00,5.71
CUR003,2026-08-02T10:05:00,LW,,Puerto Montt,2026-08-02T09:38:00,1.69
CUR003,2026-08-02T16:09:00,HW,,Puerto Montt,2026-08-02T15:42:00,6.05
CUR003,2026-08-02T22:29:00,LW,,Puerto Montt,2026-08-02T22:02:00,1.54
CUR003,2026-08-03T04:34:00,HW,,Puerto Montt,2026-08-03T04:07:00,5.65
CUR003,2026-08-03T10:41:00,LW,,Puerto Montt,2026-08-03T10:14:00,1.84
CUR003,2026-08-03T16:44:00,HW,,Puerto Montt,2026-08-03T16:17:00,5.79
CUR003,2026-08-03T23:02:00,LW,,Puerto Montt,2026-08-03T22:35:00,1.75
CUR003,2026-08-04T05:12:00,HW,,Puerto Montt,2026-08-04T04:45:00,5.57
CUR003,2026-08-04T11:22:00,LW,,Puerto Montt,2026-08-04T10:55:00,2.06
CUR003,2026-08-04T17:24:00,HW,,Puerto Montt,2026-08-04T16:57:00,5.47
CUR003,2026-08-04T23:40:00,LW,,Puerto Montt,2026-08-04T23:13:00,2.01
CUR003,2026-08-05T05:56:00,HW,,Puerto Montt,2026-08-05T05:29:00,5.45
CUR003,2026-08-05T12:12:00,LW,,Puerto Montt,2026-08-05T11:45:00,2.32
CUR003,2026-08-05T18:14:00,HW,,Puerto Montt,2026-08-05T17:47:00,5.11
CUR003,2026-08-06T00:28:00,LW,,Puerto Montt,2026-08-06T00:01:00,2.32
CUR003,2026-08-06T06:54:00,HW,,Puerto Montt,2026-08-06T06:27:00,5.32
CUR003,2026-08-06T13:19:00,LW,,Puerto Montt,2026-08-06T12:52:00,2.57
CUR003,2026-08-06T19:24:00,HW,,Puerto Montt,2026-08-06T18:57:00,4.76
CUR003,2026-08-07T01:36:00,LW,,Puerto Montt,2026-08-07T01:09:00,2.62
CUR003,2026-08-07T08:13:00,HW,,Puerto Montt,2026-08-07T07:46:00,5.25
CUR003,2026-08-07T14:56:00,LW,,Puerto Montt,2026-08-07T14:29:00,2.66
CUR003,2026-08-07T21:07:00,HW,,Puerto Montt,2026-08-07T20:40:00,4.61
CUR003,2026-08-08T03:13:00,LW,,Puerto Montt,2026-08-08T02:46:00,2.75
CUR003,2026-08-08T09:47:00,HW,,Puerto Montt,2026-08-08T09:20:00,5.39
CUR003,2026-08-08T16:39:00,LW,,Puerto Montt,2026-08-08T16:12:00,2.39
CUR003,2026-08-08T22:50:00,HW,,Puerto Montt,2026-08-08T22:23:00,4.83
CUR003,2026-08-09T04:48:00,LW,,Puerto Montt,2026-08-09T04:21:00,2.53
CUR003,2026-08-09T11:10:00,HW,,Puerto Montt,2026-08-09T10:43:00,5.8
CUR003,2026-08-09T17:54:00,LW,,Puerto Montt,2026-08-09T17:27:00,1.85
CUR003,2026-08-10T00:03:00,HW,,Puerto Montt,2026-08-09T23:36:00,5.3
CUR003,2026-08-10T06:00:00,LW,,Puerto Montt,2026-08-10T05:33:00,2.06
CUR003,2026-08-10T12:15:00,HW,,Puerto Montt,2026-08-10T11:48:00,6.33
CUR003,2026-08-10T18:50:00,LW,,Puerto Montt,2026-08-10T18:23:00,1.27
CUR003,2026-08-11T00:57:00,HW,,Puerto Montt,2026-08-11T00:30:00,5.81
CUR003,2026-08-11T06:55:00,LW,,Puerto Montt,2026-08-11T06:28:00,1.52
CUR003,2026-08-11T13:07:00,HW,,Puerto Montt,2026-08-11T12:40:00,6.84
CUR003,2026-08-11T19:37:00,LW,,Puerto Montt,2026-08-11T19:10:00,0.76
CUR003,2026-08-12T01:43:00,HW,,Puerto Montt,2026-08-12T01:16:00,6.25
CUR003,2026-08-12T07:43:00,LW,,Puerto Montt,2026-08-12T07:16:00,1.05
CUR003,2026-08-12T13:53:00,HW,,Puerto Montt,2026-08-12T13:26:00,7.21
CUR003,2026-08-12T20:19:00,LW,,Puerto Montt,2026-08-12T19:52:00,0.42
CUR003,2026-08-13T02:24:00,HW,,Puerto Montt,2026-08-13T01:57:00,6.56
CUR003,2026-08-13T08:26:00,LW,,Puerto Montt,2026-08-13T07:59:00,0.73
CUR003,2026-08-13T14:34:00,HW,,Puerto Montt,2026-08-13T14:07:00,7.37
CUR003,2026-08-13T20:58:00,LW,,Puerto Montt,2026-08-13T20:31:00,0.29
CUR003,2026-08-14T03:02:00,HW,,Puerto Montt,2026-08-14T02:35:00,6.69
CUR003,2026-08-14T09:06:00,LW,,Puerto Montt,2026-08-14T08:39:00,0.62
CUR003,2026-08-14T15:13:00,HW,,Puerto Montt,2026-08-14T14:46:00,7.29
CUR003,2026-08-14T21:34:00,LW,,Puerto Montt,2026-08-14T21:07:00,0.38
CUR003,2026-08-15T03:37:00,HW,,Puerto Montt,2026-08-15T03:10:00,6.65
CUR003,2026-08-15T09:43:00,LW,,Puerto Montt,2026-08-15T09:16:00,0.73
CUR003,2026-08-15T15:49:00,HW,,Puerto Montt,2026-08-15T15:22:00,6.98
CUR003,2026-08-15T22:07:00,LW,,Puerto Montt,2026-08-15T21:40:00,0.68
CUR003,2026-08-16T04:12:00,HW,,Puerto Montt,2026-08-16T03:45:00,6.45
CUR003,2026-08-16T10:19:00,LW,,Puerto Montt,2026-08-16T09:52:00,1.04
CUR003,2026-08-16T16:23:00,HW,,Puerto Montt,2026-08-16T15:56:00,6.51
CUR003,2026-08-16T22:38:00,LW,,Puerto Montt,2026-08-16T22:11:00,1.11
CUR003,2026-08-17T04:45:00,HW,,Puerto Montt,2026-08-17T04:18:00,6.13
CUR003,2026-08-17T10:54:00,LW,,Puerto Montt,2026-08-17T10:27:00,1.49
CUR003,2026-08-17T16:56:00,HW,,Puerto Montt,2026-08-17T16:29:00,5.93
CUR003,2026-08-17T23:08:00,LW,,Puerto Montt,2026-08-17T22:41:00,1.64
CUR003,2026-08-18T05:18:00,HW,,Puerto Montt,2026-08-18T04:51:00,5.73
CUR003,2026-08-18T11:30:00,LW,,Puerto Montt,2026-08-18T11:03:00,2.03
CUR003,2026-08-18T17:31:00,HW,,Puerto Montt,2026-08-18T17:04:00,5.32
CUR003,2026-08-18T23:38:00,LW,,Puerto Montt,2026-08-18T23:11:00,2.21
CUR003,2026-08-19T05:55:00,HW,,Puerto Montt,2026-08-19T05:28:00,5.31
CUR003,2026-08-19T12:13:00,LW,,Puerto Montt,2026-08-19T11:46:00,2.58
CUR003,2026-08-19T18:12:00,HW,,Puerto Montt,2026-08-19T17:45:00,4.72
CUR003,2026-08-20T00:13:00,LW,,Puerto Montt,2026-08-19T23:46:00,2.76
CUR003,2026-08-20T06:46:00,HW,,Puerto Montt,2026-08-20T06:19:00,4.9
CUR003,2026-08-20T13:22:00,LW,,Puerto Montt,2026-08-20T12:55:00,3.06
CUR003,2026-08-20T19:26:00,HW,,Puerto Montt,2026-08-20T18:59:00,4.22
CUR003,2026-08-21T01:17:00,LW,,Puerto Montt,2026-08-21T00:50:00,3.24
CUR003,2026-08-21T08:23:00,HW,,Puerto Montt,2026-08-21T07:56:00,4.63
CUR003,2026-08-21T15:50:00,LW,,Puerto Montt,2026-08-21T15:23:00,3.19
CUR003,2026-08-21T22:02:00,HW,,Puerto Montt,2026-08-21T21:35:00,4.11
CUR003,2026-08-22T03:50:00,LW,,Puerto Montt,2026-08-22T03:23:00,3.38
CUR003,2026-08-22T10:24:00,HW,,Puerto Montt,2026-08-22T09:57:00,4.75
CUR003,2026-08-22T17:27:00,LW,,Puerto Montt,2026-08-22T17:00:00,2.85
CUR003,2026-08-22T23:32:00,HW,,Puerto Montt,2026-08-22T23:05:00,4.45
CUR003,2026-08-23T05:17:00,LW,,Puerto Montt,2026-08-23T04:50:00,3.06
CUR003,2026-08-23T11:31:00,HW,,Puerto Montt,2026-08-23T11:04:00,5.13
CUR003,2026-08-23T18:11:00,LW,,Puerto Montt,2026-08-23T17:44:00,2.42
CUR003,2026-08-24T00:14:00,HW,,Puerto Montt,2026-08-23T23:47:00,4.86
CUR003,2026-08-24T06:03:00,LW,,Puerto Montt,2026-08-24T05:36:00,2.64
CUR003,2026-08-24T12:13:00,HW,,Puerto Montt,2026-08-24T11:46:00,5.54
CUR003,2026-08-24T18:43:00,LW,,Puerto Montt,2026-08-24T18:16:00,2.02
CUR003,2026-08-25T00:45:00,HW,,Puerto Montt,2026-08-25T00:18:00,5.23
CUR003,2026-08-25T06:37:00,LW,,Puerto Montt,2026-08-25T06:10:00,2.22
CUR003,2026-08-25T12:45:00,HW,,Puerto Montt,2026-08-25T12:18:00,5.92
CUR003,2026-08-25T19:11:00,LW,,Puerto Montt,2026-08-25T18:44:00,1.65
CUR003,2026-08-26T01:13:00,HW,,Puerto Montt,2026-08-26T00:46:00,5.57
CUR003,2026-08-26T07:08:00,LW,,Puerto Montt,2026-08-26T06:41:00,1.84
CUR003,2026-08-26T13:15:00,HW,,Puerto Montt,2026-08-26T12:48:00,6.23
CUR003,2026-08-26T19:38:00,LW,,Puerto Montt,2026-08-26T19:11:00,1.34
CUR003,2026-08-27T01:40:00,HW,,Puerto Montt,2026-08-27T01:13:00,5.84
CUR003,2026-08-27T07:38:00,LW,,Puerto Montt,2026-08-27T07:11:00,1.51
CUR003,2026-08-27T13:45:00,HW,,Puerto Montt,2026-08-27T13:18:00,6.46
CUR003,2026-08-27T20:05:00,LW,,Puerto Montt,2026-08-27T19:38:00,1.12
CUR003,2026-08-28T02:07:00,HW,,Puerto Montt,2026-08-28T01:40:00,6.05
CUR003,2026-08-28T08:09:00,LW,,Puerto Montt,2026-08-28T07:42:00,1.28
CUR003,2026-08-28T14:14:00,HW,,Puerto Montt,2026-08-28T13:47:00,6.58
CUR003,2026-08-28T20:33:00,LW,,Puerto Montt,2026-08-28T20:06:00,0.99
CUR003,2026-08-29T02:36:00,HW,,Puerto Montt,2026-08-29T02:09:00,6.18
CUR003,2026-08-29T08:40:00,LW,,Puerto Montt,2026-08-29T08:13:00,1.16
CUR003,2026-08-29T14:45:00,HW,,Puerto Montt,2026-08-29T14:18:00,6.58
CUR003,2026-08-29T21:02:00,LW,,Puerto Montt,2026-08-29T20:35:00,0.99
CUR003,2026-08-30T03:05:00,HW,,Puerto Montt,2026-08-30T02:38:00,6.25
CUR003,2026-08-30T09:12:00,LW,,Puerto Montt,2026-08-30T08:45:00,1.15
CUR003,2026-08-30T15:16:00,HW,,Puerto Montt,2026-08-30T14:49:00,6.46
CUR003,2026-08-30T21:31:00,LW,,Puerto Montt,2026-08-30T21:04:00,1.09
CUR003,2026-08-31T03:35:00,HW,,Puerto Montt,2026-08-31T03:08:00,6.24
CUR003,2026-08-31T09:46:00,LW,,Puerto Montt,2026-08-31T09:19:00,1.27
CUR003,2026-08-31T15:48:00,HW,,Puerto Montt,2026-08-31T15:21:00,6.22
CUR003,2026-08-31T22:01:00,LW,,Puerto Montt,2026-08-31T21:34:00,1.31
CUR003,2026-09-01T04:08:00,HW,,Puerto Montt,2026-09-01T03:41:00,6.15
CUR003,2026-09-01T10:22:00,LW,,Puerto Montt,2026-09-01T09:55:00,1.49
CUR003,2026-09-01T16:23:00,HW,,Puerto Montt,2026-09-01T15:56:00,5.88
CUR003,2026-09-01T22:34:00,LW,,Puerto Montt,2026-09-01T22:07:00,1.62
CUR003,2026-09-02T04:44:00,HW,,Puerto Montt,2026-09-02T04:17:00,5.98
CUR003,2026-09-02T11:02:00,LW,,Puerto Montt,2026-09-02T10:35:00,1.81
CUR003,2026-09-02T17:03:00,HW,,Puerto Montt,2026-09-02T16:36:00,5.47
CUR003,2026-09-02T23:11:00,LW,,Puerto Montt,2026-09-02T22:44:00,2.01
CUR003,2026-09-03T05:27:00,HW,,Puerto Montt,2026-09-03T05:00:00,5.72
CUR003,2026-09-03T11:52:00,LW,,Puerto Montt,2026-09-03T11:25:00,2.19
CUR003,2026-09-03T17:53:00,HW,,Puerto Montt,2026-09-03T17:26:00,5.02
CUR003,2026-09-03T23:58:00,LW,,Puerto Montt,2026-09-03T23:31:00,2.44
CUR003,2026-09-04T06:26:00,HW,,Puerto Montt,2026-09-04T05:59:00,5.42
CUR003,2026-09-04T13:02:00,LW,,Puerto Montt,2026-09-04T12:35:00,2.56
CUR003,2026-09-04T19:11:00,HW,,Puerto Montt,2026-09-04T18:44:00,4.6
CUR003,2026-09-05T01:14:00,LW,,Puerto Montt,2026-09-05T00:47:00,2.85
CUR003,2026-09-05T07:55:00,HW,,Puerto Montt,2026-09-05T07:28:00,5.19
CUR003,2026-09-05T14:55:00,LW,,Puerto Montt,2026-09-05T14:28:00,2.68
CUR003,2026-09-05T21:16:00,HW,,Puerto Montt,2026-09-05T20:49:00,4.51
CUR003,2026-09-06T03:14:00,LW,,Puerto Montt,2026-09-06T02:47:00,2.94
CUR003,2026-09-06T09:45:00,HW,,Puerto Montt,2026-09-06T09:18:00,5.31
CUR003,2026-09-06T16:41:00,LW,,Puerto Montt,2026-09-06T16:14:00,2.31
CUR003,2026-09-06T22:56:00,HW,,Puerto Montt,2026-09-06T22:29:00,4.9
CUR003,2026-09-07T04:52:00,LW,,Puerto Montt,2026-09-07T04:25:00,2.53
CUR003,2026-09-07T11:08:00,HW,,Puerto Montt,2026-09-07T10:41:00,5.79
CUR003,2026-09-07T17:47:00,LW,,Puerto Montt,2026-09-07T17:20:00,1.71
CUR003,2026-09-07T23:57:00,HW,,Puerto Montt,2026-09-07T23:30:00,5.47
CUR003,2026-09-08T05:55:00,LW,,Puerto Montt,2026-09-08T05:28:00,1.91
CUR003,2026-09-08T12:06:00,HW,,Puerto Montt,2026-09-08T11:39:00,6.36
CUR003,2026-09-08T18:36:00,LW,,Puerto Montt,2026-09-08T18:09:00,1.12
CUR003,2026-09-09T00:43:00,HW,,Puerto Montt,2026-09-09T00:16:00,6.03
CUR003,2026-09-09T06:44:00,LW,,Puerto Montt,2026-09-09T06:17:00,1.3
CUR003,2026-09-09T12:53:00,HW,,Puerto Montt,2026-09-09T12:26:00,6.85
CUR003,2026-09-09T19:17:00,LW,,Puerto Montt,2026-09-09T18:50:00,0.66
CUR003,2026-09-10T01:22:00,HW,,Puerto Montt,2026-09-10T00:55:00,6.47
CUR003,2026-09-10T07:26:00,LW,,Puerto Montt,2026-09-10T06:59:00,0.83
CUR003,2026-09-10T13:34:00,HW,,Puerto Montt,2026-09-10T13:07:00,7.15
CUR003,2026-09-10T19:54:00,LW,,Puerto Montt,2026-09-10T19:27:00,0.39
CUR003,2026-09-11T01:59:00,HW,,Puerto Montt,2026-09-11T01:32:00,6.75
CUR003,2026-09-11T08:05:00,LW,,Puerto Montt,2026-09-11T07:38:00,0.56
CUR003,2026-09-11T14:11:00,HW,,Puerto Montt,2026-09-11T13:44:00,7.22
CUR003,2026-09-11T20:29:00,LW,,Puerto Montt,2026-09-11T20:02:00,0.36
CUR003,2026-09-12T02:33:00,HW,,Puerto Montt,2026-09-12T02:06:00,6.84
CUR003,2026-09-12T08:41:00,LW,,Puerto Montt,2026-09-12T08:14:00,0.53
CUR003,2026-09-12T14:46:00,HW,,Puerto Montt,2026-09-12T14:19:00,7.05
CUR003,2026-09-12T21:00:00,LW,,Puerto Montt,2026-09-12T20:33:00,0.54
CUR003,2026-09-13T03:05:00,HW,,Puerto Montt,2026-09-13T02:38:00,6.76
CUR003,2026-09-13T09:15:00,LW,,Puerto Montt,2026-09-13T08:48:00,0.73
CUR003,2026-09-13T15:19:00,HW,,Puerto Montt,2026-09-13T14:52:00,6.7
CUR003,2026-09-13T21:29:00,LW,,Puerto Montt,2026-09-13T21:02:00,0.89
CUR003,2026-09-14T03:35:00,HW,,Puerto Montt,2026-09-14T03:08:00,6.52
CUR003,2026-09-14T09:48:00,LW,,Puerto Montt,2026-09-14T09:21:00,1.1
CUR003,2026-09-14T15:49:00,HW,,Puerto Montt,2026-09-14T15:22:00,6.21
CUR003,2026-09-14T21:56:00,LW,,Puerto Montt,2026-09-14T21:29:00,1.36
CUR003,2026-09-15T04:03:00,HW,,Puerto Montt,2026-09-15T03:36:00,6.18
CUR003,2026-09-15T10:18:00,LW,,Puerto Montt,2026-09-15T09:51:00,1.58
CUR003,2026-09-15T16:18:00,HW,,Puerto Montt,2026-09-15T15:51:00,5.67
CUR003,2026-09-15T22:20:00,LW,,Puerto Montt,2026-09-15T21:53:00,1.88
CUR003,2026-09-16T04:31:00,HW,,Puerto Montt,2026-09-16T04:04:00,5.77
CUR003,2026-09-16T10:49:00,LW,,Puerto Montt,2026-09-16T10:22:00,2.11
CUR003,2026-09-16T16:47:00,HW,,Puerto Montt,2026-09-16T16:20:00,5.11
CUR003,2026-09-16T22:43:00,LW,,Puerto Montt,2026-09-16T22:16:00,2.41
CUR003,2026-09-17T05:00:00,HW,,Puerto Montt,2026-09-17T04:33:00,5.33
CUR003,2026-09-17T11:23:00,LW,,Puerto Montt,2026-09-17T10:56:00,2.64
CUR003,2026-09-17T17:21:00,HW,,Puerto Montt,2026-09-17T16:54:00,4.57
CUR003,2026-09-17T23:09:00,LW,,Puerto Montt,2026-09-17T22:42:00,2.91
CUR003,2026-09-18T05:38:00,HW,,Puerto Montt,2026-09-18T05:11:00,4.88
CUR003,2026-09-18T12:18:00,LW,,Puerto Montt,2026-09-18T11:51:00,3.12
CUR003,2026-09-18T18:22:00,HW,,Puerto Montt,2026-09-18T17:55:00,4.09
CUR003,2026-09-18T23:53:00,LW,,Puerto Montt,2026-09-18T23:26:00,3.38
CUR003,2026-09-19T07:04:00,HW,,Puerto Montt,2026-09-19T06:37:00,4.5
CUR003,2026-09-19T15:12:00,LW,,Puerto Montt,2026-09-19T14:45:00,3.32
CUR003,2026-09-19T21:41:00,HW,,Puerto Montt,2026-09-19T21:14:00,4.0
CUR003,2026-09-20T03:14:00,LW,,Puerto Montt,2026-09-20T02:47:00,3.58
CUR003,2026-09-20T09:46:00,HW,,Puerto Montt,2026-09-20T09:19:00,4.55
CUR003,2026-09-20T16:56:00,LW,,Puerto Montt,2026-09-20T16:29:00,2.95
CUR003,2026-09-20T23:06:00,HW,,Puerto Montt,2026-09-20T22:39:00,4.4
CUR003,2026-09-21T04:51:00,LW,,Puerto Montt,2026-09-21T04:24:00,3.18
CUR003,2026-09-21T10:58:00,HW,,Puerto Montt,2026-09-21T10:31:00,4.94
CUR003,2026-09-21T17:37:00,LW,,Puerto Montt,2026-09-21T17:10:00,2.49
CUR003,2026-09-21T23:42:00,HW,,Puerto Montt,2026-09-21T23:15:00,4.84
CUR003,2026-09-22T05:34:00,LW,,Puerto Montt,2026-09-22T05:07:00,2.68
CUR003,2026-09-22T11:39:00,HW,,Puerto Montt,2026-09-22T11:12:00,5.39
CUR003,2026-09-22T18:07:00,LW,,Puerto Montt,2026-09-22T17:40:00,2.04
CUR003,2026-09-23T00:10:00,HW,,Puerto Montt,2026-09-22T23:43:00,5.28
CUR003,2026-09-23T06:07:00,LW,,Puerto Montt,2026-09-23T05:40:00,2.17
CUR003,2026-09-23T12:12:00,HW,,Puerto Montt,2026-09-23T11:45:00,5.82
CUR003,2026-09-23T18:34:00,LW,,Puerto Montt,2026-09-23T18:07:00,1.61
CUR003,2026-09-24T00:38:00,HW,,Puerto Montt,2026-09-24T00:11:00,5.69
CUR003,2026-09-24T06:39:00,LW,,Puerto Montt,2026-09-24T06:12:00,1.71
CUR003,2026-09-24T12:43:00,HW,,Puerto Montt,2026-09-24T12:16:00,6.19
CUR003,2026-09-24T19:02:00,LW,,Puerto Montt,2026-09-24T18:35:00,1.25
CUR003,2026-09-25T01:06:00,HW,,Puerto Montt,2026-09-25T00:39:00,6.05
CUR003,2026-09-25T07:10:00,LW,,Puerto Montt,2026-09-25T06:43:00,1.31
CUR003,2026-09-25T13:15:00,HW,,Puerto Montt,2026-09-25T12:48:00,6.46
CUR003,2026-09-25T19:31:00,LW,,Puerto Montt,2026-09-25T19:04:00,0.98
CUR003,2026-09-26T01:35:00,HW,,Puerto Montt,2026-09-26T01:08:00,6.36
CUR003,2026-09-26T07:43:00,LW,,Puerto Montt,2026-09-26T07:16:00,1.02
CUR003,2026-09-26T13:47:00,HW,,Puerto Montt,2026-09-26T13:20:00,6.62
CUR003,2026-09-26T20:00:00,LW,,Puerto Montt,2026-09-26T19:33:00,0.84
CUR003,2026-09-27T02:06:00,HW,,Puerto Montt,2026-09-27T01:39:00,6.57
CUR003,2026-09-27T08:17:00,LW,,Puerto Montt,2026-09-27T07:50:00,0.86
CUR003,2026-09-27T14:20:00,HW,,Puerto Montt,2026-09-27T13:53:00,6.62
CUR003,2026-09-27T20:31:00,LW,,Puerto Montt,2026-09-27T20:04:00,0.85
CUR003,2026-09-28T02:37:00,HW,,Puerto Montt,2026-09-28T02:10:00,6.68
CUR003,2026-09-28T08:52:00,LW,,Puerto Montt,2026-09-28T08:25:00,0.86
CUR003,2026-09-28T14:54:00,HW,,Puerto Montt,2026-09-28T14:27:00,6.48
CUR003,2026-09-28T21:03:00,LW,,Puerto Montt,2026-09-28T20:36:00,1.0
CUR003,2026-09-29T03:11:00,HW,,Puerto Montt,2026-09-29T02:44:00,6.67
CUR003,2026-09-29T09:29:00,LW,,Puerto Montt,2026-09-29T09:02:00,1.0
CUR003,2026-09-29T15:31:00,HW,,Puerto Montt,2026-09-29T15:04:00,6.21
CUR003,2026-09-29T21:37:00,LW,,Puerto Montt,2026-09-29T21:10:00,1.28
CUR003,2026-09-30T03:46:00,HW,,Puerto Montt,2026-09-30T03:19:00,6.52
CUR003,2026-09-30T10:08:00,LW,,Puerto Montt,2026-09-30T09:41:00,1.28
CUR003,2026-09-30T16:10:00,HW,,Puerto Montt,2026-09-30T15:43:00,5.83
CUR003,2026-09-30T22:13:00,LW,,Puerto Montt,2026-09-30T21:46:00,1.66
CUR003,2026-10-01T04:26:00,HW,,Puerto Montt,2026-10-01T03:59:00,6.25
CUR003,2026-10-01T10:53:00,LW,,Puerto Montt,2026-10-01T10:26:00,1.67
CUR003,2026-10-01T16:55:00,HW,,Puerto Montt,2026-10-01T16:28:00,5.38
CUR003,2026-10-01T22:55:00,LW,,Puerto Montt,2026-10-01T22:28:00,2.11
CUR003,2026-10-02T05:14:00,HW,,Puerto Montt,2026-10-02T04:47:00,5.88
CUR003,2026-10-02T11:49:00,LW,,Puerto Montt,2026-10-02T11:22:00,2.1
CUR003,2026-10-02T17:55:00,HW,,Puerto Montt,2026-10-02T17:28:00,4.92
CUR003,2026-10-02T23:52:00,LW,,Puerto Montt,2026-10-02T23:25:00,2.58
CUR003,2026-10-03T06:21:00,HW,,Puerto Montt,2026-10-03T05:54:00,5.48
CUR003,2026-10-03T13:09:00,LW,,Puerto Montt,2026-10-03T12:42:00,2.43
CUR003,2026-10-03T19:28:00,HW,,Puerto Montt,2026-10-03T19:01:00,4.61
CUR003,2026-10-04T01:24:00,LW,,Puerto Montt,2026-10-04T00:57:00,2.9
CUR003,2026-10-04T07:57:00,HW,,Puerto Montt,2026-10-04T07:30:00,5.26
CUR003,2026-10-04T14:56:00,LW,,Puerto Montt,2026-10-04T14:29:00,2.43
CUR003,2026-10-04T21:21:00,HW,,Puerto Montt,2026-10-04T20:54:00,4.72
CUR003,2026-10-05T03:18:00,LW,,Puerto Montt,2026-10-05T02:51:00,2.79
CUR003,2026-10-05T09:37:00,HW,,Puerto Montt,2026-10-05T09:10:00,5.43
CUR003,2026-10-05T16:23:00,LW,,Puerto Montt,2026-10-05T15:56:00,2.05
CUR003,2026-10-05T22:40:00,HW,,Puerto Montt,2026-10-05T22:13:00,5.17
CUR003,2026-10-06T04:39:00,LW,,Puerto Montt,2026-10-06T04:12:00,2.3
CUR003,2026-10-06T10:50:00,HW,,Puerto Montt,2026-10-06T10:23:00,5.85
CUR003,2026-10-06T17:22:00,LW,,Puerto Montt,2026-10-06T16:55:00,1.54
CUR003,2026-10-06T23:33:00,HW,,Puerto Montt,2026-10-06T23:06:00,5.7
CUR003,2026-10-07T05:36:00,LW,,Puerto Montt,2026-10-07T05:09:00,1.72
CUR003,2026-10-07T11:44:00,HW,,Puerto Montt,2026-10-07T11:17:00,6.3
CUR003,2026-10-07T18:08:00,LW,,Puerto Montt,2026-10-07T17:41:00,1.09
CUR003,2026-10-08T00:16:00,HW,,Puerto Montt,2026-10-07T23:49:00,6.18
CUR003,2026-10-08T06:22:00,LW,,Puerto Montt,2026-10-08T05:55:00,1.2
CUR003,2026-10-08T12:28:00,HW,,Puerto Montt,2026-10-08T12:01:00,6.64
CUR003,2026-10-08T18:47:00,LW,,Puerto Montt,2026-10-08T18:20:00,0.77
CUR003,2026-10-09T00:54:00,HW,,Puerto Montt,2026-10-09T00:27:00,6.54
CUR003,2026-10-09T07:03:00,LW,,Puerto Montt,2026-10-09T06:36:00,0.84
CUR003,2026-10-09T13:08:00,HW,,Puerto Montt,2026-10-09T12:41:00,6.81
CUR003,2026-10-09T19:23:00,LW,,Puerto Montt,2026-10-09T18:56:00,0.64
CUR003,2026-10-10T01:29:00,HW,,Puerto Montt,2026-10-10T01:02:00,6.75
CUR003,2026-10-10T07:41:00,LW,,Puerto Montt,2026-10-10T07:14:00,0.69
CUR003,2026-10-10T13:45:00,HW,,Puerto Montt,2026-10-10T13:18:00,6.77
CUR003,2026-10-10T19:56:00,LW,,Puerto Montt,2026-10-10T19:29:00,0.71
CUR003,2026-10-11T02:02:00,HW,,Puerto Montt,2026-10-11T01:35:00,6.8
CUR003,2026-10-11T08:17:00,LW,,Puerto Montt,2026-10-11T07:50:00,0.74
CUR003,2026-10-11T14:19:00,HW,,Puerto Montt,2026-10-11T13:52:00,6.56
CUR003,2026-10-11T20:26:00,LW,,Puerto Montt,2026-10-11T19:59:00,0.94
CUR003,2026-10-12T02:33:00,HW,,Puerto Montt,2026-10-12T02:06:00,6.69
CUR003,2026-10-12T08:50:00,LW,,Puerto Montt,2026-10-12T08:23:00,0.97
CUR003,2026-10-12T14:51:00,HW,,Puerto Montt,2026-10-12T14:24:00,6.22
CUR003,2026-10-12T20:53:00,LW,,Puerto Montt,2026-10-12T20:26:00,1.29
CUR003,2026-10-13T03:01:00,HW,,Puerto Montt,2026-10-13T02:34:00,6.45
CUR003,2026-10-13T09:20:00,LW,,Puerto Montt,2026-10-13T08:53:00,1.33
CUR003,2026-10-13T15:20:00,HW,,Puerto Montt,2026-10-13T14:53:00,5.81
CUR003,2026-10-13T21:18:00,LW,,Puerto Montt,2026-10-13T20:51:00,1.71
CUR003,2026-10-14T03:28:00,HW,,Puerto Montt,2026-10-14T03:01:00,6.13
CUR003,2026-10-14T09:50:00,LW,,Puerto Montt,2026-10-14T09:23:00,1.75
CUR003,2026-10-14T15:49:00,HW,,Puerto Montt,2026-10-14T15:22:00,5.37
CUR003,2026-10-14T21:42:00,LW,,Puerto Montt,2026-10-14T21:15:00,2.14
CUR003,2026-10-15T03:54:00,HW,,Puerto Montt,2026-10-15T03:27:00,5.77
CUR003,2026-10-15T10:19:00,LW,,Puerto Montt,2026-10-15T09:52:00,2.19
CUR003,2026-10-15T16:18:00,HW,,Puerto Montt,2026-10-15T15:51:00,4.93
CUR003,2026-10-15T22:05:00,LW,,Puerto Montt,2026-10-15T21:38:00,2.56
CUR003,2026-10-16T04:23:00,HW,,Puerto Montt,2026-10-16T03:56:00,5.37
CUR003,2026-10-16T10:53:00,LW,,Puerto Montt,2026-10-16T10:26:00,2.62
CUR003,2026-10-16T16:53:00,HW,,Puerto Montt,2026-10-16T16:26:00,4.52
CUR003,2026-10-16T22:34:00,LW,,Puerto Montt,2026-10-16T22:07:00,2.96
CUR003,2026-10-17T04:59:00,HW,,Puerto Montt,2026-10-17T04:32:00,4.97
CUR003,2026-10-17T11:43:00,LW,,Puerto Montt,2026-10-17T11:16:00,2.99
CUR003,2026-10-17T17:52:00,HW,,Puerto Montt,2026-10-17T17:25:00,4.16
CUR003,2026-10-17T23:22:00,LW,,Puerto Montt,2026-10-17T22:55:00,3.34
CUR003,2026-10-18T06:07:00,HW,,Puerto Montt,2026-10-18T05:40:00,4.61
CUR003,2026-10-18T13:39:00,LW,,Puerto Montt,2026-10-18T13:12:00,3.2
CUR003,2026-10-18T20:22:00,HW,,Puerto Montt,2026-10-18T19:55:00,4.04
CUR003,2026-10-19T01:42:00,LW,,Puerto Montt,2026-10-19T01:15:00,3.54
CUR003,2026-10-19T08:24:00,HW,,Puerto Montt,2026-10-19T07:57:00,4.5
CUR003,2026-10-19T15:43:00,LW,,Puerto Montt,2026-10-19T15:16:00,2.99
CUR003,2026-10-19T22:03:00,HW,,Puerto Montt,2026-10-19T21:36:00,4.34
CUR003,2026-10-20T03:50:00,LW,,Puerto Montt,2026-10-20T03:23:00,3.24
CUR003,2026-10-20T09:56:00,HW,,Puerto Montt,2026-10-20T09:29:00,4.78
CUR003,2026-10-20T16:38:00,LW,,Puerto Montt,2026-10-20T16:11:00,2.58
CUR003,2026-10-20T22:49:00,HW,,Puerto Montt,2026-10-20T22:22:00,4.77
CUR003,2026-10-21T04:45:00,LW,,Puerto Montt,2026-10-21T04:18:00,2.76
CUR003,2026-10-21T10:48:00,HW,,Puerto Montt,2026-10-21T10:21:00,5.18
CUR003,2026-10-21T17:15:00,LW,,Puerto Montt,2026-10-21T16:48:00,2.14
CUR003,2026-10-21T23:24:00,HW,,Puerto Montt,2026-10-21T22:57:00,5.24
CUR003,2026-10-22T05:26:00,LW,,Puerto Montt,2026-10-22T04:59:00,2.24
CUR003,2026-10-22T11:28:00,HW,,Puerto Montt,2026-10-22T11:01:00,5.59
CUR003,2026-10-22T17:48:00,LW,,Puerto Montt,2026-10-22T17:21:00,1.71
CUR003,2026-10-22T23:55:00,HW,,Puerto Montt,2026-10-22T23:28:00,5.71
CUR003,2026-10-23T06:02:00,LW,,Puerto Montt,2026-10-23T05:35:00,1.75
CUR003,2026-10-23T12:05:00,HW,,Puerto Montt,2026-10-23T11:38:00,5.97
CUR003,2026-10-23T18:20:00,LW,,Puerto Montt,2026-10-23T17:53:00,1.34
CUR003,2026-10-24T00:28:00,HW,,Puerto Montt,2026-10-24T00:01:00,6.16
CUR003,2026-10-24T06:38:00,LW,,Puerto Montt,2026-10-24T06:11:00,1.31
CUR003,2026-10-24T12:41:00,HW,,Puerto Montt,2026-10-24T12:14:00,6.26
CUR003,2026-10-24T18:53:00,LW,,Puerto Montt,2026-10-24T18:26:00,1.07
CUR003,2026-10-25T01:01:00,HW,,Puerto Montt,2026-10-25T00:34:00,6.53
CUR003,2026-10-25T07:16:00,LW,,Puerto Montt,2026-10-25T06:49:00,0.98
CUR003,2026-10-25T13:18:00,HW,,Puerto Montt,2026-10-25T12:51:00,6.43
CUR003,2026-10-25T19:27:00,LW,,Puerto Montt,2026-10-25T19:00:00,0.93
CUR003,2026-10-26T01:36:00,HW,,Puerto Montt,2026-10-26T01:09:00,6.81
CUR003,2026-10-26T07:54:00,LW,,Puerto Montt,2026-10-26T07:27:00,0.79
CUR003,2026-10-26T13:57:00,HW,,Puerto Montt,2026-10-26T13:30:00,6.46
CUR003,2026-10-26T20:03:00,LW,,Puerto Montt,2026-10-26T19:36:00,0.94
CUR003,2026-10-27T02:12:00,HW,,Puerto Montt,2026-10-27T01:45:00,6.94
CUR003,2026-10-27T08:34:00,LW,,Puerto Montt,2026-10-27T08:07:00,0.76
CUR003,2026-10-27T14:37:00,HW,,Puerto Montt,2026-10-27T14:10:00,6.34
CUR003,2026-10-27T20:40:00,LW,,Puerto Montt,2026-10-27T20:13:00,1.1
CUR003,2026-10-28T02:51:00,HW,,Puerto Montt,2026-10-28T02:24:00,6.92
CUR003,2026-10-28T09:16:00,LW,,Puerto Montt,2026-10-28T08:49:00,0.89
CUR003,2026-10-28T15:20:00,HW,,Puerto Montt,2026-10-28T14:53:00,6.09
CUR003,2026-10-28T21:20:00,LW,,Puerto Montt,2026-10-28T20:53:00,1.37
CUR003,2026-10-29T03:33:00,HW,,Puerto Montt,2026-10-29T03:06:00,6.74
CUR003,2026-10-29T10:02:00,LW,,Puerto Montt,2026-10-29T09:35:00,1.16
CUR003,2026-10-29T16:06:00,HW,,Puerto Montt,2026-10-29T15:39:00,5.75
CUR003,2026-10-29T22:04:00,LW,,Puerto Montt,2026-10-29T21:37:00,1.73
CUR003,2026-10-30T04:20:00,HW,,Puerto Montt,2026-10-30T03:53:00,6.43
CUR003,2026-10-30T10:54:00,LW,,Puerto Montt,2026-10-30T10:27:00,1.51
CUR003,2026-10-30T17:00:00,HW,,Puerto Montt,2026-10-30T16:33:00,5.38
CUR003,2026-10-30T22:56:00,LW,,Puerto Montt,2026-10-30T22:29:00,2.12
CUR003,2026-10-31T05:15:00,HW,,Puerto Montt,2026-10-31T04:48:00,6.05
CUR003,2026-10-31T11:56:00,LW,,Puerto Montt,2026-10-31T11:29:00,1.85
CUR003,2026-10-31T18:07:00,HW,,Puerto Montt,2026-10-31T17:40:00,5.07
CUR003,2026-11-01T00:03:00,LW,,Puerto Montt,2026-10-31T23:36:00,2.46
CUR003,2026-11-01T06:24:00,HW,,Puerto Montt,2026-11-01T05:57:00,5.7
CUR003,2026-11-01T13:11:00,LW,,Puerto Montt,2026-11-01T12:44:00,2.06
CUR003,2026-11-01T19:31:00,HW,,Puerto Montt,2026-11-01T19:04:00,4.93
CUR003,2026-11-02T01:28:00,LW,,Puerto Montt,2026-11-02T01:01:00,2.61
CUR003,2026-11-02T07:48:00,HW,,Puerto Montt,2026-11-02T07:21:00,5.51
CUR003,2026-11-02T14:33:00,LW,,Puerto Montt,2026-11-02T14:06:00,2.05
CUR003,2026-11-02T20:56:00,HW,,Puerto Montt,2026-11-02T20:29:00,5.07
CUR003,2026-11-03T02:56:00,LW,,Puerto Montt,2026-11-03T02:29:00,2.47
CUR003,2026-11-03T09:10:00,HW,,Puerto Montt,2026-11-03T08:43:00,5.57
CUR003,2026-11-03T15:46:00,LW,,Puerto Montt,2026-11-03T15:19:00,1.84
CUR003,2026-11-03T22:04:00,HW,,Puerto Montt,2026-11-03T21:37:00,5.4
CUR003,2026-11-04T04:09:00,LW,,Puerto Montt,2026-11-04T03:42:00,2.13
CUR003,2026-11-04T10:18:00,HW,,Puerto Montt,2026-11-04T09:51:00,5.78
CUR003,2026-11-04T16:44:00,LW,,Puerto Montt,2026-11-04T16:17:00,1.55
CUR003,2026-11-04T22:58:00,HW,,Puerto Montt,2026-11-04T22:31:00,5.78
CUR003,2026-11-05T05:07:00,LW,,Puerto Montt,2026-11-05T04:40:00,1.72
CUR003,2026-11-05T11:13:00,HW,,Puerto Montt,2026-11-05T10:46:00,6.01
CUR003,2026-11-05T17:32:00,LW,,Puerto Montt,2026-11-05T17:05:00,1.31
CUR003,2026-11-05T23:43:00,HW,,Puerto Montt,2026-11-05T23:16:00,6.14
CUR003,2026-11-06T05:56:00,LW,,Puerto Montt,2026-11-06T05:29:00,1.37
CUR003,2026-11-06T12:00:00,HW,,Puerto Montt,2026-11-06T11:33:00,6.17
CUR003,2026-11-06T18:14:00,LW,,Puerto Montt,2026-11-06T17:47:00,1.16
CUR003,2026-11-07T00:24:00,HW,,Puerto Montt,2026-11-06T23:57:00,6.4
CUR003,2026-11-07T06:40:00,LW,,Puerto Montt,2026-11-07T06:13:00,1.14
CUR003,2026-11-07T12:43:00,HW,,Puerto Montt,2026-11-07T12:16:00,6.22
CUR003,2026-11-07T18:51:00,LW,,Puerto Montt,2026-11-07T18:24:00,1.15
CUR003,2026-11-08T01:01:00,HW,,Puerto Montt,2026-11-08T00:34:00,6.55
CUR003,2026-11-08T07:20:00,LW,,Puerto Montt,2026-11-08T06:53:00,1.07
CUR003,2026-11-08T13:22:00,HW,,Puerto Montt,2026-11-08T12:55:00,6.15
CUR003,2026-11-08T19:25:00,LW,,Puerto Montt,2026-11-08T18:58:00,1.26
CUR003,2026-11-09T01:35:00,HW,,Puerto Montt,2026-11-09T01:08:00,6.57
CUR003,2026-11-09T07:57:00,LW,,Puerto Montt,2026-11-09T07:30:00,1.13
CUR003,2026-11-09T13:58:00,HW,,Puerto Montt,2026-11-09T13:31:00,5.98
CUR003,2026-11-09T19:57:00,LW,,Puerto Montt,2026-11-09T19:30:00,1.47
CUR003,2026-11-10T02:07:00,HW,,Puerto Montt,2026-11-10T01:40:00,6.48
CUR003,2026-11-10T08:31:00,LW,,Puerto Montt,2026-11-10T08:04:00,1.32
CUR003,2026-11-10T14:31:00,HW,,Puerto Montt,2026-11-10T14:04:00,5.74
CUR003,2026-11-10T20:26:00,LW,,Puerto Montt,2026-11-10T19:59:00,1.73
CUR003,2026-11-11T02:37:00,HW,,Puerto Montt,2026-11-11T02:10:00,6.29
CUR003,2026-11-11T09:03:00,LW,,Puerto Montt,2026-11-11T08:36:00,1.59
CUR003,2026-11-11T15:02:00,HW,,Puerto Montt,2026-11-11T14:35:00,5.46
CUR003,2026-11-11T20:53:00,LW,,Puerto Montt,2026-11-11T20:26:00,2.03
CUR003,2026-11-12T03:05:00,HW,,Puerto Montt,2026-11-12T02:38:00,6.05
CUR003,2026-11-12T09:33:00,LW,,Puerto Montt,2026-11-12T09:06:00,1.88
CUR003,2026-11-12T15:33:00,HW,,Puerto Montt,2026-11-12T15:06:00,5.17
CUR003,2026-11-12T21:19:00,LW,,Puerto Montt,2026-11-12T20:52:00,2.32
CUR003,2026-11-13T03:34:00,HW,,Puerto Montt,2026-11-13T03:07:00,5.76
CUR003,2026-11-13T10:04:00,LW,,Puerto Montt,2026-11-13T09:37:00,2.18
CUR003,2026-11-13T16:05:00,HW,,Puerto Montt,2026-11-13T15:38:00,4.89
CUR003,2026-11-13T21:48:00,LW,,Puerto Montt,2026-11-13T21:21:00,2.6
CUR003,2026-11-14T04:05:00,HW,,Puerto Montt,2026-11-14T03:38:00,5.47
CUR003,2026-11-14T10:39:00,LW,,Puerto Montt,2026-11-14T10:12:00,2.46
CUR003,2026-11-14T16:42:00,HW,,Puerto Montt,2026-11-14T16:15:00,4.62
CUR003,2026-11-14T22:24:00,LW,,Puerto Montt,2026-11-14T21:57:00,2.86
CUR003,2026-11-15T04:43:00,HW,,Puerto Montt,2026-11-15T04:16:00,5.16
CUR003,2026-11-15T11:25:00,LW,,Puerto Montt,2026-11-15T10:58:00,2.7
CUR003,2026-11-15T17:34:00,HW,,Puerto Montt,2026-11-15T17:07:00,4.39
CUR003,2026-11-15T23:13:00,LW,,Puerto Montt,2026-11-15T22:46:00,3.09
CUR003,2026-11-16T05:37:00,HW,,Puerto Montt,2026-11-16T05:10:00,4.88
CUR003,2026-11-16T12:31:00,LW,,Puerto Montt,2026-11-16T12:04:00,2.85
CUR003,2026-11-16T18:55:00,HW,,Puerto Montt,2026-11-16T18:28:00,4.27
CUR003,2026-11-17T00:33:00,LW,,Puerto Montt,2026-11-17T00:06:00,3.24
CUR003,2026-11-17T06:57:00,HW,,Puerto Montt,2026-11-17T06:30:00,4.7
CUR003,2026-11-17T13:58:00,LW,,Puerto Montt,2026-11-17T13:31:00,2.84
CUR003,2026-11-17T20:29:00,HW,,Puerto Montt,2026-11-17T20:02:00,4.39
CUR003,2026-11-18T02:16:00,LW,,Puerto Montt,2026-11-18T01:49:00,3.17
CUR003,2026-11-18T08:29:00,HW,,Puerto Montt,2026-11-18T08:02:00,4.73
CUR003,2026-11-18T15:13:00,LW,,Puerto Montt,2026-11-18T14:46:00,2.62
CUR003,2026-11-18T21:36:00,HW,,Puerto Montt,2026-11-18T21:09:00,4.72
CUR003,2026-11-19T03:36:00,LW,,Puerto Montt,2026-11-19T03:09:00,2.85
CUR003,2026-11-19T09:40:00,HW,,Puerto Montt,2026-11-19T09:13:00,4.97
CUR003,2026-11-19T16:08:00,LW,,Puerto Montt,2026-11-19T15:41:00,2.3
CUR003,2026-11-19T22:25:00,HW,,Puerto Montt,2026-11-19T21:58:00,5.16
CUR003,2026-11-20T04:34:00,LW,,Puerto Montt,2026-11-20T04:07:00,2.41
CUR003,2026-11-20T10:35:00,HW,,Puerto Montt,2026-11-20T10:08:00,5.28
CUR003,2026-11-20T16:54:00,LW,,Puerto Montt,2026-11-20T16:27:00,1.95
CUR003,2026-11-20T23:07:00,HW,,Puerto Montt,2026-11-20T22:40:00,5.64
CUR003,2026-11-21T05:22:00,LW,,Puerto Montt,2026-11-21T04:55:00,1.94
CUR003,2026-11-21T11:23:00,HW,,Puerto Montt,2026-11-21T10:56:00,5.61
CUR003,2026-11-21T17:36:00,LW,,Puerto Montt,2026-11-21T17:09:00,1.63
CUR003,2026-11-21T23:48:00,HW,,Puerto Montt,2026-11-21T23:21:00,6.11
CUR003,2026-11-22T06:07:00,LW,,Puerto Montt,2026-11-22T05:40:00,1.5
CUR003,2026-11-22T12:09:00,HW,,Puerto Montt,2026-11-22T11:42:00,5.89
CUR003,2026-11-22T18:17:00,LW,,Puerto Montt,2026-11-22T17:50:00,1.38
CUR003,2026-11-23T00:28:00,HW,,Puerto Montt,2026-11-23T00:01:00,6.52
CUR003,2026-11-23T06:51:00,LW,,Puerto Montt,2026-11-23T06:24:00,1.14
CUR003,2026-11-23T12:54:00,HW,,Puerto Montt,2026-11-23T12:27:00,6.08
CUR003,2026-11-23T18:58:00,LW,,Puerto Montt,2026-11-23T18:31:00,1.23
CUR003,2026-11-24T01:10:00,HW,,Puerto Montt,2026-11-24T00:43:00,6.83
CUR003,2026-11-24T07:36:00,LW,,Puerto Montt,2026-11-24T07:09:00,0.89
CUR003,2026-11-24T13:41:00,HW,,Puerto Montt,2026-11-24T13:14:00,6.17
CUR003,2026-11-24T19:41:00,LW,,Puerto Montt,2026-11-24T19:14:00,1.19
CUR003,2026-11-25T01:54:00,HW,,Puerto Montt,2026-11-25T01:27:00,7.01
CUR003,2026-11-25T08:23:00,LW,,Puerto Montt,2026-11-25T07:56:00,0.79
CUR003,2026-11-25T14:28:00,HW,,Puerto Montt,2026-11-25T14:01:00,6.15
CUR003,2026-11-25T20:26:00,LW,,Puerto Montt,2026-11-25T19:59:00,1.26
CUR003,2026-11-26T02:40:00,HW,,Puerto Montt,2026-11-26T02:13:00,7.03
CUR003,2026-11-26T09:11:00,LW,,Puerto Montt,2026-11-26T08:44:00,0.83
CUR003,2026-11-26T15:16:00,HW,,Puerto Montt,2026-11-26T14:49:00,6.03
CUR003,2026-11-26T21:14:00,LW,,Puerto Montt,2026-11-26T20:47:00,1.41
CUR003,2026-11-27T03:28:00,HW,,Puerto Montt,2026-11-27T03:01:00,6.9
CUR003,2026-11-27T10:01:00,LW,,Puerto Montt,2026-11-27T09:34:00,0.97
CUR003,2026-11-27T16:08:00,HW,,Puerto Montt,2026-11-27T15:41:00,5.85
CUR003,2026-11-27T22:04:00,LW,,Puerto Montt,2026-11-27T21:37:00,1.61
CUR003,2026-11-28T04:19:00,HW,,Puerto Montt,2026-11-28T03:52:00,6.66
CUR003,2026-11-28T10:54:00,LW,,Puerto Montt,2026-11-28T10:27:00,1.18
CUR003,2026-11-28T17:02:00,HW,,Puerto Montt,2026-11-28T16:35:00,5.65
CUR003,2026-11-28T23:00:00,LW,,Puerto Montt,2026-11-28T22:33:00,1.84
CUR003,2026-11-29T05:14:00,HW,,Puerto Montt,2026-11-29T04:47:00,6.36
CUR003,2026-11-29T11:51:00,LW,,Puerto Montt,2026-11-29T11:24:00,1.41
CUR003,2026-11-29T18:02:00,HW,,Puerto Montt,2026-11-29T17:35:00,5.47
CUR003,2026-11-30T00:01:00,LW,,Puerto Montt,2026-11-29T23:34:00,2.04
CUR003,2026-11-30T06:14:00,HW,,Puerto Montt,2026-11-30T05:47:00,6.04
CUR003,2026-11-30T12:51:00,LW,,Puerto Montt,2026-11-30T12:24:00,1.61
CUR003,2026-11-30T19:07:00,HW,,Puerto Montt,2026-11-30T18:40:00,5.36
CUR003,2026-12-01T01:07:00,LW,,Puerto Montt,2026-12-01T00:40:00,2.18
CUR003,2026-12-01T07:20:00,HW,,Puerto Montt,2026-12-01T06:53:00,5.77
CUR003,2026-12-01T13:54:00,LW,,Puerto Montt,2026-12-01T13:27:00,1.75
CUR003,2026-12-01T20:14:00,HW,,Puerto Montt,2026-12-01T19:47:00,5.37
CUR003,2026-12-02T02:18:00,LW,,Puerto Montt,2026-12-02T01:51:00,2.22
CUR003,2026-12-02T08:29:00,HW,,Puerto Montt,2026-12-02T08:02:00,5.59
CUR003,2026-12-02T14:58:00,LW,,Puerto Montt,2026-12-02T14:31:00,1.81
CUR003,2026-12-02T21:18:00,HW,,Puerto Montt,2026-12-02T20:51:00,5.48
CUR003,2026-12-03T03:29:00,LW,,Puerto Montt,2026-12-03T03:02:00,2.14
CUR003,2026-12-03T09:36:00,HW,,Puerto Montt,2026-12-03T09:09:00,5.51
CUR003,2026-12-03T15:58:00,LW,,Puerto Montt,2026-12-03T15:31:00,1.81
CUR003,2026-12-03T22:17:00,HW,,Puerto Montt,2026-12-03T21:50:00,5.66
CUR003,2026-12-04T04:34:00,LW,,Puerto Montt,2026-12-04T04:07:00,1.98
CUR003,2026-12-04T10:38:00,HW,,Puerto Montt,2026-12-04T10:11:00,5.5
CUR003,2026-12-04T16:53:00,LW,,Puerto Montt,2026-12-04T16:26:00,1.78
CUR003,2026-12-04T23:10:00,HW,,Puerto Montt,2026-12-04T22:43:00,5.87
CUR003,2026-12-05T05:32:00,LW,,Puerto Montt,2026-12-05T05:05:00,1.78
CUR003,2026-12-05T11:34:00,HW,,Puerto Montt,2026-12-05T11:07:00,5.53
CUR003,2026-12-05T17:42:00,LW,,Puerto Montt,2026-12-05T17:15:00,1.76
CUR003,2026-12-05T23:57:00,HW,,Puerto Montt,2026-12-05T23:30:00,6.06
CUR003,2026-12-06T06:22:00,LW,,Puerto Montt,2026-12-06T05:55:00,1.62
CUR003,2026-12-06T12:24:00,HW,,Puerto Montt,2026-12-06T11:57:00,5.56
CUR003,2026-12-06T18:25:00,LW,,Puerto Montt,2026-12-06T17:58:00,1.78
CUR003,2026-12-07T00:39:00,HW,,Puerto Montt,2026-12-07T00:12:00,6.2
CUR003,2026-12-07T07:07:00,LW,,Puerto Montt,2026-12-07T06:40:00,1.53
CUR003,2026-12-07T13:08:00,HW,,Puerto Montt,2026-12-07T12:41:00,5.56
CUR003,2026-12-07T19:04:00,LW,,Puerto Montt,2026-12-07T18:37:00,1.83
CUR003,2026-12-08T01:17:00,HW,,Puerto Montt,2026-12-08T00:50:00,6.26
CUR003,2026-12-08T07:46:00,LW,,Puerto Montt,2026-12-08T07:19:00,1.52
CUR003,2026-12-08T13:47:00,HW,,Puerto Montt,2026-12-08T13:20:00,5.52
CUR003,2026-12-08T19:39:00,LW,,Puerto Montt,2026-12-08T19:12:00,1.92
CUR003,2026-12-09T01:52:00,HW,,Puerto Montt,2026-12-09T01:25:00,6.25
CUR003,2026-12-09T08:22:00,LW,,Puerto Montt,2026-12-09T07:55:00,1.59
CUR003,2026-12-09T14:22:00,HW,,Puerto Montt,2026-12-09T13:55:00,5.44
CUR003,2026-12-09T20:11:00,LW,,Puerto Montt,2026-12-09T19:44:00,2.02
CUR003,2026-12-10T02:24:00,HW,,Puerto Montt,2026-12-10T01:57:00,6.16
CUR003,2026-12-10T08:54:00,LW,,Puerto Montt,2026-12-10T08:27:00,1.7
CUR003,2026-12-10T14:54:00,HW,,Puerto Montt,2026-12-10T14:27:00,5.33
CUR003,2026-12-10T20:42:00,LW,,Puerto Montt,2026-12-10T20:15:00,2.15
CUR003,2026-12-11T02:54:00,HW,,Puerto Montt,2026-12-11T02:27:00,6.03
CUR003,2026-12-11T09:25:00,LW,,Puerto Montt,2026-12-11T08:58:00,1.84
CUR003,2026-12-11T15:25:00,HW,,Puerto Montt,2026-12-11T14:58:00,5.2
CUR003,2026-12-11T21:12:00,LW,,Puerto Montt,2026-12-11T20:45:00,2.27
CUR003,2026-12-12T03:24:00,HW,,Puerto Montt,2026-12-12T02:57:00,5.87
CUR003,2026-12-12T09:55:00,LW,,Puerto Montt,2026-12-12T09:28:00,1.99
CUR003,2026-12-12T15:56:00,HW,,Puerto Montt,2026-12-12T15:29:00,5.05
CUR003,2026-12-12T21:43:00,LW,,Puerto Montt,2026-12-12T21:16:00,2.4
CUR003,2026-12-13T03:55:00,HW,,Puerto Montt,2026-12-13T03:28:00,5.67
CUR003,2026-12-13T10:27:00,LW,,Puerto Montt,2026-12-13T10:00:00,2.14
CUR003,2026-12-13T16:29:00,HW,,Puerto Montt,2026-12-13T16:02:00,4.89
CUR003,2026-12-13T22:18:00,LW,,Puerto Montt,2026-12-13T21:51:00,2.54
CUR003,2026-12-14T04:29:00,HW,,Puerto Montt,2026-12-14T04:02:00,5.46
CUR003,2026-12-14T11:03:00,LW,,Puerto Montt,2026-12-14T10:36:00,2.28
CUR003,2026-12-14T17:09:00,HW,,Puerto Montt,2026-12-14T16:42:00,4.76
CUR003,2026-12-14T23:00:00,LW,,Puerto Montt,2026-12-14T22:33:00,2.68
CUR003,2026-12-15T05:10:00,HW,,Puerto Montt,2026-12-15T04:43:00,5.24
CUR003,2026-12-15T11:46:00,LW,,Puerto Montt,2026-12-15T11:19:00,2.41
CUR003,2026-12-15T17:59:00,HW,,Puerto Montt,2026-12-15T17:32:00,4.67
CUR003,2026-12-15T23:52:00,LW,,Puerto Montt,2026-12-15T23:25:00,2.81
CUR003,2026-12-16T06:02:00,HW,,Puerto Montt,2026-12-16T05:35:00,5.03
CUR003,2026-12-16T12:39:00,LW,,Puerto Montt,2026-12-16T12:12:00,2.5
CUR003,2026-12-16T19:01:00,HW,,Puerto Montt,2026-12-16T18:34:00,4.67
CUR003,2026-12-17T00:58:00,LW,,Puerto Montt,2026-12-17T00:31:00,2.88
CUR003,2026-12-17T07:08:00,HW,,Puerto Montt,2026-12-17T06:41:00,4.88
CUR003,2026-12-17T13:42:00,LW,,Puerto Montt,2026-12-17T13:15:00,2.52
CUR003,2026-12-17T20:11:00,HW,,Puerto Montt,2026-12-17T19:44:00,4.82
CUR003,2026-12-18T02:17:00,LW,,Puerto Montt,2026-12-18T01:50:00,2.82
CUR003,2026-12-18T08:24:00,HW,,Puerto Montt,2026-12-18T07:57:00,4.86
CUR003,2026-12-18T14:50:00,LW,,Puerto Montt,2026-12-18T14:23:00,2.44
CUR003,2026-12-18T21:17:00,HW,,Puerto Montt,2026-12-18T20:50:00,5.11
CUR003,2026-12-19T03:35:00,LW,,Puerto Montt,2026-12-19T03:08:00,2.58
CUR003,2026-12-19T09:38:00,HW,,Puerto Montt,2026-12-19T09:11:00,4.97
CUR003,2026-12-19T15:54:00,LW,,Puerto Montt,2026-12-19T15:27:00,2.27
CUR003,2026-12-19T22:16:00,HW,,Puerto Montt,2026-12-19T21:49:00,5.5
CUR003,2026-12-20T04:42:00,LW,,Puerto Montt,2026-12-20T04:15:00,2.22
CUR003,2026-12-20T10:44:00,HW,,Puerto Montt,2026-12-20T10:17:00,5.19
CUR003,2026-12-20T16:53:00,LW,,Puerto Montt,2026-12-20T16:26:00,2.05
CUR003,2026-12-20T23:11:00,HW,,Puerto Montt,2026-12-20T22:44:00,5.93
CUR003,2026-12-21T05:41:00,LW,,Puerto Montt,2026-12-21T05:14:00,1.8
CUR003,2026-12-21T11:44:00,HW,,Puerto Montt,2026-12-21T11:17:00,5.46
CUR003,2026-12-21T17:47:00,LW,,Puerto Montt,2026-12-21T17:20:00,1.82
CUR003,2026-12-22T00:04:00,HW,,Puerto Montt,2026-12-21T23:37:00,6.35
CUR003,2026-12-22T06:36:00,LW,,Puerto Montt,2026-12-22T06:09:00,1.39
CUR003,2026-12-22T12:40:00,HW,,Puerto Montt,2026-12-22T12:13:00,5.72
CUR003,2026-12-22T18:40:00,LW,,Puerto Montt,2026-12-22T18:13:00,1.59
CUR003,2026-12-23T00:55:00,HW,,Puerto Montt,2026-12-23T00:28:00,6.72
CUR003,2026-12-23T07:28:00,LW,,Puerto Montt,2026-12-23T07:01:00,1.04
CUR003,2026-12-23T13:33:00,HW,,Puerto Montt,2026-12-23T13:06:00,5.95
CUR003,2026-12-23T19:31:00,LW,,Puerto Montt,2026-12-23T19:04:00,1.4
CUR003,2026-12-24T01:46:00,HW,,Puerto Montt,2026-12-24T01:19:00,6.99
CUR003,2026-12-24T08:18:00,LW,,Puerto Montt,2026-12-24T07:51:00,0.79
CUR003,2026-12-24T14:24:00,HW,,Puerto Montt,2026-12-24T13:57:00,6.11
CUR003,2026-12-24T20:21:00,LW,,Puerto Montt,2026-12-24T19:54:00,1.27
CUR003,2026-12-25T02:35:00,HW,,Puerto Montt,2026-12-25T02:08:00,7.13
CUR003,2026-12-25T09:07:00,LW,,Puerto Montt,2026-12-25T08:40:00,0.66
CUR003,2026-12-25T15:13:00,HW,,Puerto Montt,2026-12-25T14:46:00,6.18
CUR003,2026-12-25T21:11:00,LW,,Puerto Montt,2026-12-25T20:44:00,1.2
CUR003,2026-12-26T03:24:00,HW,,Puerto Montt,2026-12-26T02:57:00,7.13
CUR003,2026-12-26T09:56:00,LW,,Puerto Montt,2026-12-26T09:29:00,0.65
CUR003,2026-12-26T16:01:00,HW,,Puerto Montt,2026-12-26T15:34:00,6.17
CUR003,2026-12-26T22:01:00,LW,,Puerto Montt,2026-12-26T21:34:00,1.22
CUR003,2026-12-27T04:12:00,HW,,Puerto Montt,2026-12-27T03:45:00,6.99
CUR003,2026-12-27T10:43:00,LW,,Puerto Montt,2026-12-27T10:16:00,0.77
CUR003,2026-12-27T16:49:00,HW,,Puerto Montt,2026-12-27T16:22:00,6.07
CUR003,2026-12-27T22:50:00,LW,,Puerto Montt,2026-12-27T22:23:00,1.34
CUR003,2026-12-28T05:00:00,HW,,Puerto Montt,2026-12-28T04:33:00,6.7
CUR003,2026-12-28T11:29:00,LW,,Puerto Montt,2026-12-28T11:02:00,0.99
CUR003,2026-12-28T17:38:00,HW,,Puerto Montt,2026-12-28T17:11:00,5.92
CUR003,2026-12-28T23:40:00,LW,,Puerto Montt,2026-12-28T23:13:00,1.55
CUR003,2026-12-29T05:49:00,HW,,Puerto Montt,2026-12-29T05:22:00,6.32
CUR003,2026-12-29T12:16:00,LW,,Puerto Montt,2026-12-29T11:49:00,1.29
CUR003,2026-12-29T18:29:00,HW,,Puerto Montt,2026-12-29T18:02:00,5.73
CUR003,2026-12-30T00:33:00,LW,,Puerto Montt,2026-12-30T00:06:00,1.83
CUR003,2026-12-30T06:42:00,HW,,Puerto Montt,2026-12-30T06:15:00,5.88
CUR003,2026-12-30T13:06:00,LW,,Puerto Montt,2026-12-30T12:39:00,1.64
CUR003,2026-12-30T19:24:00,HW,,Puerto Montt,2026-12-30T18:57:00,5.54
CUR003,2026-12-31T01:33:00,LW,,Puerto Montt,2026-12-31T01:06:00,2.12
CUR003,2026-12-31T07:40:00,HW,,Puerto Montt,2026-12-31T07:13:00,5.44
CUR003,2026-12-31T14:02:00,LW,,Puerto Montt,2026-12-31T13:35:00,1.98
CUR003,2026-12-31T20:26:00,HW,,Puerto Montt,2026-12-31T19:59:00,5.41
CUR007,2026-01-01T00:49:00,HW,2.79,Bahía Orange,2026-01-01T01:49:00,2.17
CUR007,2026-01-01T07:41:00,LW,-0.14,Bahía Orange,2026-01-01T08:39:00,0.21
CUR007,2026-01-01T14:00:00,HW,2.3,Bahía Orange,2026-01-01T15:00:00,1.68
CUR007,2026-01-01T19:23:00,LW,0.39,Bahía Orange,2026-01-01T20:21:00,0.74
CUR007,2026-01-02T01:36:00,HW,2.87,Bahía Orange,2026-01-02T02:36:00,2.25
CUR007,2026-01-02T08:30:00,LW,-0.2,Bahía Orange,2026-01-02T09:28:00,0.15
CUR007,2026-01-02T14:49:00,HW,2.32,Bahía Orange,2026-01-02T15:49:00,1.7
CUR007,2026-01-02T20:15:00,LW,0.37,Bahía Orange,2026-01-02T21:13:00,0.72
CUR007,2026-01-03T02:25:00,HW,2.91,Bahía Orange,2026-01-03T03:25:00,2.29
CUR007,2026-01-03T09:18:00,LW,-0.23,Bahía Orange,2026-01-03T10:16:00,0.12
CUR007,2026-01-03T15:36:00,HW,2.33,Bahía Orange,2026-01-03T16:36:00,1.71
CUR007,2026-01-03T21:05:00,LW,0.35,Bahía Orange,2026-01-03T22:03:00,0.7
CUR007,2026-01-04T03:16:00,HW,2.91,Bahía Orange,2026-01-04T04:16:00,2.29
CUR007,2026-01-04T10:08:00,LW,-0.21,Bahía Orange,2026-01-04T11:06:00,0.14
CUR007,2026-01-04T16:24:00,HW,2.33,Bahía Orange,2026-01-04T17:24:00,1.71
CUR007,2026-01-04T21:53:00,LW,0.33,Bahía Orange,2026-01-04T22:51:00,0.68
CUR007,2026-01-05T04:06:00,HW,2.87,Bahía Orange,2026-01-05T05:06:00,2.25
CUR007,2026-01-05T10:58:00,LW,-0.15,Bahía Orange,2026-01-05T11:56:00,0.2
CUR007,2026-01-05T17:13:00,HW,2.34,Bahía Orange,2026-01-05T18:13:00,1.72
CUR007,2026-01-05T22:41:00,LW,0.34,Bahía Orange,2026-01-05T23:39:00,0.69
CUR007,2026-01-06T04:56:00,HW,2.79,Bahía Orange,2026-01-06T05:56:00,2.17
CUR007,2026-01-06T11:46:00,LW,-0.07,Bahía Orange,2026-01-06T12:44:00,0.28
CUR007,2026-01-06T18:04:00,HW,2.34,Bahía Orange,2026-01-06T19:04:00,1.72
CUR007,2026-01-06T23:34:00,LW,0.37,Bahía Orange,2026-01-07T00:32:00,0.72
CUR007,2026-01-07T05:46:00,HW,2.66,Bahía Orange,2026-01-07T06:46:00,2.04
CUR007,2026-01-07T12:34:00,LW,0.03,Bahía Orange,2026-01-07T13:32:00,0.38
CUR007,2026-01-07T18:53:00,HW,2.35,Bahía Orange,2026-01-07T19:53:00,1.73
CUR007,2026-01-08T00:37:00,LW,0.4,Bahía Orange,2026-01-08T01:35:00,0.75
CUR007,2026-01-08T06:40:00,HW,2.52,Bahía Orange,2026-01-08T07:40:00,1.9
CUR007,2026-01-08T13:23:00,LW,0.15,Bahía Orange,2026-01-08T14:21:00,0.5
CUR007,2026-01-08T19:41:00,HW,2.36,Bahía Orange,2026-01-08T20:41:00,1.74
CUR007,2026-01-09T01:50:00,LW,0.4,Bahía Orange,2026-01-09T02:48:00,0.75
CUR007,2026-01-09T07:45:00,HW,2.37,Bahía Orange,2026-01-09T08:45:00,1.75
CUR007,2026-01-09T14:15:00,LW,0.27,Bahía Orange,2026-01-09T15:13:00,0.62
CUR007,2026-01-09T20:30:00,HW,2.37,Bahía Orange,2026-01-09T21:30:00,1.75
CUR007,2026-01-10T02:59:00,LW,0.38,Bahía Orange,2026-01-10T03:57:00,0.73
CUR007,2026-01-10T08:58:00,HW,2.25,Bahía Orange,2026-01-10T09:58:00,1.63
CUR007,2026-01-10T15:11:00,LW,0.37,Bahía Orange,2026-01-10T16:09:00,0.72
CUR007,2026-01-10T21:24:00,HW,2.38,Bahía Orange,2026-01-10T22:24:00,1.76
CUR007,2026-01-11T04:04:00,LW,0.34,Bahía Orange,2026-01-11T05:02:00,0.69
CUR007,2026-01-11T10:07:00,HW,2.18,Bahía Orange,2026-01-11T11:07:00,1.56
CUR007,2026-01-11T16:03:00,LW,0.45,Bahía Orange,2026-01-11T17:01:00,0.8
CUR007,2026-01-11T22:20:00,HW,2.42,Bahía Orange,2026-01-11T23:20:00,1.8
CUR007,2026-01-12T05:05:00,LW,0.28,Bahía Orange,2026-01-12T06:03:00,0.63
CUR007,2026-01-12T11:09:00,HW,2.13,Bahía Orange,2026-01-12T12:09:00,1.51
CUR007,2026-01-12T16:48:00,LW,0.51,Bahía Orange,2026-01-12T17:46:00,0.86
CUR007,2026-01-12T23:09:00,HW,2.46,Bahía Orange,2026-01-13T00:09:00,1.84
CUR007,2026-01-13T06:01:00,LW,0.21,Bahía Orange,2026-01-13T06:59:00,0.56
CUR007,2026-01-13T12:08:00,HW,2.11,Bahía Orange,2026-01-13T13:08:00,1.49
CUR007,2026-01-13T17:30:00,LW,0.56,Bahía Orange,2026-01-13T18:28:00,0.91
CUR007,2026-01-13T23:51:00,HW,2.51,Bahía Orange,2026-01-14T00:51:00,1.89
CUR007,2026-01-14T06:47:00,LW,0.14,Bahía Orange,2026-01-14T07:45:00,0.49
CUR007,2026-01-14T13:01:00,HW,2.11,Bahía Orange,2026-01-14T14:01:00,1.49
CUR007,2026-01-14T18:10:00,LW,0.59,Bahía Orange,2026-01-14T19:08:00,0.94
CUR007,2026-01-15T00:28:00,HW,2.56,Bahía Orange,2026-01-15T01:28:00,1.94
CUR007,2026-01-15T07:28:00,LW,0.08,Bahía Orange,2026-01-15T08:26:00,0.43
CUR007,2026-01-15T13:45:00,HW,2.12,Bahía Orange,2026-01-15T14:45:00,1.5
CUR007,2026-01-15T18:51:00,LW,0.6,Bahía Orange,2026-01-15T19:49:00,0.95
CUR007,2026-01-16T01:03:00,HW,2.61,Bahía Orange,2026-01-16T02:03:00,1.99
CUR007,2026-01-16T08:04:00,LW,0.04,Bahía Orange,2026-01-16T09:02:00,0.39
CUR007,2026-01-16T14:24:00,HW,2.14,Bahía Orange,2026-01-16T15:24:00,1.52
CUR007,2026-01-16T19:33:00,LW,0.59,Bahía Orange,2026-01-16T20:31:00,0.94
CUR007,2026-01-17T01:39:00,HW,2.64,Bahía Orange,2026-01-17T02:39:00,2.02
CUR007,2026-01-17T08:40:00,LW,0.0,Bahía Orange,2026-01-17T09:38:00,0.35
CUR007,2026-01-17T14:59:00,HW,2.15,Bahía Orange,2026-01-17T15:59:00,1.53
CUR007,2026-01-17T20:14:00,LW,0.57,Bahía Orange,2026-01-17T21:12:00,0.92
CUR007,2026-01-18T02:18:00,HW,2.66,Bahía Orange,2026-01-18T03:18:00,2.04
CUR007,2026-01-18T09:16:00,LW,-0.01,Bahía Orange,2026-01-18T10:14:00,0.34
CUR007,2026-01-18T15:33:00,HW,2.17,Bahía Orange,2026-01-18T16:33:00,1.55
CUR007,2026-01-18T20:54:00,LW,0.53,Bahía Orange,2026-01-18T21:52:00,0.88
CUR007,2026-01-19T03:00:00,HW,2.67,Bahía Orange,2026-01-19T04:00:00,2.05
CUR007,2026-01-19T09:54:00,LW,0.0,Bahía Orange,2026-01-19T10:52:00,0.35
CUR007,2026-01-19T16:08:00,HW,2.2,Bahía Orange,2026-01-19T17:08:00,1.58
CUR007,2026-01-19T21:33:00,LW,0.48,Bahía Orange,2026-01-19T22:31:00,0.83
CUR007,2026-01-20T03:44:00,HW,2.66,Bahía Orange,2026-01-20T04:44:00,2.04
CUR007,2026-01-20T10:33:00,LW,0.02,Bahía Orange,2026-01-20T11:31:00,0.37
CUR007,2026-01-20T16:46:00,HW,2.23,Bahía Orange,2026-01-20T17:46:00,1.61
CUR007,2026-01-20T22:15:00,LW,0.45,Bahía Orange,2026-01-20T23:13:00,0.8
CUR007,2026-01-21T04:29:00,HW,2.62,Bahía Orange,2026-01-21T05:29:00,2.0
CUR007,2026-01-21T11:13:00,LW,0.07,Bahía Orange,2026-01-21T12:11:00,0.42
CUR007,2026-01-21T17:27:00,HW,2.27,Bahía Orange,2026-01-21T18:27:00,1.65
CUR007,2026-01-21T23:01:00,LW,0.42,Bahía Orange,2026-01-21T23:59:00,0.77
CUR007,2026-01-22T05:15:00,HW,2.55,Bahía Orange,2026-01-22T06:15:00,1.93
CUR007,2026-01-22T11:54:00,LW,0.13,Bahía Orange,2026-01-22T12:52:00,0.48
CUR007,2026-01-22T18:09:00,HW,2.32,Bahía Orange,2026-01-22T19:09:00,1.7
CUR007,2026-01-22T23:56:00,LW,0.39,Bahía Orange,2026-01-23T00:54:00,0.74
CUR007,2026-01-23T06:07:00,HW,2.45,Bahía Orange,2026-01-23T07:07:00,1.83
CUR007,2026-01-23T12:37:00,LW,0.22,Bahía Orange,2026-01-23T13:35:00,0.57
CUR007,2026-01-23T18:52:00,HW,2.37,Bahía Orange,2026-01-23T19:52:00,1.75
CUR007,2026-01-24T01:02:00,LW,0.36,Bahía Orange,2026-01-24T02:00:00,0.71
CUR007,2026-01-24T07:07:00,HW,2.34,Bahía Orange,2026-01-24T08:07:00,1.72
CUR007,2026-01-24T13:24:00,LW,0.31,Bahía Orange,2026-01-24T14:22:00,0.66
CUR007,2026-01-24T19:38:00,HW,2.43,Bahía Orange,2026-01-24T20:38:00,1.81
CUR007,2026-01-25T02:14:00,LW,0.29,Bahía Orange,2026-01-25T03:12:00,0.64
CUR007,2026-01-25T08:21:00,HW,2.25,Bahía Orange,2026-01-25T09:21:00,1.63
CUR007,2026-01-25T14:18:00,LW,0.39,Bahía Orange,2026-01-25T15:16:00,0.74
CUR007,2026-01-25T20:30:00,HW,2.48,Bahía Orange,2026-01-25T21:30:00,1.86
CUR007,2026-01-26T03:24:00,LW,0.21,Bahía Orange,2026-01-26T04:22:00,0.56
CUR007,2026-01-26T09:39:00,HW,2.2,Bahía Orange,2026-01-26T10:39:00,1.58
CUR007,2026-01-26T15:18:00,LW,0.45,Bahía Orange,2026-01-26T16:16:00,0.8
CUR007,2026-01-26T21:32:00,HW,2.55,Bahía Orange,2026-01-26T22:32:00,1.93
CUR007,2026-01-27T04:33:00,LW,0.11,Bahía Orange,2026-01-27T05:31:00,0.46
CUR007,2026-01-27T10:51:00,HW,2.18,Bahía Orange,2026-01-27T11:51:00,1.56
CUR007,2026-01-27T16:17:00,LW,0.48,Bahía Orange,2026-01-27T17:15:00,0.83
CUR007,2026-01-27T22:36:00,HW,2.64,Bahía Orange,2026-01-27T23:36:00,2.02
CUR007,2026-01-28T05:38:00,LW,0.0,Bahía Orange,2026-01-28T06:36:00,0.35
CUR007,2026-01-28T11:58:00,HW,2.2,Bahía Orange,2026-01-28T12:58:00,1.58
CUR007,2026-01-28T17:12:00,LW,0.48,Bahía Orange,2026-01-28T18:10:00,0.83
CUR007,2026-01-28T23:34:00,HW,2.74,Bahía Orange,2026-01-29T00:34:00,2.12
CUR007,2026-01-29T06:34:00,LW,-0.1,Bahía Orange,2026-01-29T07:32:00,0.25
CUR007,2026-01-29T12:56:00,HW,2.23,Bahía Orange,2026-01-29T13:56:00,1.61
CUR007,2026-01-29T18:07:00,LW,0.46,Bahía Orange,2026-01-29T19:05:00,0.81
CUR007,2026-01-30T00:25:00,HW,2.82,Bahía Orange,2026-01-30T01:25:00,2.2
CUR007,2026-01-30T07:24:00,LW,-0.18,Bahía Orange,2026-01-30T08:22:00,0.17
CUR007,2026-01-30T13:46:00,HW,2.28,Bahía Orange,2026-01-30T14:46:00,1.66
CUR007,2026-01-30T19:04:00,LW,0.43,Bahía Orange,2026-01-30T20:02:00,0.78
CUR007,2026-01-31T01:16:00,HW,2.87,Bahía Orange,2026-01-31T02:16:00,2.25
CUR007,2026-01-31T08:11:00,LW,-0.21,Bahía Orange,2026-01-31T09:09:00,0.14
CUR007,2026-01-31T14:32:00,HW,2.33,Bahía Orange,2026-01-31T15:32:00,1.71
CUR007,2026-01-31T19:59:00,LW,0.38,Bahía Orange,2026-01-31T20:57:00,0.73
CUR007,2026-02-01T02:06:00,HW,2.87,Bahía Orange,2026-02-01T03:06:00,2.25
CUR007,2026-02-01T08:57:00,LW,-0.2,Bahía Orange,2026-02-01T09:55:00,0.15
CUR007,2026-02-01T15:16:00,HW,2.37,Bahía Orange,2026-02-01T16:16:00,1.75
CUR007,2026-02-01T20:51:00,LW,0.33,Bahía Orange,2026-02-01T21:49:00,0.68
CUR007,2026-02-02T02:58:00,HW,2.84,Bahía Orange,2026-02-02T03:58:00,2.22
CUR007,2026-02-02T09:44:00,LW,-0.16,Bahía Orange,2026-02-02T10:42:00,0.19
CUR007,2026-02-02T16:00:00,HW,2.4,Bahía Orange,2026-02-02T17:00:00,1.78
CUR007,2026-02-02T21:40:00,LW,0.3,Bahía Orange,2026-02-02T22:38:00,0.65
CUR007,2026-02-03T03:49:00,HW,2.77,Bahía Orange,2026-02-03T04:49:00,2.15
CUR007,2026-02-03T10:31:00,LW,-0.08,Bahía Orange,2026-02-03T11:29:00,0.27
CUR007,2026-02-03T16:46:00,HW,2.42,Bahía Orange,2026-02-03T17:46:00,1.8
CUR007,2026-02-03T22:28:00,LW,0.29,Bahía Orange,2026-02-03T23:26:00,0.64
CUR007,2026-02-04T04:39:00,HW,2.67,Bahía Orange,2026-02-04T05:39:00,2.05
CUR007,2026-02-04T11:15:00,LW,0.01,Bahía Orange,2026-02-04T12:13:00,0.36
CUR007,2026-02-04T17:33:00,HW,2.44,Bahía Orange,2026-02-04T18:33:00,1.82
CUR007,2026-02-04T23:22:00,LW,0.3,Bahía Orange,2026-02-05T00:20:00,0.65
CUR007,2026-02-05T05:29:00,HW,2.53,Bahía Orange,2026-02-05T06:29:00,1.91
CUR007,2026-02-05T11:59:00,LW,0.13,Bahía Orange,2026-02-05T12:57:00,0.48
CUR007,2026-02-05T18:18:00,HW,2.46,Bahía Orange,2026-02-05T19:18:00,1.84
CUR007,2026-02-06T00:24:00,LW,0.32,Bahía Orange,2026-02-06T01:22:00,0.67
CUR007,2026-02-06T06:23:00,HW,2.38,Bahía Orange,2026-02-06T07:23:00,1.76
CUR007,2026-02-06T12:41:00,LW,0.25,Bahía Orange,2026-02-06T13:39:00,0.6
CUR007,2026-02-06T19:02:00,HW,2.46,Bahía Orange,2026-02-06T20:02:00,1.84
CUR007,2026-02-07T01:33:00,LW,0.32,Bahía Orange,2026-02-07T02:31:00,0.67
CUR007,2026-02-07T07:27:00,HW,2.25,Bahía Orange,2026-02-07T08:27:00,1.63
CUR007,2026-02-07T13:26:00,LW,0.38,Bahía Orange,2026-02-07T14:24:00,0.73
CUR007,2026-02-07T19:46:00,HW,2.45,Bahía Orange,2026-02-07T20:46:00,1.83
CUR007,2026-02-08T02:39:00,LW,0.3,Bahía Orange,2026-02-08T03:37:00,0.65
CUR007,2026-02-08T08:40:00,HW,2.14,Bahía Orange,2026-02-08T09:40:00,1.52
CUR007,2026-02-08T14:17:00,LW,0.49,Bahía Orange,2026-02-08T15:15:00,0.84
CUR007,2026-02-08T20:32:00,HW,2.44,Bahía Orange,2026-02-08T21:32:00,1.82
CUR007,2026-02-09T03:40:00,LW,0.28,Bahía Orange,2026-02-09T04:38:00,0.63
CUR007,2026-02-09T09:47:00,HW,2.08,Bahía Orange,2026-02-09T10:47:00,1.46
CUR007,2026-02-09T15:11:00,LW,0.58,Bahía Orange,2026-02-09T16:09:00,0.93
CUR007,2026-02-09T21:25:00,HW,2.44,Bahía Orange,2026-02-09T22:25:00,1.82
CUR007,2026-02-10T04:39:00,LW,0.24,Bahía Orange,2026-02-10T05:37:00,0.59
CUR007,2026-02-10T10:49:00,HW,2.04,Bahía Orange,2026-02-10T11:49:00,1.42
CUR007,2026-02-10T16:00:00,LW,0.63,Bahía Orange,2026-02-10T16:58:00,0.98
CUR007,2026-02-10T22:20:00,HW,2.46,Bahía Orange,2026-02-10T23:20:00,1.84
CUR007,2026-02-11T05:32:00,LW,0.18,Bahía Orange,2026-02-11T06:30:00,0.53
CUR007,2026-02-11T11:49:00,HW,2.04,Bahía Orange,2026-02-11T12:49:00,1.42
CUR007,2026-02-11T16:45:00,LW,0.67,Bahía Orange,2026-02-11T17:43:00,1.02
CUR007,2026-02-11T23:07:00,HW,2.49,Bahía Orange,2026-02-12T00:07:00,1.87
CUR007,2026-02-12T06:17:00,LW,0.13,Bahía Orange,2026-02-12T07:15:00,0.48
CUR007,2026-02-12T12:40:00,HW,2.06,Bahía Orange,2026-02-12T13:40:00,1.44
CUR007,2026-02-12T17:27:00,LW,0.68,Bahía Orange,2026-02-12T18:25:00,1.03
CUR007,2026-02-12T23:47:00,HW,2.53,Bahía Orange,2026-02-13T00:47:00,1.91
CUR007,2026-02-13T06:56:00,LW,0.08,Bahía Orange,2026-02-13T07:54:00,0.43
CUR007,2026-02-13T13:21:00,HW,2.09,Bahía Orange,2026-02-13T14:21:00,1.47
CUR007,2026-02-13T18:13:00,LW,0.67,Bahía Orange,2026-02-13T19:11:00,1.02
CUR007,2026-02-14T00:26:00,HW,2.57,Bahía Orange,2026-02-14T01:26:00,1.95
CUR007,2026-02-14T07:32:00,LW,0.04,Bahía Orange,2026-02-14T08:30:00,0.39
CUR007,2026-02-14T13:56:00,HW,2.13,Bahía Orange,2026-02-14T14:56:00,1.51
CUR007,2026-02-14T19:01:00,LW,0.63,Bahía Orange,2026-02-14T19:59:00,0.98
CUR007,2026-02-15T01:06:00,HW,2.61,Bahía Orange,2026-02-15T02:06:00,1.99
CUR007,2026-02-15T08:06:00,LW,0.02,Bahía Orange,2026-02-15T09:04:00,0.37
CUR007,2026-02-15T14:28:00,HW,2.18,Bahía Orange,2026-02-15T15:28:00,1.56
CUR007,2026-02-15T19:48:00,LW,0.56,Bahía Orange,2026-02-15T20:46:00,0.91
CUR007,2026-02-16T01:50:00,HW,2.62,Bahía Orange,2026-02-16T02:50:00,2.0
CUR007,2026-02-16T08:42:00,LW,0.01,Bahía Orange,2026-02-16T09:40:00,0.36
CUR007,2026-02-16T15:00:00,HW,2.24,Bahía Orange,2026-02-16T16:00:00,1.62
CUR007,2026-02-16T20:33:00,LW,0.48,Bahía Orange,2026-02-16T21:31:00,0.83
CUR007,2026-02-17T02:36:00,HW,2.62,Bahía Orange,2026-02-17T03:36:00,2.0
CUR007,2026-02-17T09:21:00,LW,0.02,Bahía Orange,2026-02-17T10:19:00,0.37
CUR007,2026-02-17T15:34:00,HW,2.3,Bahía Orange,2026-02-17T16:34:00,1.68
CUR007,2026-02-17T21:16:00,LW,0.4,Bahía Orange,2026-02-17T22:14:00,0.75
CUR007,2026-02-18T03:24:00,HW,2.6,Bahía Orange,2026-02-18T04:24:00,1.98
CUR007,2026-02-18T10:00:00,LW,0.06,Bahía Orange,2026-02-18T10:58:00,0.41
CUR007,2026-02-18T16:12:00,HW,2.36,Bahía Orange,2026-02-18T17:12:00,1.74
CUR007,2026-02-18T22:01:00,LW,0.33,Bahía Orange,2026-02-18T22:59:00,0.68
CUR007,2026-02-19T04:12:00,HW,2.56,Bahía Orange,2026-02-19T05:12:00,1.94
CUR007,2026-02-19T10:41:00,LW,0.11,Bahía Orange,2026-02-19T11:39:00,0.46
CUR007,2026-02-19T16:53:00,HW,2.42,Bahía Orange,2026-02-19T17:53:00,1.8
CUR007,2026-02-19T22:50:00,LW,0.28,Bahía Orange,2026-02-19T23:48:00,0.63
CUR007,2026-02-20T05:01:00,HW,2.48,Bahía Orange,2026-02-20T06:01:00,1.86
CUR007,2026-02-20T11:22:00,LW,0.18,Bahía Orange,2026-02-20T12:20:00,0.53
CUR007,2026-02-20T17:36:00,HW,2.49,Bahía Orange,2026-02-20T18:36:00,1.87
CUR007,2026-02-20T23:47:00,LW,0.24,Bahía Orange,2026-02-21T00:45:00,0.59
CUR007,2026-02-21T05:55:00,HW,2.38,Bahía Orange,2026-02-21T06:55:00,1.76
CUR007,2026-02-21T12:04:00,LW,0.27,Bahía Orange,2026-02-21T13:02:00,0.62
CUR007,2026-02-21T18:20:00,HW,2.55,Bahía Orange,2026-02-21T19:20:00,1.93
CUR007,2026-02-22T00:53:00,LW,0.2,Bahía Orange,2026-02-22T01:51:00,0.55
CUR007,2026-02-22T06:58:00,HW,2.27,Bahía Orange,2026-02-22T07:58:00,1.65
CUR007,2026-02-22T12:50:00,LW,0.36,Bahía Orange,2026-02-22T13:48:00,0.71
CUR007,2026-02-22T19:07:00,HW,2.6,Bahía Orange,2026-02-22T20:07:00,1.98
CUR007,2026-02-23T02:02:00,LW,0.14,Bahía Orange,2026-02-23T03:00:00,0.49
CUR007,2026-02-23T08:12:00,HW,2.18,Bahía Orange,2026-02-23T09:12:00,1.56
CUR007,2026-02-23T13:43:00,LW,0.45,Bahía Orange,2026-02-23T14:41:00,0.8
CUR007,2026-02-23T19:58:00,HW,2.63,Bahía Orange,2026-02-23T20:58:00,2.01
CUR007,2026-02-24T03:10:00,LW,0.08,Bahía Orange,2026-02-24T04:08:00,0.43
CUR007,2026-02-24T09:28:00,HW,2.14,Bahía Orange,2026-02-24T10:28:00,1.52
CUR007,2026-02-24T14:46:00,LW,0.51,Bahía Orange,2026-02-24T15:44:00,0.86
CUR007,2026-02-24T20:59:00,HW,2.66,Bahía Orange,2026-02-24T21:59:00,2.04
CUR007,2026-02-25T04:17:00,LW,0.01,Bahía Orange,2026-02-25T05:15:00,0.36
CUR007,2026-02-25T10:38:00,HW,2.14,Bahía Orange,2026-02-25T11:38:00,1.52
CUR007,2026-02-25T15:49:00,LW,0.53,Bahía Orange,2026-02-25T16:47:00,0.88
CUR007,2026-02-25T22:07:00,HW,2.7,Bahía Orange,2026-02-25T23:07:00,2.08
CUR007,2026-02-26T05:20:00,LW,-0.06,Bahía Orange,2026-02-26T06:18:00,0.29
CUR007,2026-02-26T11:44:00,HW,2.17,Bahía Orange,2026-02-26T12:44:00,1.55
CUR007,2026-02-26T16:49:00,LW,0.52,Bahía Orange,2026-02-26T17:47:00,0.87
CUR007,2026-02-26T23:09:00,HW,2.75,Bahía Orange,2026-02-27T00:09:00,2.13
CUR007,2026-02-27T06:14:00,LW,-0.12,Bahía Orange,2026-02-27T07:12:00,0.23
CUR007,2026-02-27T12:40:00,HW,2.23,Bahía Orange,2026-02-27T13:40:00,1.61
CUR007,2026-02-27T17:49:00,LW,0.49,Bahía Orange,2026-02-27T18:47:00,0.84
CUR007,2026-02-28T00:05:00,HW,2.79,Bahía Orange,2026-02-28T01:05:00,2.17
CUR007,2026-02-28T07:03:00,LW,-0.16,Bahía Orange,2026-02-28T08:01:00,0.19
CUR007,2026-02-28T13:27:00,HW,2.3,Bahía Orange,2026-02-28T14:27:00,1.68
CUR007,2026-02-28T18:49:00,LW,0.43,Bahía Orange,2026-02-28T19:47:00,0.78
CUR007,2026-03-01T00:57:00,HW,2.8,Bahía Orange,2026-03-01T01:57:00,2.18
CUR007,2026-03-01T07:48:00,LW,-0.15,Bahía Orange,2026-03-01T08:46:00,0.2
CUR007,2026-03-01T14:10:00,HW,2.37,Bahía Orange,2026-03-01T15:10:00,1.75
CUR007,2026-03-01T19:46:00,LW,0.36,Bahía Orange,2026-03-01T20:44:00,0.71
CUR007,2026-03-02T01:50:00,HW,2.77,Bahía Orange,2026-03-02T02:50:00,2.15
CUR007,2026-03-02T08:33:00,LW,-0.12,Bahía Orange,2026-03-02T09:31:00,0.23
CUR007,2026-03-02T14:51:00,HW,2.43,Bahía Orange,2026-03-02T15:51:00,1.81
CUR007,2026-03-02T20:39:00,LW,0.29,Bahía Orange,2026-03-02T21:37:00,0.64
CUR007,2026-03-03T02:43:00,HW,2.71,Bahía Orange,2026-03-03T03:43:00,2.09
CUR007,2026-03-03T09:18:00,LW,-0.06,Bahía Orange,2026-03-03T10:16:00,0.29
CUR007,2026-03-03T15:33:00,HW,2.48,Bahía Orange,2026-03-03T16:33:00,1.86
CUR007,2026-03-03T21:27:00,LW,0.24,Bahía Orange,2026-03-03T22:25:00,0.59
CUR007,2026-03-04T03:34:00,HW,2.63,Bahía Orange,2026-03-04T04:34:00,2.01
CUR007,2026-03-04T10:01:00,LW,0.02,Bahía Orange,2026-03-04T10:59:00,0.37
CUR007,2026-03-04T16:17:00,HW,2.51,Bahía Orange,2026-03-04T17:17:00,1.89
CUR007,2026-03-04T22:16:00,LW,0.22,Bahía Orange,2026-03-04T23:14:00,0.57
CUR007,2026-03-05T04:23:00,HW,2.53,Bahía Orange,2026-03-05T05:23:00,1.91
CUR007,2026-03-05T10:43:00,LW,0.12,Bahía Orange,2026-03-05T11:41:00,0.47
CUR007,2026-03-05T17:00:00,HW,2.54,Bahía Orange,2026-03-05T18:00:00,1.92
CUR007,2026-03-05T23:08:00,LW,0.22,Bahía Orange,2026-03-06T00:06:00,0.57
CUR007,2026-03-06T05:13:00,HW,2.4,Bahía Orange,2026-03-06T06:13:00,1.78
CUR007,2026-03-06T11:22:00,LW,0.23,Bahía Orange,2026-03-06T12:20:00,0.58
CUR007,2026-03-06T17:42:00,HW,2.55,Bahía Orange,2026-03-06T18:42:00,1.93
CUR007,2026-03-07T00:07:00,LW,0.23,Bahía Orange,2026-03-07T01:05:00,0.58
CUR007,2026-03-07T06:06:00,HW,2.27,Bahía Orange,2026-03-07T07:06:00,1.65
CUR007,2026-03-07T12:00:00,LW,0.35,Bahía Orange,2026-03-07T12:58:00,0.7
CUR007,2026-03-07T18:23:00,HW,2.55,Bahía Orange,2026-03-07T19:23:00,1.93
CUR007,2026-03-08T01:10:00,LW,0.24,Bahía Orange,2026-03-08T02:08:00,0.59
CUR007,2026-03-08T07:09:00,HW,2.15,Bahía Orange,2026-03-08T08:09:00,1.53
CUR007,2026-03-08T12:37:00,LW,0.46,Bahía Orange,2026-03-08T13:35:00,0.81
CUR007,2026-03-08T19:02:00,HW,2.53,Bahía Orange,2026-03-08T20:02:00,1.91
CUR007,2026-03-09T02:11:00,LW,0.23,Bahía Orange,2026-03-09T03:09:00,0.58
CUR007,2026-03-09T08:18:00,HW,2.06,Bahía Orange,2026-03-09T09:18:00,1.44
CUR007,2026-03-09T13:17:00,LW,0.57,Bahía Orange,2026-03-09T14:15:00,0.92
CUR007,2026-03-09T19:41:00,HW,2.5,Bahía Orange,2026-03-09T20:41:00,1.88
CUR007,2026-03-10T03:08:00,LW,0.22,Bahía Orange,2026-03-10T04:06:00,0.57
CUR007,2026-03-10T09:22:00,HW,2.01,Bahía Orange,2026-03-10T10:22:00,1.39
CUR007,2026-03-10T14:04:00,LW,0.66,Bahía Orange,2026-03-10T15:02:00,1.01
CUR007,2026-03-10T20:26:00,HW,2.47,Bahía Orange,2026-03-10T21:26:00,1.85
CUR007,2026-03-11T04:04:00,LW,0.2,Bahía Orange,2026-03-11T05:02:00,0.55
CUR007,2026-03-11T10:23:00,HW,1.99,Bahía Orange,2026-03-11T11:23:00,1.37
CUR007,2026-03-11T14:59:00,LW,0.71,Bahía Orange,2026-03-11T15:57:00,1.06
CUR007,2026-03-11T21:20:00,HW,2.46,Bahía Orange,2026-03-11T22:20:00,1.84
CUR007,2026-03-12T04:56:00,LW,0.17,Bahía Orange,2026-03-12T05:54:00,0.52
CUR007,2026-03-12T11:21:00,HW,2.0,Bahía Orange,2026-03-12T12:21:00,1.38
CUR007,2026-03-12T15:53:00,LW,0.73,Bahía Orange,2026-03-12T16:51:00,1.08
CUR007,2026-03-12T22:16:00,HW,2.47,Bahía Orange,2026-03-12T23:16:00,1.85
CUR007,2026-03-13T05:41:00,LW,0.14,Bahía Orange,2026-03-13T06:39:00,0.49
CUR007,2026-03-13T12:11:00,HW,2.03,Bahía Orange,2026-03-13T13:11:00,1.41
CUR007,2026-03-13T16:43:00,LW,0.72,Bahía Orange,2026-03-13T17:41:00,1.07
CUR007,2026-03-13T23:06:00,HW,2.49,Bahía Orange,2026-03-14T00:06:00,1.87
CUR007,2026-03-14T06:20:00,LW,0.1,Bahía Orange,2026-03-14T07:18:00,0.45
CUR007,2026-03-14T12:50:00,HW,2.09,Bahía Orange,2026-03-14T13:50:00,1.47
CUR007,2026-03-14T17:37:00,LW,0.68,Bahía Orange,2026-03-14T18:35:00,1.03
CUR007,2026-03-14T23:52:00,HW,2.52,Bahía Orange,2026-03-15T00:52:00,1.9
CUR007,2026-03-15T06:56:00,LW,0.08,Bahía Orange,2026-03-15T07:54:00,0.43
CUR007,2026-03-15T13:23:00,HW,2.16,Bahía Orange,2026-03-15T14:23:00,1.54
CUR007,2026-03-15T18:33:00,LW,0.61,Bahía Orange,2026-03-15T19:31:00,0.96
CUR007,2026-03-16T00:38:00,HW,2.55,Bahía Orange,2026-03-16T01:38:00,1.93
CUR007,2026-03-16T07:31:00,LW,0.06,Bahía Orange,2026-03-16T08:29:00,0.41
CUR007,2026-03-16T13:54:00,HW,2.24,Bahía Orange,2026-03-16T14:54:00,1.62
CUR007,2026-03-16T19:27:00,LW,0.51,Bahía Orange,2026-03-16T20:25:00,0.86
CUR007,2026-03-17T01:27:00,HW,2.56,Bahía Orange,2026-03-17T02:27:00,1.94
CUR007,2026-03-17T08:09:00,LW,0.07,Bahía Orange,2026-03-17T09:07:00,0.42
CUR007,2026-03-17T14:26:00,HW,2.33,Bahía Orange,2026-03-17T15:26:00,1.71
CUR007,2026-03-17T20:16:00,LW,0.4,Bahía Orange,2026-03-17T21:14:00,0.75
CUR007,2026-03-18T02:18:00,HW,2.55,Bahía Orange,2026-03-18T03:18:00,1.93
CUR007,2026-03-18T08:48:00,LW,0.09,Bahía Orange,2026-03-18T09:46:00,0.44
CUR007,2026-03-18T15:01:00,HW,2.42,Bahía Orange,2026-03-18T16:01:00,1.8
CUR007,2026-03-18T21:02:00,LW,0.29,Bahía Orange,2026-03-18T22:00:00,0.64
CUR007,2026-03-19T03:08:00,HW,2.53,Bahía Orange,2026-03-19T04:08:00,1.91
CUR007,2026-03-19T09:29:00,LW,0.12,Bahía Orange,2026-03-19T10:27:00,0.47
CUR007,2026-03-19T15:40:00,HW,2.51,Bahía Orange,2026-03-19T16:40:00,1.89
CUR007,2026-03-19T21:49:00,LW,0.19,Bahía Orange,2026-03-19T22:47:00,0.54
CUR007,2026-03-20T03:59:00,HW,2.48,Bahía Orange,2026-03-20T04:59:00,1.86
CUR007,2026-03-20T10:11:00,LW,0.18,Bahía Orange,2026-03-20T11:09:00,0.53
CUR007,2026-03-20T16:22:00,HW,2.59,Bahía Orange,2026-03-20T17:22:00,1.97
CUR007,2026-03-20T22:40:00,LW,0.13,Bahía Orange,2026-03-20T23:38:00,0.48
CUR007,2026-03-21T04:50:00,HW,2.4,Bahía Orange,2026-03-21T05:50:00,1.78
CUR007,2026-03-21T10:52:00,LW,0.24,Bahía Orange,2026-03-21T11:50:00,0.59
CUR007,2026-03-21T17:07:00,HW,2.66,Bahía Orange,2026-03-21T18:07:00,2.04
CUR007,2026-03-21T23:38:00,LW,0.08,Bahía Orange,2026-03-22T00:36:00,0.43
CUR007,2026-03-22T05:46:00,HW,2.31,Bahía Orange,2026-03-22T06:46:00,1.69
CUR007,2026-03-22T11:35:00,LW,0.32,Bahía Orange,2026-03-22T12:33:00,0.67
CUR007,2026-03-22T17:53:00,HW,2.71,Bahía Orange,2026-03-22T18:53:00,2.09
CUR007,2026-03-23T00:42:00,LW,0.05,Bahía Orange,2026-03-23T01:40:00,0.4
CUR007,2026-03-23T06:50:00,HW,2.21,Bahía Orange,2026-03-23T07:50:00,1.59
CUR007,2026-03-23T12:21:00,LW,0.4,Bahía Orange,2026-03-23T13:19:00,0.75
CUR007,2026-03-23T18:40:00,HW,2.74,Bahía Orange,2026-03-23T19:40:00,2.12
CUR007,2026-03-24T01:47:00,LW,0.01,Bahía Orange,2026-03-24T02:45:00,0.36
CUR007,2026-03-24T08:01:00,HW,2.15,Bahía Orange,2026-03-24T09:01:00,1.53
CUR007,2026-03-24T13:14:00,LW,0.48,Bahía Orange,2026-03-24T14:12:00,0.83
CUR007,2026-03-24T19:32:00,HW,2.74,Bahía Orange,2026-03-24T20:32:00,2.12
CUR007,2026-03-25T02:52:00,LW,-0.02,Bahía Orange,2026-03-25T03:50:00,0.33
CUR007,2026-03-25T09:11:00,HW,2.12,Bahía Orange,2026-03-25T10:11:00,1.5
CUR007,2026-03-25T14:18:00,LW,0.54,Bahía Orange,2026-03-25T15:16:00,0.89
CUR007,2026-03-25T20:32:00,HW,2.72,Bahía Orange,2026-03-25T21:32:00,2.1
CUR007,2026-03-26T03:57:00,LW,-0.04,Bahía Orange,2026-03-26T04:55:00,0.31
CUR007,2026-03-26T10:18:00,HW,2.13,Bahía Orange,2026-03-26T11:18:00,1.51
CUR007,2026-03-26T15:27:00,LW,0.55,Bahía Orange,2026-03-26T16:25:00,0.9
CUR007,2026-03-26T21:42:00,HW,2.7,Bahía Orange,2026-03-26T22:42:00,2.08
CUR007,2026-03-27T04:58:00,LW,-0.07,Bahía Orange,2026-03-27T05:56:00,0.28
CUR007,2026-03-27T11:22:00,HW,2.18,Bahía Orange,2026-03-27T12:22:00,1.56
CUR007,2026-03-27T16:31:00,LW,0.53,Bahía Orange,2026-03-27T17:29:00,0.88
CUR007,2026-03-27T22:48:00,HW,2.7,Bahía Orange,2026-03-27T23:48:00,2.08
CUR007,2026-03-28T05:51:00,LW,-0.08,Bahía Orange,2026-03-28T06:49:00,0.27
CUR007,2026-03-28T12:16:00,HW,2.25,Bahía Orange,2026-03-28T13:16:00,1.63
CUR007,2026-03-28T17:34:00,LW,0.48,Bahía Orange,2026-03-28T18:32:00,0.83
CUR007,2026-03-28T23:46:00,HW,2.7,Bahía Orange,2026-03-29T00:46:00,2.08
CUR007,2026-03-29T06:38:00,LW,-0.07,Bahía Orange,2026-03-29T07:36:00,0.28
CUR007,2026-03-29T13:03:00,HW,2.34,Bahía Orange,2026-03-29T14:03:00,1.72
CUR007,2026-03-29T18:37:00,LW,0.4,Bahía Orange,2026-03-29T19:35:00,0.75
CUR007,2026-03-30T00:41:00,HW,2.67,Bahía Orange,2026-03-30T01:41:00,2.05
CUR007,2026-03-30T07:23:00,LW,-0.04,Bahía Orange,2026-03-30T08:21:00,0.31
CUR007,2026-03-30T13:44:00,HW,2.42,Bahía Orange,2026-03-30T14:44:00,1.8
CUR007,2026-03-30T19:35:00,LW,0.31,Bahía Orange,2026-03-30T20:33:00,0.66
CUR007,2026-03-31T01:36:00,HW,2.63,Bahía Orange,2026-03-31T02:36:00,2.01
CUR007,2026-03-31T08:06:00,LW,0.01,Bahía Orange,2026-03-31T09:04:00,0.36
CUR007,2026-03-31T14:24:00,HW,2.5,Bahía Orange,2026-03-31T15:24:00,1.88
CUR007,2026-03-31T20:27:00,LW,0.23,Bahía Orange,2026-03-31T21:25:00,0.58
CUR007,2026-04-01T02:29:00,HW,2.56,Bahía Orange,2026-04-01T03:29:00,1.94
CUR007,2026-04-01T08:49:00,LW,0.07,Bahía Orange,2026-04-01T09:47:00,0.42
CUR007,2026-04-01T15:04:00,HW,2.56,Bahía Orange,2026-04-01T16:04:00,1.94
CUR007,2026-04-01T21:15:00,LW,0.17,Bahía Orange,2026-04-01T22:13:00,0.52
CUR007,2026-04-02T03:20:00,HW,2.48,Bahía Orange,2026-04-02T04:20:00,1.86
CUR007,2026-04-02T09:31:00,LW,0.15,Bahía Orange,2026-04-02T10:29:00,0.5
CUR007,2026-04-02T15:45:00,HW,2.6,Bahía Orange,2026-04-02T16:45:00,1.98
CUR007,2026-04-02T22:02:00,LW,0.15,Bahía Orange,2026-04-02T23:00:00,0.5
CUR007,2026-04-03T04:08:00,HW,2.39,Bahía Orange,2026-04-03T05:08:00,1.77
CUR007,2026-04-03T10:10:00,LW,0.23,Bahía Orange,2026-04-03T11:08:00,0.58
CUR007,2026-04-03T16:26:00,HW,2.62,Bahía Orange,2026-04-03T17:26:00,2.0
CUR007,2026-04-03T22:52:00,LW,0.14,Bahía Orange,2026-04-03T23:50:00,0.49
CUR007,2026-04-04T04:57:00,HW,2.28,Bahía Orange,2026-04-04T05:57:00,1.66
CUR007,2026-04-04T10:46:00,LW,0.33,Bahía Orange,2026-04-04T11:44:00,0.68
CUR007,2026-04-04T17:06:00,HW,2.62,Bahía Orange,2026-04-04T18:06:00,2.0
CUR007,2026-04-04T23:46:00,LW,0.15,Bahía Orange,2026-04-05T00:44:00,0.5
CUR007,2026-04-05T05:48:00,HW,2.18,Bahía Orange,2026-04-05T06:48:00,1.56
CUR007,2026-04-05T11:20:00,LW,0.43,Bahía Orange,2026-04-05T12:18:00,0.78
CUR007,2026-04-05T17:43:00,HW,2.61,Bahía Orange,2026-04-05T18:43:00,1.99
CUR007,2026-04-06T00:41:00,LW,0.16,Bahía Orange,2026-04-06T01:39:00,0.51
CUR007,2026-04-06T06:47:00,HW,2.09,Bahía Orange,2026-04-06T07:47:00,1.47
CUR007,2026-04-06T11:53:00,LW,0.52,Bahía Orange,2026-04-06T12:51:00,0.87
CUR007,2026-04-06T18:19:00,HW,2.58,Bahía Orange,2026-04-06T19:19:00,1.96
CUR007,2026-04-07T01:35:00,LW,0.17,Bahía Orange,2026-04-07T02:33:00,0.52
CUR007,2026-04-07T07:50:00,HW,2.03,Bahía Orange,2026-04-07T08:50:00,1.41
CUR007,2026-04-07T12:26:00,LW,0.61,Bahía Orange,2026-04-07T13:24:00,0.96
CUR007,2026-04-07T18:55:00,HW,2.54,Bahía Orange,2026-04-07T19:55:00,1.92
CUR007,2026-04-08T02:26:00,LW,0.18,Bahía Orange,2026-04-08T03:24:00,0.53
CUR007,2026-04-08T08:49:00,HW,1.99,Bahía Orange,2026-04-08T09:49:00,1.37
CUR007,2026-04-08T13:06:00,LW,0.68,Bahía Orange,2026-04-08T14:04:00,1.03
CUR007,2026-04-08T19:35:00,HW,2.5,Bahía Orange,2026-04-08T20:35:00,1.88
CUR007,2026-04-09T03:18:00,LW,0.19,Bahía Orange,2026-04-09T04:16:00,0.54
CUR007,2026-04-09T09:45:00,HW,1.98,Bahía Orange,2026-04-09T10:45:00,1.36
CUR007,2026-04-09T14:00:00,LW,0.73,Bahía Orange,2026-04-09T14:58:00,1.08
CUR007,2026-04-09T20:24:00,HW,2.46,Bahía Orange,2026-04-09T21:24:00,1.84
CUR007,2026-04-10T04:10:00,LW,0.18,Bahía Orange,2026-04-10T05:08:00,0.53
CUR007,2026-04-10T10:41:00,HW,1.99,Bahía Orange,2026-04-10T11:41:00,1.37
CUR007,2026-04-10T15:03:00,LW,0.74,Bahía Orange,2026-04-10T16:01:00,1.09
CUR007,2026-04-10T21:25:00,HW,2.44,Bahía Orange,2026-04-10T22:25:00,1.82
CUR007,2026-04-11T04:57:00,LW,0.17,Bahía Orange,2026-04-11T05:55:00,0.52
CUR007,2026-04-11T11:30:00,HW,2.04,Bahía Orange,2026-04-11T12:30:00,1.42
CUR007,2026-04-11T16:05:00,LW,0.71,Bahía Orange,2026-04-11T17:03:00,1.06
CUR007,2026-04-11T22:28:00,HW,2.44,Bahía Orange,2026-04-11T23:28:00,1.82
CUR007,2026-04-12T05:38:00,LW,0.16,Bahía Orange,2026-04-12T06:36:00,0.51
CUR007,2026-04-12T12:10:00,HW,2.11,Bahía Orange,2026-04-12T13:10:00,1.49
CUR007,2026-04-12T17:07:00,LW,0.64,Bahía Orange,2026-04-12T18:05:00,0.99
CUR007,2026-04-12T23:23:00,HW,2.46,Bahía Orange,2026-04-13T00:23:00,1.84
CUR007,2026-04-13T06:17:00,LW,0.15,Bahía Orange,2026-04-13T07:15:00,0.5
CUR007,2026-04-13T12:45:00,HW,2.21,Bahía Orange,2026-04-13T13:45:00,1.59
CUR007,2026-04-13T18:11:00,LW,0.55,Bahía Orange,2026-04-13T19:09:00,0.9
CUR007,2026-04-14T00:16:00,HW,2.47,Bahía Orange,2026-04-14T01:16:00,1.85
CUR007,2026-04-14T06:55:00,LW,0.15,Bahía Orange,2026-04-14T07:53:00,0.5
CUR007,2026-04-14T13:17:00,HW,2.32,Bahía Orange,2026-04-14T14:17:00,1.7
CUR007,2026-04-14T19:10:00,LW,0.42,Bahía Orange,2026-04-14T20:08:00,0.77
CUR007,2026-04-15T01:10:00,HW,2.47,Bahía Orange,2026-04-15T02:10:00,1.85
CUR007,2026-04-15T07:34:00,LW,0.16,Bahía Orange,2026-04-15T08:32:00,0.51
CUR007,2026-04-15T13:52:00,HW,2.44,Bahía Orange,2026-04-15T14:52:00,1.82
CUR007,2026-04-15T20:01:00,LW,0.27,Bahía Orange,2026-04-15T20:59:00,0.62
CUR007,2026-04-16T02:04:00,HW,2.46,Bahía Orange,2026-04-16T03:04:00,1.84
CUR007,2026-04-16T08:16:00,LW,0.18,Bahía Orange,2026-04-16T09:14:00,0.53
CUR007,2026-04-16T14:29:00,HW,2.55,Bahía Orange,2026-04-16T15:29:00,1.93
CUR007,2026-04-16T20:49:00,LW,0.14,Bahía Orange,2026-04-16T21:47:00,0.49
CUR007,2026-04-17T02:57:00,HW,2.44,Bahía Orange,2026-04-17T03:57:00,1.82
CUR007,2026-04-17T09:00:00,LW,0.21,Bahía Orange,2026-04-17T09:58:00,0.56
CUR007,2026-04-17T15:10:00,HW,2.66,Bahía Orange,2026-04-17T16:10:00,2.04
CUR007,2026-04-17T21:37:00,LW,0.05,Bahía Orange,2026-04-17T22:35:00,0.4
CUR007,2026-04-18T03:48:00,HW,2.4,Bahía Orange,2026-04-18T04:48:00,1.78
CUR007,2026-04-18T09:43:00,LW,0.25,Bahía Orange,2026-04-18T10:41:00,0.6
CUR007,2026-04-18T15:55:00,HW,2.74,Bahía Orange,2026-04-18T16:55:00,2.12
CUR007,2026-04-18T22:29:00,LW,-0.02,Bahía Orange,2026-04-18T23:27:00,0.33
CUR007,2026-04-19T04:40:00,HW,2.33,Bahía Orange,2026-04-19T05:40:00,1.71
CUR007,2026-04-19T10:26:00,LW,0.3,Bahía Orange,2026-04-19T11:24:00,0.65
CUR007,2026-04-19T16:41:00,HW,2.8,Bahía Orange,2026-04-19T17:41:00,2.18
CUR007,2026-04-19T23:26:00,LW,-0.05,Bahía Orange,2026-04-20T00:24:00,0.3
CUR007,2026-04-20T05:37:00,HW,2.26,Bahía Orange,2026-04-20T06:37:00,1.64
CUR007,2026-04-20T11:09:00,LW,0.36,Bahía Orange,2026-04-20T12:07:00,0.71
CUR007,2026-04-20T17:29:00,HW,2.83,Bahía Orange,2026-04-20T18:29:00,2.21
CUR007,2026-04-21T00:27:00,LW,-0.07,Bahía Orange,2026-04-21T01:25:00,0.28
CUR007,2026-04-21T06:39:00,HW,2.2,Bahía Orange,2026-04-21T07:39:00,1.58
CUR007,2026-04-21T11:56:00,LW,0.42,Bahía Orange,2026-04-21T12:54:00,0.77
CUR007,2026-04-21T18:17:00,HW,2.83,Bahía Orange,2026-04-21T19:17:00,2.21
CUR007,2026-04-22T01:28:00,LW,-0.07,Bahía Orange,2026-04-22T02:26:00,0.28
CUR007,2026-04-22T07:45:00,HW,2.16,Bahía Orange,2026-04-22T08:45:00,1.54
CUR007,2026-04-22T12:51:00,LW,0.49,Bahía Orange,2026-04-22T13:49:00,0.84
CUR007,2026-04-22T19:09:00,HW,2.78,Bahía Orange,2026-04-22T20:09:00,2.16
CUR007,2026-04-23T02:29:00,LW,-0.05,Bahía Orange,2026-04-23T03:27:00,0.3
CUR007,2026-04-23T08:48:00,HW,2.15,Bahía Orange,2026-04-23T09:48:00,1.53
CUR007,2026-04-23T13:58:00,LW,0.53,Bahía Orange,2026-04-23T14:56:00,0.88
CUR007,2026-04-23T20:09:00,HW,2.71,Bahía Orange,2026-04-23T21:09:00,2.09
CUR007,2026-04-24T03:32:00,LW,-0.03,Bahía Orange,2026-04-24T04:30:00,0.32
CUR007,2026-04-24T09:50:00,HW,2.16,Bahía Orange,2026-04-24T10:50:00,1.54
CUR007,2026-04-24T15:10:00,LW,0.53,Bahía Orange,2026-04-24T16:08:00,0.88
CUR007,2026-04-24T21:20:00,HW,2.65,Bahía Orange,2026-04-24T22:20:00,2.03
CUR007,2026-04-25T04:31:00,LW,-0.01,Bahía Orange,2026-04-25T05:29:00,0.34
CUR007,2026-04-25T10:52:00,HW,2.21,Bahía Orange,2026-04-25T11:52:00,1.59
CUR007,2026-04-25T16:17:00,LW,0.49,Bahía Orange,2026-04-25T17:15:00,0.84
CUR007,2026-04-25T22:29:00,HW,2.6,Bahía Orange,2026-04-25T23:29:00,1.98
CUR007,2026-04-26T05:23:00,LW,0.02,Bahía Orange,2026-04-26T06:21:00,0.37
CUR007,2026-04-26T11:47:00,HW,2.3,Bahía Orange,2026-04-26T12:47:00,1.68
CUR007,2026-04-26T17:23:00,LW,0.43,Bahía Orange,2026-04-26T18:21:00,0.78
CUR007,2026-04-26T23:30:00,HW,2.57,Bahía Orange,2026-04-27T00:30:00,1.95
CUR007,2026-04-27T06:10:00,LW,0.05,Bahía Orange,2026-04-27T07:08:00,0.4
CUR007,2026-04-27T12:34:00,HW,2.39,Bahía Orange,2026-04-27T13:34:00,1.77
CUR007,2026-04-27T18:27:00,LW,0.35,Bahía Orange,2026-04-27T19:25:00,0.7
CUR007,2026-04-28T00:28:00,HW,2.52,Bahía Orange,2026-04-28T01:28:00,1.9
CUR007,2026-04-28T06:54:00,LW,0.1,Bahía Orange,2026-04-28T07:52:00,0.45
CUR007,2026-04-28T13:15:00,HW,2.48,Bahía Orange,2026-04-28T14:15:00,1.86
CUR007,2026-04-28T19:24:00,LW,0.25,Bahía Orange,2026-04-28T20:22:00,0.6
CUR007,2026-04-29T01:23:00,HW,2.47,Bahía Orange,2026-04-29T02:23:00,1.85
CUR007,2026-04-29T07:36:00,LW,0.16,Bahía Orange,2026-04-29T08:34:00,0.51
CUR007,2026-04-29T13:54:00,HW,2.56,Bahía Orange,2026-04-29T14:54:00,1.94
CUR007,2026-04-29T20:14:00,LW,0.17,Bahía Orange,2026-04-29T21:12:00,0.52
CUR007,2026-04-30T02:17:00,HW,2.41,Bahía Orange,2026-04-30T03:17:00,1.79
CUR007,2026-04-30T08:18:00,LW,0.22,Bahía Orange,2026-04-30T09:16:00,0.57
CUR007,2026-04-30T14:32:00,HW,2.62,Bahía Orange,2026-04-30T15:32:00,2.0
CUR007,2026-04-30T21:00:00,LW,0.11,Bahía Orange,2026-04-30T21:58:00,0.46
CUR007,2026-05-01T03:06:00,HW,2.35,Bahía Orange,2026-05-01T04:06:00,1.73
CUR007,2026-05-01T08:59:00,LW,0.28,Bahía Orange,2026-05-01T09:57:00,0.63
CUR007,2026-05-01T15:11:00,HW,2.65,Bahía Orange,2026-05-01T16:11:00,2.03
CUR007,2026-05-01T21:45:00,LW,0.08,Bahía Orange,2026-05-01T22:43:00,0.43
CUR007,2026-05-02T03:53:00,HW,2.28,Bahía Orange,2026-05-02T04:53:00,1.66
CUR007,2026-05-02T09:37:00,LW,0.35,Bahía Orange,2026-05-02T10:35:00,0.7
CUR007,2026-05-02T15:50:00,HW,2.67,Bahía Orange,2026-05-02T16:50:00,2.05
CUR007,2026-05-02T22:31:00,LW,0.07,Bahía Orange,2026-05-02T23:29:00,0.42
CUR007,2026-05-03T04:39:00,HW,2.21,Bahía Orange,2026-05-03T05:39:00,1.59
CUR007,2026-05-03T10:12:00,LW,0.42,Bahía Orange,2026-05-03T11:10:00,0.77
CUR007,2026-05-03T16:28:00,HW,2.66,Bahía Orange,2026-05-03T17:28:00,2.04
CUR007,2026-05-03T23:19:00,LW,0.08,Bahía Orange,2026-05-04T00:17:00,0.43
CUR007,2026-05-04T05:27:00,HW,2.13,Bahía Orange,2026-05-04T06:27:00,1.51
CUR007,2026-05-04T10:44:00,LW,0.49,Bahía Orange,2026-05-04T11:42:00,0.84
CUR007,2026-05-04T17:05:00,HW,2.65,Bahía Orange,2026-05-04T18:05:00,2.03
CUR007,2026-05-05T00:07:00,LW,0.1,Bahía Orange,2026-05-05T01:05:00,0.45
CUR007,2026-05-05T06:20:00,HW,2.07,Bahía Orange,2026-05-05T07:20:00,1.45
CUR007,2026-05-05T11:15:00,LW,0.56,Bahía Orange,2026-05-05T12:13:00,0.91
CUR007,2026-05-05T17:40:00,HW,2.62,Bahía Orange,2026-05-05T18:40:00,2.0
CUR007,2026-05-06T00:53:00,LW,0.12,Bahía Orange,2026-05-06T01:51:00,0.47
CUR007,2026-05-06T07:14:00,HW,2.03,Bahía Orange,2026-05-06T08:14:00,1.41
CUR007,2026-05-06T11:48:00,LW,0.62,Bahía Orange,2026-05-06T12:46:00,0.97
CUR007,2026-05-06T18:16:00,HW,2.57,Bahía Orange,2026-05-06T19:16:00,1.95
CUR007,2026-05-07T01:39:00,LW,0.15,Bahía Orange,2026-05-07T02:37:00,0.5
CUR007,2026-05-07T08:04:00,HW,2.01,Bahía Orange,2026-05-07T09:04:00,1.39
CUR007,2026-05-07T12:28:00,LW,0.67,Bahía Orange,2026-05-07T13:26:00,1.02
CUR007,2026-05-07T18:55:00,HW,2.52,Bahía Orange,2026-05-07T19:55:00,1.9
CUR007,2026-05-08T02:25:00,LW,0.18,Bahía Orange,2026-05-08T03:23:00,0.53
CUR007,2026-05-08T08:52:00,HW,2.0,Bahía Orange,2026-05-08T09:52:00,1.38
CUR007,2026-05-08T13:22:00,LW,0.7,Bahía Orange,2026-05-08T14:20:00,1.05
CUR007,2026-05-08T19:43:00,HW,2.46,Bahía Orange,2026-05-08T20:43:00,1.84
CUR007,2026-05-09T03:15:00,LW,0.2,Bahía Orange,2026-05-09T04:13:00,0.55
CUR007,2026-05-09T09:42:00,HW,2.02,Bahía Orange,2026-05-09T10:42:00,1.4
CUR007,2026-05-09T14:30:00,LW,0.69,Bahía Orange,2026-05-09T15:28:00,1.04
CUR007,2026-05-09T20:45:00,HW,2.41,Bahía Orange,2026-05-09T21:45:00,1.79
CUR007,2026-05-10T04:06:00,LW,0.22,Bahía Orange,2026-05-10T05:04:00,0.57
CUR007,2026-05-10T10:34:00,HW,2.08,Bahía Orange,2026-05-10T11:34:00,1.46
CUR007,2026-05-10T15:39:00,LW,0.64,Bahía Orange,2026-05-10T16:37:00,0.99
CUR007,2026-05-10T21:56:00,HW,2.38,Bahía Orange,2026-05-10T22:56:00,1.76
CUR007,2026-05-11T04:53:00,LW,0.23,Bahía Orange,2026-05-11T05:51:00,0.58
CUR007,2026-05-11T11:21:00,HW,2.17,Bahía Orange,2026-05-11T12:21:00,1.55
CUR007,2026-05-11T16:47:00,LW,0.56,Bahía Orange,2026-05-11T17:45:00,0.91
CUR007,2026-05-11T23:00:00,HW,2.38,Bahía Orange,2026-05-12T00:00:00,1.76
CUR007,2026-05-12T05:36:00,LW,0.24,Bahía Orange,2026-05-12T06:34:00,0.59
CUR007,2026-05-12T12:02:00,HW,2.28,Bahía Orange,2026-05-12T13:02:00,1.66
CUR007,2026-05-12T17:55:00,LW,0.43,Bahía Orange,2026-05-12T18:53:00,0.78
CUR007,2026-05-13T00:00:00,HW,2.37,Bahía Orange,2026-05-13T01:00:00,1.75
CUR007,2026-05-13T06:18:00,LW,0.25,Bahía Orange,2026-05-13T07:16:00,0.6
CUR007,2026-05-13T12:41:00,HW,2.42,Bahía Orange,2026-05-13T13:41:00,1.8
CUR007,2026-05-13T18:55:00,LW,0.29,Bahía Orange,2026-05-13T19:53:00,0.64
CUR007,2026-05-14T00:58:00,HW,2.37,Bahía Orange,2026-05-14T01:58:00,1.75
CUR007,2026-05-14T07:01:00,LW,0.26,Bahía Orange,2026-05-14T07:59:00,0.61
CUR007,2026-05-14T13:19:00,HW,2.56,Bahía Orange,2026-05-14T14:19:00,1.94
CUR007,2026-05-14T19:48:00,LW,0.13,Bahía Orange,2026-05-14T20:46:00,0.48
CUR007,2026-05-15T01:55:00,HW,2.37,Bahía Orange,2026-05-15T02:55:00,1.75
CUR007,2026-05-15T07:46:00,LW,0.28,Bahía Orange,2026-05-15T08:44:00,0.63
CUR007,2026-05-15T14:00:00,HW,2.68,Bahía Orange,2026-05-15T15:00:00,2.06
CUR007,2026-05-15T20:36:00,LW,0.0,Bahía Orange,2026-05-15T21:34:00,0.35
CUR007,2026-05-16T02:48:00,HW,2.36,Bahía Orange,2026-05-16T03:48:00,1.74
CUR007,2026-05-16T08:32:00,LW,0.3,Bahía Orange,2026-05-16T09:30:00,0.65
CUR007,2026-05-16T14:44:00,HW,2.78,Bahía Orange,2026-05-16T15:44:00,2.16
CUR007,2026-05-16T21:25:00,LW,-0.09,Bahía Orange,2026-05-16T22:23:00,0.26
CUR007,2026-05-17T03:39:00,HW,2.34,Bahía Orange,2026-05-17T04:39:00,1.72
CUR007,2026-05-17T09:18:00,LW,0.31,Bahía Orange,2026-05-17T10:16:00,0.66
CUR007,2026-05-17T15:30:00,HW,2.86,Bahía Orange,2026-05-17T16:30:00,2.24
CUR007,2026-05-17T22:16:00,LW,-0.14,Bahía Orange,2026-05-17T23:14:00,0.21
CUR007,2026-05-18T04:30:00,HW,2.3,Bahía Orange,2026-05-18T05:30:00,1.68
CUR007,2026-05-18T10:03:00,LW,0.33,Bahía Orange,2026-05-18T11:01:00,0.68
CUR007,2026-05-18T16:18:00,HW,2.9,Bahía Orange,2026-05-18T17:18:00,2.28
CUR007,2026-05-18T23:11:00,LW,-0.15,Bahía Orange,2026-05-19T00:09:00,0.2
CUR007,2026-05-19T05:24:00,HW,2.25,Bahía Orange,2026-05-19T06:24:00,1.63
CUR007,2026-05-19T10:48:00,LW,0.37,Bahía Orange,2026-05-19T11:46:00,0.72
CUR007,2026-05-19T17:07:00,HW,2.89,Bahía Orange,2026-05-19T18:07:00,2.27
CUR007,2026-05-20T00:08:00,LW,-0.14,Bahía Orange,2026-05-20T01:06:00,0.21
CUR007,2026-05-20T06:23:00,HW,2.22,Bahía Orange,2026-05-20T07:23:00,1.6
CUR007,2026-05-20T11:37:00,LW,0.42,Bahía Orange,2026-05-20T12:35:00,0.77
CUR007,2026-05-20T17:57:00,HW,2.85,Bahía Orange,2026-05-20T18:57:00,2.23
CUR007,2026-05-21T01:05:00,LW,-0.1,Bahía Orange,2026-05-21T02:03:00,0.25
CUR007,2026-05-21T07:22:00,HW,2.21,Bahía Orange,2026-05-21T08:22:00,1.59
CUR007,2026-05-21T12:33:00,LW,0.46,Bahía Orange,2026-05-21T13:31:00,0.81
CUR007,2026-05-21T18:49:00,HW,2.76,Bahía Orange,2026-05-21T19:49:00,2.14
CUR007,2026-05-22T02:02:00,LW,-0.04,Bahía Orange,2026-05-22T03:00:00,0.31
CUR007,2026-05-22T08:19:00,HW,2.21,Bahía Orange,2026-05-22T09:19:00,1.59
CUR007,2026-05-22T13:43:00,LW,0.49,Bahía Orange,2026-05-22T14:41:00,0.84
CUR007,2026-05-22T19:50:00,HW,2.65,Bahía Orange,2026-05-22T20:50:00,2.03
CUR007,2026-05-23T03:01:00,LW,0.03,Bahía Orange,2026-05-23T03:59:00,0.38
CUR007,2026-05-23T09:16:00,HW,2.23,Bahía Orange,2026-05-23T10:16:00,1.61
CUR007,2026-05-23T14:57:00,LW,0.48,Bahía Orange,2026-05-23T15:55:00,0.83
CUR007,2026-05-23T21:02:00,HW,2.55,Bahía Orange,2026-05-23T22:02:00,1.93
CUR007,2026-05-24T04:00:00,LW,0.09,Bahía Orange,2026-05-24T04:58:00,0.44
CUR007,2026-05-24T10:16:00,HW,2.28,Bahía Orange,2026-05-24T11:16:00,1.66
CUR007,2026-05-24T16:06:00,LW,0.43,Bahía Orange,2026-05-24T17:04:00,0.78
CUR007,2026-05-24T22:13:00,HW,2.47,Bahía Orange,2026-05-24T23:13:00,1.85
CUR007,2026-05-25T04:52:00,LW,0.15,Bahía Orange,2026-05-25T05:50:00,0.5
CUR007,2026-05-25T11:13:00,HW,2.35,Bahía Orange,2026-05-25T12:13:00,1.73
CUR007,2026-05-25T17:12:00,LW,0.37,Bahía Orange,2026-05-25T18:10:00,0.72
CUR007,2026-05-25T23:16:00,HW,2.41,Bahía Orange,2026-05-26T00:16:00,1.79
CUR007,2026-05-26T05:39:00,LW,0.2,Bahía Orange,2026-05-26T06:37:00,0.55
CUR007,2026-05-26T12:01:00,HW,2.44,Bahía Orange,2026-05-26T13:01:00,1.82
CUR007,2026-05-26T18:15:00,LW,0.28,Bahía Orange,2026-05-26T19:13:00,0.63
CUR007,2026-05-27T00:15:00,HW,2.36,Bahía Orange,2026-05-27T01:15:00,1.74
CUR007,2026-05-27T06:23:00,LW,0.26,Bahía Orange,2026-05-27T07:21:00,0.61
CUR007,2026-05-27T12:43:00,HW,2.53,Bahía Orange,2026-05-27T13:43:00,1.91
CUR007,2026-05-27T19:11:00,LW,0.19,Bahía Orange,2026-05-27T20:09:00,0.54
CUR007,2026-05-28T01:12:00,HW,2.32,Bahía Orange,2026-05-28T02:12:00,1.7
CUR007,2026-05-28T07:05:00,LW,0.31,Bahía Orange,2026-05-28T08:03:00,0.66
CUR007,2026-05-28T13:22:00,HW,2.6,Bahía Orange,2026-05-28T14:22:00,1.98
CUR007,2026-05-28T19:58:00,LW,0.11,Bahía Orange,2026-05-28T20:56:00,0.46
CUR007,2026-05-29T02:04:00,HW,2.28,Bahía Orange,2026-05-29T03:04:00,1.66
CUR007,2026-05-29T07:47:00,LW,0.36,Bahía Orange,2026-05-29T08:45:00,0.71
CUR007,2026-05-29T14:00:00,HW,2.65,Bahía Orange,2026-05-29T15:00:00,2.03
CUR007,2026-05-29T20:42:00,LW,0.05,Bahía Orange,2026-05-29T21:40:00,0.4
CUR007,2026-05-30T02:52:00,HW,2.25,Bahía Orange,2026-05-30T03:52:00,1.63
CUR007,2026-05-30T08:27:00,LW,0.41,Bahía Orange,2026-05-30T09:25:00,0.76
CUR007,2026-05-30T14:37:00,HW,2.67,Bahía Orange,2026-05-30T15:37:00,2.05
CUR007,2026-05-30T21:23:00,LW,0.03,Bahía Orange,2026-05-30T22:21:00,0.38
CUR007,2026-05-31T03:35:00,HW,2.21,Bahía Orange,2026-05-31T04:35:00,1.59
CUR007,2026-05-31T09:05:00,LW,0.45,Bahía Orange,2026-05-31T10:03:00,0.8
CUR007,2026-05-31T15:14:00,HW,2.68,Bahía Orange,2026-05-31T16:14:00,2.06
CUR007,2026-05-31T22:05:00,LW,0.02,Bahía Orange,2026-05-31T23:03:00,0.37
CUR007,2026-06-01T04:18:00,HW,2.16,Bahía Orange,2026-06-01T05:18:00,1.54
CUR007,2026-06-01T09:40:00,LW,0.49,Bahía Orange,2026-06-01T10:38:00,0.84
CUR007,2026-06-01T15:51:00,HW,2.68,Bahía Orange,2026-06-01T16:51:00,2.06
CUR007,2026-06-01T22:47:00,LW,0.03,Bahía Orange,2026-06-01T23:45:00,0.38
CUR007,2026-06-02T05:01:00,HW,2.12,Bahía Orange,2026-06-02T06:01:00,1.5
CUR007,2026-06-02T10:12:00,LW,0.53,Bahía Orange,2026-06-02T11:10:00,0.88
CUR007,2026-06-02T16:28:00,HW,2.66,Bahía Orange,2026-06-02T17:28:00,2.04
CUR007,2026-06-02T23:30:00,LW,0.06,Bahía Orange,2026-06-03T00:28:00,0.41
CUR007,2026-06-03T05:46:00,HW,2.09,Bahía Orange,2026-06-03T06:46:00,1.47
CUR007,2026-06-03T10:45:00,LW,0.56,Bahía Orange,2026-06-03T11:43:00,0.91
CUR007,2026-06-03T17:05:00,HW,2.63,Bahía Orange,2026-06-03T18:05:00,2.01
CUR007,2026-06-04T00:11:00,LW,0.09,Bahía Orange,2026-06-04T01:09:00,0.44
CUR007,2026-06-04T06:31:00,HW,2.07,Bahía Orange,2026-06-04T07:31:00,1.45
CUR007,2026-06-04T11:20:00,LW,0.59,Bahía Orange,2026-06-04T12:18:00,0.94
CUR007,2026-06-04T17:43:00,HW,2.58,Bahía Orange,2026-06-04T18:43:00,1.96
CUR007,2026-06-05T00:51:00,LW,0.13,Bahía Orange,2026-06-05T01:49:00,0.48
CUR007,2026-06-05T07:13:00,HW,2.07,Bahía Orange,2026-06-05T08:13:00,1.45
CUR007,2026-06-05T12:03:00,LW,0.61,Bahía Orange,2026-06-05T13:01:00,0.96
CUR007,2026-06-05T18:25:00,HW,2.51,Bahía Orange,2026-06-05T19:25:00,1.89
CUR007,2026-06-06T01:33:00,LW,0.18,Bahía Orange,2026-06-06T02:31:00,0.53
CUR007,2026-06-06T07:54:00,HW,2.08,Bahía Orange,2026-06-06T08:54:00,1.46
CUR007,2026-06-06T13:00:00,LW,0.62,Bahía Orange,2026-06-06T13:58:00,0.97
CUR007,2026-06-06T19:14:00,HW,2.44,Bahía Orange,2026-06-06T20:14:00,1.82
CUR007,2026-06-07T02:20:00,LW,0.23,Bahía Orange,2026-06-07T03:18:00,0.58
CUR007,2026-06-07T08:38:00,HW,2.12,Bahía Orange,2026-06-07T09:38:00,1.5
CUR007,2026-06-07T14:10:00,LW,0.6,Bahía Orange,2026-06-07T15:08:00,0.95
CUR007,2026-06-07T20:18:00,HW,2.36,Bahía Orange,2026-06-07T21:18:00,1.74
CUR007,2026-06-08T03:12:00,LW,0.28,Bahía Orange,2026-06-08T04:10:00,0.63
CUR007,2026-06-08T09:28:00,HW,2.17,Bahía Orange,2026-06-08T10:28:00,1.55
CUR007,2026-06-08T15:21:00,LW,0.53,Bahía Orange,2026-06-08T16:19:00,0.88
CUR007,2026-06-08T21:33:00,HW,2.31,Bahía Orange,2026-06-08T22:33:00,1.69
CUR007,2026-06-09T04:06:00,LW,0.32,Bahía Orange,2026-06-09T05:04:00,0.67
CUR007,2026-06-09T10:25:00,HW,2.26,Bahía Orange,2026-06-09T11:25:00,1.64
CUR007,2026-06-09T16:31:00,LW,0.43,Bahía Orange,2026-06-09T17:29:00,0.78
CUR007,2026-06-09T22:43:00,HW,2.28,Bahía Orange,2026-06-09T23:43:00,1.66
CUR007,2026-06-10T04:55:00,LW,0.34,Bahía Orange,2026-06-10T05:53:00,0.69
CUR007,2026-06-10T11:18:00,HW,2.39,Bahía Orange,2026-06-10T12:18:00,1.77
CUR007,2026-06-10T17:40:00,LW,0.3,Bahía Orange,2026-06-10T18:38:00,0.65
CUR007,2026-06-10T23:48:00,HW,2.28,Bahía Orange,2026-06-11T00:48:00,1.66
CUR007,2026-06-11T05:42:00,LW,0.36,Bahía Orange,2026-06-11T06:40:00,0.71
CUR007,2026-06-11T12:05:00,HW,2.53,Bahía Orange,2026-06-11T13:05:00,1.91
CUR007,2026-06-11T18:41:00,LW,0.14,Bahía Orange,2026-06-11T19:39:00,0.49
CUR007,2026-06-12T00:50:00,HW,2.29,Bahía Orange,2026-06-12T01:50:00,1.67
CUR007,2026-06-12T06:29:00,LW,0.37,Bahía Orange,2026-06-12T07:27:00,0.72
CUR007,2026-06-12T12:49:00,HW,2.67,Bahía Orange,2026-06-12T13:49:00,2.05
CUR007,2026-06-12T19:33:00,LW,0.0,Bahía Orange,2026-06-12T20:31:00,0.35
CUR007,2026-06-13T01:47:00,HW,2.3,Bahía Orange,2026-06-13T02:47:00,1.68
CUR007,2026-06-13T07:18:00,LW,0.37,Bahía Orange,2026-06-13T08:16:00,0.72
CUR007,2026-06-13T13:33:00,HW,2.79,Bahía Orange,2026-06-13T14:33:00,2.17
CUR007,2026-06-13T20:22:00,LW,-0.11,Bahía Orange,2026-06-13T21:20:00,0.24
CUR007,2026-06-14T02:38:00,HW,2.31,Bahía Orange,2026-06-14T03:38:00,1.69
CUR007,2026-06-14T08:08:00,LW,0.36,Bahía Orange,2026-06-14T09:06:00,0.71
CUR007,2026-06-14T14:20:00,HW,2.87,Bahía Orange,2026-06-14T15:20:00,2.25
CUR007,2026-06-14T21:10:00,LW,-0.18,Bahía Orange,2026-06-14T22:08:00,0.17
CUR007,2026-06-15T03:27:00,HW,2.31,Bahía Orange,2026-06-15T04:27:00,1.69
CUR007,2026-06-15T08:57:00,LW,0.35,Bahía Orange,2026-06-15T09:55:00,0.7
CUR007,2026-06-15T15:08:00,HW,2.92,Bahía Orange,2026-06-15T16:08:00,2.3
CUR007,2026-06-15T22:00:00,LW,-0.21,Bahía Orange,2026-06-15T22:58:00,0.14
CUR007,2026-06-16T04:16:00,HW,2.3,Bahía Orange,2026-06-16T05:16:00,1.68
CUR007,2026-06-16T09:44:00,LW,0.34,Bahía Orange,2026-06-16T10:42:00,0.69
CUR007,2026-06-16T15:58:00,HW,2.92,Bahía Orange,2026-06-16T16:58:00,2.3
CUR007,2026-06-16T22:53:00,LW,-0.19,Bahía Orange,2026-06-16T23:51:00,0.16
CUR007,2026-06-17T05:07:00,HW,2.29,Bahía Orange,2026-06-17T06:07:00,1.67
CUR007,2026-06-17T10:31:00,LW,0.35,Bahía Orange,2026-06-17T11:29:00,0.7
CUR007,2026-06-17T16:48:00,HW,2.89,Bahía Orange,2026-06-17T17:48:00,2.27
CUR007,2026-06-17T23:45:00,LW,-0.14,Bahía Orange,2026-06-18T00:43:00,0.21
CUR007,2026-06-18T06:01:00,HW,2.28,Bahía Orange,2026-06-18T07:01:00,1.66
CUR007,2026-06-18T11:22:00,LW,0.38,Bahía Orange,2026-06-18T12:20:00,0.73
CUR007,2026-06-18T17:39:00,HW,2.8,Bahía Orange,2026-06-18T18:39:00,2.18
CUR007,2026-06-19T00:37:00,LW,-0.07,Bahía Orange,2026-06-19T01:35:00,0.28
CUR007,2026-06-19T06:54:00,HW,2.29,Bahía Orange,2026-06-19T07:54:00,1.67
CUR007,2026-06-19T12:20:00,LW,0.41,Bahía Orange,2026-06-19T13:18:00,0.76
CUR007,2026-06-19T18:32:00,HW,2.68,Bahía Orange,2026-06-19T19:32:00,2.06
CUR007,2026-06-20T01:30:00,LW,0.03,Bahía Orange,2026-06-20T02:28:00,0.38
CUR007,2026-06-20T07:46:00,HW,2.3,Bahía Orange,2026-06-20T08:46:00,1.68
CUR007,2026-06-20T13:32:00,LW,0.43,Bahía Orange,2026-06-20T14:30:00,0.78
CUR007,2026-06-20T19:33:00,HW,2.54,Bahía Orange,2026-06-20T20:33:00,1.92
CUR007,2026-06-21T02:25:00,LW,0.13,Bahía Orange,2026-06-21T03:23:00,0.48
CUR007,2026-06-21T08:39:00,HW,2.32,Bahía Orange,2026-06-21T09:39:00,1.7
CUR007,2026-06-21T14:46:00,LW,0.41,Bahía Orange,2026-06-21T15:44:00,0.76
CUR007,2026-06-21T20:46:00,HW,2.42,Bahía Orange,2026-06-21T21:46:00,1.8
CUR007,2026-06-22T03:23:00,LW,0.22,Bahía Orange,2026-06-22T04:21:00,0.57
CUR007,2026-06-22T09:36:00,HW,2.36,Bahía Orange,2026-06-22T10:36:00,1.74
CUR007,2026-06-22T15:54:00,LW,0.36,Bahía Orange,2026-06-22T16:52:00,0.71
CUR007,2026-06-22T21:58:00,HW,2.33,Bahía Orange,2026-06-22T22:58:00,1.71
CUR007,2026-06-23T04:17:00,LW,0.3,Bahía Orange,2026-06-23T05:15:00,0.65
CUR007,2026-06-23T10:34:00,HW,2.41,Bahía Orange,2026-06-23T11:34:00,1.79
CUR007,2026-06-23T16:59:00,LW,0.29,Bahía Orange,2026-06-23T17:57:00,0.64
CUR007,2026-06-23T23:03:00,HW,2.27,Bahía Orange,2026-06-24T00:03:00,1.65
CUR007,2026-06-24T05:05:00,LW,0.36,Bahía Orange,2026-06-24T06:03:00,0.71
CUR007,2026-06-24T11:25:00,HW,2.48,Bahía Orange,2026-06-24T12:25:00,1.86
CUR007,2026-06-24T18:00:00,LW,0.22,Bahía Orange,2026-06-24T18:58:00,0.57
CUR007,2026-06-25T00:03:00,HW,2.22,Bahía Orange,2026-06-25T01:03:00,1.6
CUR007,2026-06-25T05:49:00,LW,0.41,Bahía Orange,2026-06-25T06:47:00,0.76
CUR007,2026-06-25T12:09:00,HW,2.55,Bahía Orange,2026-06-25T13:09:00,1.93
CUR007,2026-06-25T18:53:00,LW,0.14,Bahía Orange,2026-06-25T19:51:00,0.49
CUR007,2026-06-26T01:00:00,HW,2.2,Bahía Orange,2026-06-26T02:00:00,1.58
CUR007,2026-06-26T06:31:00,LW,0.46,Bahía Orange,2026-06-26T07:29:00,0.81
CUR007,2026-06-26T12:48:00,HW,2.6,Bahía Orange,2026-06-26T13:48:00,1.98
CUR007,2026-06-26T19:38:00,LW,0.07,Bahía Orange,2026-06-26T20:36:00,0.42
CUR007,2026-06-27T01:50:00,HW,2.19,Bahía Orange,2026-06-27T02:50:00,1.57
CUR007,2026-06-27T07:13:00,LW,0.5,Bahía Orange,2026-06-27T08:11:00,0.85
CUR007,2026-06-27T13:25:00,HW,2.64,Bahía Orange,2026-06-27T14:25:00,2.02
CUR007,2026-06-27T20:19:00,LW,0.02,Bahía Orange,2026-06-27T21:17:00,0.37
CUR007,2026-06-28T02:34:00,HW,2.18,Bahía Orange,2026-06-28T03:34:00,1.56
CUR007,2026-06-28T07:55:00,LW,0.52,Bahía Orange,2026-06-28T08:53:00,0.87
CUR007,2026-06-28T14:02:00,HW,2.66,Bahía Orange,2026-06-28T15:02:00,2.04
CUR007,2026-06-28T20:57:00,LW,0.0,Bahía Orange,2026-06-28T21:55:00,0.35
CUR007,2026-06-29T03:14:00,HW,2.17,Bahía Orange,2026-06-29T04:14:00,1.55
CUR007,2026-06-29T08:34:00,LW,0.53,Bahía Orange,2026-06-29T09:32:00,0.88
CUR007,2026-06-29T14:39:00,HW,2.67,Bahía Orange,2026-06-29T15:39:00,2.05
CUR007,2026-06-29T21:35:00,LW,0.0,Bahía Orange,2026-06-29T22:33:00,0.35
CUR007,2026-06-30T03:52:00,HW,2.16,Bahía Orange,2026-06-30T04:52:00,1.54
CUR007,2026-06-30T09:10:00,LW,0.53,Bahía Orange,2026-06-30T10:08:00,0.88
CUR007,2026-06-30T15:17:00,HW,2.67,Bahía Orange,2026-06-30T16:17:00,2.05
CUR007,2026-06-30T22:14:00,LW,0.01,Bahía Orange,2026-06-30T23:12:00,0.36
CUR007,2026-07-01T04:30:00,HW,2.15,Bahía Orange,2026-07-01T05:30:00,1.53
CUR007,2026-07-01T09:45:00,LW,0.53,Bahía Orange,2026-07-01T10:43:00,0.88
CUR007,2026-07-01T15:56:00,HW,2.65,Bahía Orange,2026-07-01T16:56:00,2.03
CUR007,2026-07-01T22:52:00,LW,0.04,Bahía Orange,2026-07-01T23:50:00,0.39
CUR007,2026-07-02T05:09:00,HW,2.15,Bahía Orange,2026-07-02T06:09:00,1.53
CUR007,2026-07-02T10:20:00,LW,0.53,Bahía Orange,2026-07-02T11:18:00,0.88
CUR007,2026-07-02T16:35:00,HW,2.61,Bahía Orange,2026-07-02T17:35:00,1.99
CUR007,2026-07-02T23:30:00,LW,0.08,Bahía Orange,2026-07-03T00:28:00,0.43
CUR007,2026-07-03T05:48:00,HW,2.16,Bahía Orange,2026-07-03T06:48:00,1.54
CUR007,2026-07-03T10:59:00,LW,0.53,Bahía Orange,2026-07-03T11:57:00,0.88
CUR007,2026-07-03T17:17:00,HW,2.56,Bahía Orange,2026-07-03T18:17:00,1.94
CUR007,2026-07-04T00:09:00,LW,0.13,Bahía Orange,2026-07-04T01:07:00,0.48
CUR007,2026-07-04T06:27:00,HW,2.18,Bahía Orange,2026-07-04T07:27:00,1.56
CUR007,2026-07-04T11:46:00,LW,0.52,Bahía Orange,2026-07-04T12:44:00,0.87
CUR007,2026-07-04T18:02:00,HW,2.48,Bahía Orange,2026-07-04T19:02:00,1.86
CUR007,2026-07-05T00:49:00,LW,0.2,Bahía Orange,2026-07-05T01:47:00,0.55
CUR007,2026-07-05T07:06:00,HW,2.22,Bahía Orange,2026-07-05T08:06:00,1.6
CUR007,2026-07-05T12:46:00,LW,0.51,Bahía Orange,2026-07-05T13:44:00,0.86
CUR007,2026-07-05T18:54:00,HW,2.38,Bahía Orange,2026-07-05T19:54:00,1.76
CUR007,2026-07-06T01:33:00,LW,0.27,Bahía Orange,2026-07-06T02:31:00,0.62
CUR007,2026-07-06T07:48:00,HW,2.26,Bahía Orange,2026-07-06T08:48:00,1.64
CUR007,2026-07-06T13:56:00,LW,0.46,Bahía Orange,2026-07-06T14:54:00,0.81
CUR007,2026-07-06T20:00:00,HW,2.29,Bahía Orange,2026-07-06T21:00:00,1.67
CUR007,2026-07-07T02:24:00,LW,0.35,Bahía Orange,2026-07-07T03:22:00,0.7
CUR007,2026-07-07T08:36:00,HW,2.32,Bahía Orange,2026-07-07T09:36:00,1.7
CUR007,2026-07-07T15:07:00,LW,0.39,Bahía Orange,2026-07-07T16:05:00,0.74
CUR007,2026-07-07T21:17:00,HW,2.23,Bahía Orange,2026-07-07T22:17:00,1.61
CUR007,2026-07-08T03:21:00,LW,0.4,Bahía Orange,2026-07-08T04:19:00,0.75
CUR007,2026-07-08T09:34:00,HW,2.4,Bahía Orange,2026-07-08T10:34:00,1.78
CUR007,2026-07-08T16:17:00,LW,0.28,Bahía Orange,2026-07-08T17:15:00,0.63
CUR007,2026-07-08T22:31:00,HW,2.2,Bahía Orange,2026-07-08T23:31:00,1.58
CUR007,2026-07-09T04:17:00,LW,0.44,Bahía Orange,2026-07-09T05:15:00,0.79
CUR007,2026-07-09T10:36:00,HW,2.51,Bahía Orange,2026-07-09T11:36:00,1.89
CUR007,2026-07-09T17:25:00,LW,0.15,Bahía Orange,2026-07-09T18:23:00,0.5
CUR007,2026-07-09T23:40:00,HW,2.2,Bahía Orange,2026-07-10T00:40:00,1.58
CUR007,2026-07-10T05:09:00,LW,0.45,Bahía Orange,2026-07-10T06:07:00,0.8
CUR007,2026-07-10T11:32:00,HW,2.63,Bahía Orange,2026-07-10T12:32:00,2.01
CUR007,2026-07-10T18:25:00,LW,0.02,Bahía Orange,2026-07-10T19:23:00,0.37
CUR007,2026-07-11T00:42:00,HW,2.22,Bahía Orange,2026-07-11T01:42:00,1.6
CUR007,2026-07-11T06:00:00,LW,0.45,Bahía Orange,2026-07-11T06:58:00,0.8
CUR007,2026-07-11T12:21:00,HW,2.75,Bahía Orange,2026-07-11T13:21:00,2.13
CUR007,2026-07-11T19:17:00,LW,-0.1,Bahía Orange,2026-07-11T20:15:00,0.25
CUR007,2026-07-12T01:37:00,HW,2.26,Bahía Orange,2026-07-12T02:37:00,1.64
CUR007,2026-07-12T06:53:00,LW,0.43,Bahía Orange,2026-07-12T07:51:00,0.78
CUR007,2026-07-12T13:09:00,HW,2.84,Bahía Orange,2026-07-12T14:09:00,2.22
CUR007,2026-07-12T20:05:00,LW,-0.18,Bahía Orange,2026-07-12T21:03:00,0.17
CUR007,2026-07-13T02:25:00,HW,2.29,Bahía Orange,2026-07-13T03:25:00,1.67
CUR007,2026-07-13T07:48:00,LW,0.4,Bahía Orange,2026-07-13T08:46:00,0.75
CUR007,2026-07-13T13:59:00,HW,2.9,Bahía Orange,2026-07-13T14:59:00,2.28
CUR007,2026-07-13T20:52:00,LW,-0.22,Bahía Orange,2026-07-13T21:50:00,0.13
CUR007,2026-07-14T03:11:00,HW,2.32,Bahía Orange,2026-07-14T04:11:00,1.7
CUR007,2026-07-14T08:40:00,LW,0.36,Bahía Orange,2026-07-14T09:38:00,0.71
CUR007,2026-07-14T14:49:00,HW,2.91,Bahía Orange,2026-07-14T15:49:00,2.29
CUR007,2026-07-14T21:41:00,LW,-0.21,Bahía Orange,2026-07-14T22:39:00,0.14
CUR007,2026-07-15T03:57:00,HW,2.34,Bahía Orange,2026-07-15T04:57:00,1.72
CUR007,2026-07-15T09:29:00,LW,0.32,Bahía Orange,2026-07-15T10:27:00,0.67
CUR007,2026-07-15T15:41:00,HW,2.88,Bahía Orange,2026-07-15T16:41:00,2.26
CUR007,2026-07-15T22:30:00,LW,-0.17,Bahía Orange,2026-07-15T23:28:00,0.18
CUR007,2026-07-16T04:45:00,HW,2.36,Bahía Orange,2026-07-16T05:45:00,1.74
CUR007,2026-07-16T10:18:00,LW,0.31,Bahía Orange,2026-07-16T11:16:00,0.66
CUR007,2026-07-16T16:32:00,HW,2.81,Bahía Orange,2026-07-16T17:32:00,2.19
CUR007,2026-07-16T23:19:00,LW,-0.1,Bahía Orange,2026-07-17T00:17:00,0.25
CUR007,2026-07-17T05:35:00,HW,2.38,Bahía Orange,2026-07-17T06:35:00,1.76
CUR007,2026-07-17T11:10:00,LW,0.32,Bahía Orange,2026-07-17T12:08:00,0.67
CUR007,2026-07-17T17:23:00,HW,2.7,Bahía Orange,2026-07-17T18:23:00,2.08
CUR007,2026-07-18T00:07:00,LW,0.0,Bahía Orange,2026-07-18T01:05:00,0.35
CUR007,2026-07-18T06:24:00,HW,2.4,Bahía Orange,2026-07-18T07:24:00,1.78
CUR007,2026-07-18T12:10:00,LW,0.34,Bahía Orange,2026-07-18T13:08:00,0.69
CUR007,2026-07-18T18:16:00,HW,2.56,Bahía Orange,2026-07-18T19:16:00,1.94
CUR007,2026-07-19T00:54:00,LW,0.12,Bahía Orange,2026-07-19T01:52:00,0.47
CUR007,2026-07-19T07:12:00,HW,2.41,Bahía Orange,2026-07-19T08:12:00,1.79
CUR007,2026-07-19T13:21:00,LW,0.34,Bahía Orange,2026-07-19T14:19:00,0.69
CUR007,2026-07-19T19:18:00,HW,2.41,Bahía Orange,2026-07-19T20:18:00,1.79
CUR007,2026-07-20T01:45:00,LW,0.24,Bahía Orange,2026-07-20T02:43:00,0.59
CUR007,2026-07-20T08:00:00,HW,2.43,Bahía Orange,2026-07-20T09:00:00,1.81
CUR007,2026-07-20T14:32:00,LW,0.32,Bahía Orange,2026-07-20T15:30:00,0.67
CUR007,2026-07-20T20:32:00,HW,2.28,Bahía Orange,2026-07-20T21:32:00,1.66
CUR007,2026-07-21T02:40:00,LW,0.35,Bahía Orange,2026-07-21T03:38:00,0.7
CUR007,2026-07-21T08:52:00,HW,2.44,Bahía Orange,2026-07-21T09:52:00,1.82
CUR007,2026-07-21T15:38:00,LW,0.28,Bahía Orange,2026-07-21T16:36:00,0.63
CUR007,2026-07-21T21:43:00,HW,2.2,Bahía Orange,2026-07-21T22:43:00,1.58
CUR007,2026-07-22T03:36:00,LW,0.44,Bahía Orange,2026-07-22T04:34:00,0.79
CUR007,2026-07-22T09:49:00,HW,2.46,Bahía Orange,2026-07-22T10:49:00,1.84
CUR007,2026-07-22T16:41:00,LW,0.23,Bahía Orange,2026-07-22T17:39:00,0.58
CUR007,2026-07-22T22:48:00,HW,2.15,Bahía Orange,2026-07-22T23:48:00,1.53
CUR007,2026-07-23T04:27:00,LW,0.51,Bahía Orange,2026-07-23T05:25:00,0.86
CUR007,2026-07-23T10:45:00,HW,2.49,Bahía Orange,2026-07-23T11:45:00,1.87
CUR007,2026-07-23T17:40:00,LW,0.17,Bahía Orange,2026-07-23T18:38:00,0.52
CUR007,2026-07-23T23:49:00,HW,2.12,Bahía Orange,2026-07-24T00:49:00,1.5
CUR007,2026-07-24T05:12:00,LW,0.56,Bahía Orange,2026-07-24T06:10:00,0.91
CUR007,2026-07-24T11:32:00,HW,2.54,Bahía Orange,2026-07-24T12:32:00,1.92
CUR007,2026-07-24T18:30:00,LW,0.11,Bahía Orange,2026-07-24T19:28:00,0.46
CUR007,2026-07-25T00:45:00,HW,2.12,Bahía Orange,2026-07-25T01:45:00,1.5
CUR007,2026-07-25T05:55:00,LW,0.59,Bahía Orange,2026-07-25T06:53:00,0.94
CUR007,2026-07-25T12:12:00,HW,2.58,Bahía Orange,2026-07-25T13:12:00,1.96
CUR007,2026-07-25T19:13:00,LW,0.06,Bahía Orange,2026-07-25T20:11:00,0.41
CUR007,2026-07-26T01:33:00,HW,2.13,Bahía Orange,2026-07-26T02:33:00,1.51
CUR007,2026-07-26T06:39:00,LW,0.61,Bahía Orange,2026-07-26T07:37:00,0.96
CUR007,2026-07-26T12:50:00,HW,2.61,Bahía Orange,2026-07-26T13:50:00,1.99
CUR007,2026-07-26T19:51:00,LW,0.02,Bahía Orange,2026-07-26T20:49:00,0.37
CUR007,2026-07-27T02:12:00,HW,2.15,Bahía Orange,2026-07-27T03:12:00,1.53
CUR007,2026-07-27T07:23:00,LW,0.6,Bahía Orange,2026-07-27T08:21:00,0.95
CUR007,2026-07-27T13:27:00,HW,2.62,Bahía Orange,2026-07-27T14:27:00,2.0
CUR007,2026-07-27T20:27:00,LW,0.0,Bahía Orange,2026-07-27T21:25:00,0.35
CUR007,2026-07-28T02:48:00,HW,2.17,Bahía Orange,2026-07-28T03:48:00,1.55
CUR007,2026-07-28T08:05:00,LW,0.58,Bahía Orange,2026-07-28T09:03:00,0.93
CUR007,2026-07-28T14:05:00,HW,2.63,Bahía Orange,2026-07-28T15:05:00,2.01
CUR007,2026-07-28T21:03:00,LW,0.0,Bahía Orange,2026-07-28T22:01:00,0.35
CUR007,2026-07-29T03:21:00,HW,2.19,Bahía Orange,2026-07-29T04:21:00,1.57
CUR007,2026-07-29T08:44:00,LW,0.55,Bahía Orange,2026-07-29T09:42:00,0.9
CUR007,2026-07-29T14:46:00,HW,2.63,Bahía Orange,2026-07-29T15:46:00,2.01
CUR007,2026-07-29T21:39:00,LW,0.02,Bahía Orange,2026-07-29T22:37:00,0.37
CUR007,2026-07-30T03:55:00,HW,2.21,Bahía Orange,2026-07-30T04:55:00,1.59
CUR007,2026-07-30T09:22:00,LW,0.5,Bahía Orange,2026-07-30T10:20:00,0.85
CUR007,2026-07-30T15:28:00,HW,2.61,Bahía Orange,2026-07-30T16:28:00,1.99
CUR007,2026-07-30T22:16:00,LW,0.05,Bahía Orange,2026-07-30T23:14:00,0.4
CUR007,2026-07-31T04:30:00,HW,2.24,Bahía Orange,2026-07-31T05:30:00,1.62
CUR007,2026-07-31T10:01:00,LW,0.46,Bahía Orange,2026-07-31T10:59:00,0.81
CUR007,2026-07-31T16:11:00,HW,2.57,Bahía Orange,2026-07-31T17:11:00,1.95
CUR007,2026-07-31T22:53:00,LW,0.09,Bahía Orange,2026-07-31T23:51:00,0.44
CUR007,2026-08-01T05:07:00,HW,2.28,Bahía Orange,2026-08-01T06:07:00,1.66
CUR007,2026-08-01T10:43:00,LW,0.43,Bahía Orange,2026-08-01T11:41:00,0.78
CUR007,2026-08-01T16:56:00,HW,2.51,Bahía Orange,2026-08-01T17:56:00,1.89
CUR007,2026-08-01T23:32:00,LW,0.15,Bahía Orange,2026-08-02T00:30:00,0.5
CUR007,2026-08-02T05:47:00,HW,2.33,Bahía Orange,2026-08-02T06:47:00,1.71
CUR007,2026-08-02T11:34:00,LW,0.4,Bahía Orange,2026-08-02T12:32:00,0.75
CUR007,2026-08-02T17:44:00,HW,2.42,Bahía Orange,2026-08-02T18:44:00,1.8
CUR007,2026-08-03T00:11:00,LW,0.23,Bahía Orange,2026-08-03T01:09:00,0.58
CUR007,2026-08-03T06:27:00,HW,2.38,Bahía Orange,2026-08-03T07:27:00,1.76
CUR007,2026-08-03T12:35:00,LW,0.36,Bahía Orange,2026-08-03T13:33:00,0.71
CUR007,2026-08-03T18:40:00,HW,2.32,Bahía Orange,2026-08-03T19:40:00,1.7
CUR007,2026-08-04T00:54:00,LW,0.32,Bahía Orange,2026-08-04T01:52:00,0.67
CUR007,2026-08-04T07:10:00,HW,2.44,Bahía Orange,2026-08-04T08:10:00,1.82
CUR007,2026-08-04T13:44:00,LW,0.31,Bahía Orange,2026-08-04T14:42:00,0.66
CUR007,2026-08-04T19:48:00,HW,2.22,Bahía Orange,2026-08-04T20:48:00,1.6
CUR007,2026-08-05T01:43:00,LW,0.4,Bahía Orange,2026-08-05T02:41:00,0.75
CUR007,2026-08-05T07:58:00,HW,2.49,Bahía Orange,2026-08-05T08:58:00,1.87
CUR007,2026-08-05T14:53:00,LW,0.23,Bahía Orange,2026-08-05T15:51:00,0.58
CUR007,2026-08-05T21:06:00,HW,2.16,Bahía Orange,2026-08-05T22:06:00,1.54
CUR007,2026-08-06T02:40:00,LW,0.47,Bahía Orange,2026-08-06T03:38:00,0.82
CUR007,2026-08-06T08:54:00,HW,2.54,Bahía Orange,2026-08-06T09:54:00,1.92
CUR007,2026-08-06T16:02:00,LW,0.14,Bahía Orange,2026-08-06T17:00:00,0.49
CUR007,2026-08-06T22:20:00,HW,2.14,Bahía Orange,2026-08-06T23:20:00,1.52
CUR007,2026-08-07T03:41:00,LW,0.51,Bahía Orange,2026-08-07T04:39:00,0.86
CUR007,2026-08-07T09:59:00,HW,2.61,Bahía Orange,2026-08-07T10:59:00,1.99
CUR007,2026-08-07T17:08:00,LW,0.04,Bahía Orange,2026-08-07T18:06:00,0.39
CUR007,2026-08-07T23:29:00,HW,2.15,Bahía Orange,2026-08-08T00:29:00,1.53
CUR007,2026-08-08T04:39:00,LW,0.52,Bahía Orange,2026-08-08T05:37:00,0.87
CUR007,2026-08-08T11:02:00,HW,2.7,Bahía Orange,2026-08-08T12:02:00,2.08
CUR007,2026-08-08T18:07:00,LW,-0.06,Bahía Orange,2026-08-08T19:05:00,0.29
CUR007,2026-08-09T00:30:00,HW,2.19,Bahía Orange,2026-08-09T01:30:00,1.57
CUR007,2026-08-09T05:36:00,LW,0.5,Bahía Orange,2026-08-09T06:34:00,0.85
CUR007,2026-08-09T11:57:00,HW,2.79,Bahía Orange,2026-08-09T12:57:00,2.17
CUR007,2026-08-09T18:58:00,LW,-0.15,Bahía Orange,2026-08-09T19:56:00,0.2
CUR007,2026-08-10T01:22:00,HW,2.25,Bahía Orange,2026-08-10T02:22:00,1.63
CUR007,2026-08-10T06:34:00,LW,0.46,Bahía Orange,2026-08-10T07:32:00,0.81
CUR007,2026-08-10T12:49:00,HW,2.84,Bahía Orange,2026-08-10T13:49:00,2.22
CUR007,2026-08-10T19:45:00,LW,-0.19,Bahía Orange,2026-08-10T20:43:00,0.16
CUR007,2026-08-11T02:07:00,HW,2.31,Bahía Orange,2026-08-11T03:07:00,1.69
CUR007,2026-08-11T07:32:00,LW,0.4,Bahía Orange,2026-08-11T08:30:00,0.75
CUR007,2026-08-11T13:40:00,HW,2.86,Bahía Orange,2026-08-11T14:40:00,2.24
CUR007,2026-08-11T20:31:00,LW,-0.19,Bahía Orange,2026-08-11T21:29:00,0.16
CUR007,2026-08-12T02:51:00,HW,2.36,Bahía Orange,2026-08-12T03:51:00,1.74
CUR007,2026-08-12T08:26:00,LW,0.33,Bahía Orange,2026-08-12T09:24:00,0.68
CUR007,2026-08-12T14:33:00,HW,2.84,Bahía Orange,2026-08-12T15:33:00,2.22
CUR007,2026-08-12T21:18:00,LW,-0.16,Bahía Orange,2026-08-12T22:16:00,0.19
CUR007,2026-08-13T03:34:00,HW,2.41,Bahía Orange,2026-08-13T04:34:00,1.79
CUR007,2026-08-13T09:17:00,LW,0.28,Bahía Orange,2026-08-13T10:15:00,0.63
CUR007,2026-08-13T15:26:00,HW,2.78,Bahía Orange,2026-08-13T16:26:00,2.16
CUR007,2026-08-13T22:05:00,LW,-0.1,Bahía Orange,2026-08-13T23:03:00,0.25
CUR007,2026-08-14T04:19:00,HW,2.45,Bahía Orange,2026-08-14T05:19:00,1.83
CUR007,2026-08-14T10:06:00,LW,0.24,Bahía Orange,2026-08-14T11:04:00,0.59
CUR007,2026-08-14T16:17:00,HW,2.69,Bahía Orange,2026-08-14T17:17:00,2.07
CUR007,2026-08-14T22:50:00,LW,-0.01,Bahía Orange,2026-08-14T23:48:00,0.34
CUR007,2026-08-15T05:06:00,HW,2.49,Bahía Orange,2026-08-15T06:06:00,1.87
CUR007,2026-08-15T10:59:00,LW,0.24,Bahía Orange,2026-08-15T11:57:00,0.59
CUR007,2026-08-15T17:08:00,HW,2.57,Bahía Orange,2026-08-15T18:08:00,1.95
CUR007,2026-08-15T23:34:00,LW,0.1,Bahía Orange,2026-08-16T00:32:00,0.45
CUR007,2026-08-16T05:52:00,HW,2.51,Bahía Orange,2026-08-16T06:52:00,1.89
CUR007,2026-08-16T11:59:00,LW,0.25,Bahía Orange,2026-08-16T12:57:00,0.6
CUR007,2026-08-16T18:02:00,HW,2.43,Bahía Orange,2026-08-16T19:02:00,1.81
CUR007,2026-08-17T00:17:00,LW,0.22,Bahía Orange,2026-08-17T01:15:00,0.57
CUR007,2026-08-17T06:37:00,HW,2.52,Bahía Orange,2026-08-17T07:37:00,1.9
CUR007,2026-08-17T13:07:00,LW,0.25,Bahía Orange,2026-08-17T14:05:00,0.6
CUR007,2026-08-17T19:04:00,HW,2.29,Bahía Orange,2026-08-17T20:04:00,1.67
CUR007,2026-08-18T01:02:00,LW,0.35,Bahía Orange,2026-08-18T02:00:00,0.7
CUR007,2026-08-18T07:21:00,HW,2.52,Bahía Orange,2026-08-18T08:21:00,1.9
CUR007,2026-08-18T14:14:00,LW,0.24,Bahía Orange,2026-08-18T15:12:00,0.59
CUR007,2026-08-18T20:16:00,HW,2.17,Bahía Orange,2026-08-18T21:16:00,1.55
CUR007,2026-08-19T01:51:00,LW,0.46,Bahía Orange,2026-08-19T02:49:00,0.81
CUR007,2026-08-19T08:08:00,HW,2.51,Bahía Orange,2026-08-19T09:08:00,1.89
CUR007,2026-08-19T15:16:00,LW,0.21,Bahía Orange,2026-08-19T16:14:00,0.56
CUR007,2026-08-19T21:26:00,HW,2.1,Bahía Orange,2026-08-19T22:26:00,1.48
CUR007,2026-08-20T02:47:00,LW,0.56,Bahía Orange,2026-08-20T03:45:00,0.91
CUR007,2026-08-20T09:00:00,HW,2.49,Bahía Orange,2026-08-20T10:00:00,1.87
CUR007,2026-08-20T16:17:00,LW,0.19,Bahía Orange,2026-08-20T17:15:00,0.54
CUR007,2026-08-20T22:29:00,HW,2.06,Bahía Orange,2026-08-20T23:29:00,1.44
CUR007,2026-08-21T03:42:00,LW,0.63,Bahía Orange,2026-08-21T04:40:00,0.98
CUR007,2026-08-21T09:57:00,HW,2.49,Bahía Orange,2026-08-21T10:57:00,1.87
CUR007,2026-08-21T17:13:00,LW,0.15,Bahía Orange,2026-08-21T18:11:00,0.5
CUR007,2026-08-21T23:30:00,HW,2.05,Bahía Orange,2026-08-22T00:30:00,1.43
CUR007,2026-08-22T04:31:00,LW,0.67,Bahía Orange,2026-08-22T05:29:00,1.02
CUR007,2026-08-22T10:49:00,HW,2.5,Bahía Orange,2026-08-22T11:49:00,1.88
CUR007,2026-08-22T18:01:00,LW,0.11,Bahía Orange,2026-08-22T18:59:00,0.46
CUR007,2026-08-23T00:25:00,HW,2.07,Bahía Orange,2026-08-23T01:25:00,1.45
CUR007,2026-08-23T05:17:00,LW,0.68,Bahía Orange,2026-08-23T06:15:00,1.03
CUR007,2026-08-23T11:34:00,HW,2.53,Bahía Orange,2026-08-23T12:34:00,1.91
CUR007,2026-08-23T18:42:00,LW,0.07,Bahía Orange,2026-08-23T19:40:00,0.42
CUR007,2026-08-24T01:09:00,HW,2.1,Bahía Orange,2026-08-24T02:09:00,1.48
CUR007,2026-08-24T06:03:00,LW,0.68,Bahía Orange,2026-08-24T07:01:00,1.03
CUR007,2026-08-24T12:14:00,HW,2.55,Bahía Orange,2026-08-24T13:14:00,1.93
CUR007,2026-08-24T19:18:00,LW,0.05,Bahía Orange,2026-08-24T20:16:00,0.4
CUR007,2026-08-25T01:45:00,HW,2.14,Bahía Orange,2026-08-25T02:45:00,1.52
CUR007,2026-08-25T06:51:00,LW,0.65,Bahía Orange,2026-08-25T07:49:00,1.0
CUR007,2026-08-25T12:53:00,HW,2.56,Bahía Orange,2026-08-25T13:53:00,1.94
CUR007,2026-08-25T19:53:00,LW,0.04,Bahía Orange,2026-08-25T20:51:00,0.39
CUR007,2026-08-26T02:16:00,HW,2.19,Bahía Orange,2026-08-26T03:16:00,1.57
CUR007,2026-08-26T07:38:00,LW,0.59,Bahía Orange,2026-08-26T08:36:00,0.94
CUR007,2026-08-26T13:35:00,HW,2.57,Bahía Orange,2026-08-26T14:35:00,1.95
CUR007,2026-08-26T20:27:00,LW,0.04,Bahía Orange,2026-08-26T21:25:00,0.39
CUR007,2026-08-27T02:47:00,HW,2.24,Bahía Orange,2026-08-27T03:47:00,1.62
CUR007,2026-08-27T08:21:00,LW,0.51,Bahía Orange,2026-08-27T09:19:00,0.86
CUR007,2026-08-27T14:20:00,HW,2.57,Bahía Orange,2026-08-27T15:20:00,1.95
CUR007,2026-08-27T21:03:00,LW,0.06,Bahía Orange,2026-08-27T22:01:00,0.41
CUR007,2026-08-28T03:18:00,HW,2.29,Bahía Orange,2026-08-28T04:18:00,1.67
CUR007,2026-08-28T09:03:00,LW,0.43,Bahía Orange,2026-08-28T10:01:00,0.78
CUR007,2026-08-28T15:06:00,HW,2.55,Bahía Orange,2026-08-28T16:06:00,1.93
CUR007,2026-08-28T21:41:00,LW,0.09,Bahía Orange,2026-08-28T22:39:00,0.44
CUR007,2026-08-29T03:53:00,HW,2.36,Bahía Orange,2026-08-29T04:53:00,1.74
CUR007,2026-08-29T09:45:00,LW,0.35,Bahía Orange,2026-08-29T10:43:00,0.7
CUR007,2026-08-29T15:53:00,HW,2.51,Bahía Orange,2026-08-29T16:53:00,1.89
CUR007,2026-08-29T22:19:00,LW,0.14,Bahía Orange,2026-08-29T23:17:00,0.49
CUR007,2026-08-30T04:31:00,HW,2.42,Bahía Orange,2026-08-30T05:31:00,1.8
CUR007,2026-08-30T10:30:00,LW,0.29,Bahía Orange,2026-08-30T11:28:00,0.64
CUR007,2026-08-30T16:40:00,HW,2.44,Bahía Orange,2026-08-30T17:40:00,1.82
CUR007,2026-08-30T22:58:00,LW,0.2,Bahía Orange,2026-08-30T23:56:00,0.55
CUR007,2026-08-31T05:12:00,HW,2.49,Bahía Orange,2026-08-31T06:12:00,1.87
CUR007,2026-08-31T11:23:00,LW,0.24,Bahía Orange,2026-08-31T12:21:00,0.59
CUR007,2026-08-31T17:31:00,HW,2.35,Bahía Orange,2026-08-31T18:31:00,1.73
CUR007,2026-08-31T23:38:00,LW,0.28,Bahía Orange,2026-09-01T00:36:00,0.63
CUR007,2026-09-01T05:55:00,HW,2.56,Bahía Orange,2026-09-01T06:55:00,1.94
CUR007,2026-09-01T12:25:00,LW,0.2,Bahía Orange,2026-09-01T13:23:00,0.55
CUR007,2026-09-01T18:29:00,HW,2.25,Bahía Orange,2026-09-01T19:29:00,1.63
CUR007,2026-09-02T00:20:00,LW,0.37,Bahía Orange,2026-09-02T01:18:00,0.72
CUR007,2026-09-02T06:39:00,HW,2.61,Bahía Orange,2026-09-02T07:39:00,1.99
CUR007,2026-09-02T13:31:00,LW,0.15,Bahía Orange,2026-09-02T14:29:00,0.5
CUR007,2026-09-02T19:39:00,HW,2.17,Bahía Orange,2026-09-02T20:39:00,1.55
CUR007,2026-09-03T01:09:00,LW,0.45,Bahía Orange,2026-09-03T02:07:00,0.8
CUR007,2026-09-03T07:27:00,HW,2.64,Bahía Orange,2026-09-03T08:27:00,2.02
CUR007,2026-09-03T14:37:00,LW,0.09,Bahía Orange,2026-09-03T15:35:00,0.44
CUR007,2026-09-03T20:54:00,HW,2.12,Bahía Orange,2026-09-03T21:54:00,1.5
CUR007,2026-09-04T02:07:00,LW,0.52,Bahía Orange,2026-09-04T03:05:00,0.87
CUR007,2026-09-04T08:23:00,HW,2.66,Bahía Orange,2026-09-04T09:23:00,2.04
CUR007,2026-09-04T15:44:00,LW,0.03,Bahía Orange,2026-09-04T16:42:00,0.38
CUR007,2026-09-04T22:05:00,HW,2.11,Bahía Orange,2026-09-04T23:05:00,1.49
CUR007,2026-09-05T03:12:00,LW,0.55,Bahía Orange,2026-09-05T04:10:00,0.9
CUR007,2026-09-05T09:29:00,HW,2.68,Bahía Orange,2026-09-05T10:29:00,2.06
CUR007,2026-09-05T16:49:00,LW,-0.03,Bahía Orange,2026-09-05T17:47:00,0.32
CUR007,2026-09-05T23:13:00,HW,2.13,Bahía Orange,2026-09-06T00:13:00,1.51
CUR007,2026-09-06T04:16:00,LW,0.54,Bahía Orange,2026-09-06T05:14:00,0.89
CUR007,2026-09-06T10:36:00,HW,2.72,Bahía Orange,2026-09-06T11:36:00,2.1
CUR007,2026-09-06T17:46:00,LW,-0.09,Bahía Orange,2026-09-06T18:44:00,0.26
CUR007,2026-09-07T00:12:00,HW,2.19,Bahía Orange,2026-09-07T01:12:00,1.57
CUR007,2026-09-07T05:17:00,LW,0.51,Bahía Orange,2026-09-07T06:15:00,0.86
CUR007,2026-09-07T11:36:00,HW,2.76,Bahía Orange,2026-09-07T12:36:00,2.14
CUR007,2026-09-07T18:36:00,LW,-0.13,Bahía Orange,2026-09-07T19:34:00,0.22
CUR007,2026-09-08T01:02:00,HW,2.27,Bahía Orange,2026-09-08T02:02:00,1.65
CUR007,2026-09-08T06:19:00,LW,0.45,Bahía Orange,2026-09-08T07:17:00,0.8
CUR007,2026-09-08T12:31:00,HW,2.78,Bahía Orange,2026-09-08T13:31:00,2.16
CUR007,2026-09-08T19:22:00,LW,-0.13,Bahía Orange,2026-09-08T20:20:00,0.22
CUR007,2026-09-09T01:45:00,HW,2.35,Bahía Orange,2026-09-09T02:45:00,1.73
CUR007,2026-09-09T07:20:00,LW,0.37,Bahía Orange,2026-09-09T08:18:00,0.72
CUR007,2026-09-09T13:25:00,HW,2.76,Bahía Orange,2026-09-09T14:25:00,2.14
CUR007,2026-09-09T20:08:00,LW,-0.11,Bahía Orange,2026-09-09T21:06:00,0.24
CUR007,2026-09-10T02:26:00,HW,2.43,Bahía Orange,2026-09-10T03:26:00,1.81
CUR007,2026-09-10T08:15:00,LW,0.28,Bahía Orange,2026-09-10T09:13:00,0.63
CUR007,2026-09-10T14:19:00,HW,2.72,Bahía Orange,2026-09-10T15:19:00,2.1
CUR007,2026-09-10T20:53:00,LW,-0.06,Bahía Orange,2026-09-10T21:51:00,0.29
CUR007,2026-09-11T03:08:00,HW,2.5,Bahía Orange,2026-09-11T04:08:00,1.88
CUR007,2026-09-11T09:06:00,LW,0.21,Bahía Orange,2026-09-11T10:04:00,0.56
CUR007,2026-09-11T15:12:00,HW,2.65,Bahía Orange,2026-09-11T16:12:00,2.03
CUR007,2026-09-11T21:37:00,LW,0.01,Bahía Orange,2026-09-11T22:35:00,0.36
CUR007,2026-09-12T03:51:00,HW,2.55,Bahía Orange,2026-09-12T04:51:00,1.93
CUR007,2026-09-12T09:55:00,LW,0.16,Bahía Orange,2026-09-12T10:53:00,0.51
CUR007,2026-09-12T16:03:00,HW,2.55,Bahía Orange,2026-09-12T17:03:00,1.93
CUR007,2026-09-12T22:20:00,LW,0.1,Bahía Orange,2026-09-12T23:18:00,0.45
CUR007,2026-09-13T04:35:00,HW,2.59,Bahía Orange,2026-09-13T05:35:00,1.97
CUR007,2026-09-13T10:47:00,LW,0.15,Bahía Orange,2026-09-13T11:45:00,0.5
CUR007,2026-09-13T16:54:00,HW,2.44,Bahía Orange,2026-09-13T17:54:00,1.82
CUR007,2026-09-13T23:01:00,LW,0.2,Bahía Orange,2026-09-13T23:59:00,0.55
CUR007,2026-09-14T05:19:00,HW,2.61,Bahía Orange,2026-09-14T06:19:00,1.99
CUR007,2026-09-14T11:45:00,LW,0.16,Bahía Orange,2026-09-14T12:43:00,0.51
CUR007,2026-09-14T17:48:00,HW,2.31,Bahía Orange,2026-09-14T18:48:00,1.69
CUR007,2026-09-14T23:40:00,LW,0.32,Bahía Orange,2026-09-15T00:38:00,0.67
CUR007,2026-09-15T06:01:00,HW,2.61,Bahía Orange,2026-09-15T07:01:00,1.99
CUR007,2026-09-15T12:48:00,LW,0.16,Bahía Orange,2026-09-15T13:46:00,0.51
CUR007,2026-09-15T18:49:00,HW,2.19,Bahía Orange,2026-09-15T19:49:00,1.57
CUR007,2026-09-16T00:19:00,LW,0.43,Bahía Orange,2026-09-16T01:17:00,0.78
CUR007,2026-09-16T06:42:00,HW,2.59,Bahía Orange,2026-09-16T07:42:00,1.97
CUR007,2026-09-16T13:49:00,LW,0.17,Bahía Orange,2026-09-16T14:47:00,0.52
CUR007,2026-09-16T19:57:00,HW,2.1,Bahía Orange,2026-09-16T20:57:00,1.48
CUR007,2026-09-17T01:01:00,LW,0.54,Bahía Orange,2026-09-17T01:59:00,0.89
CUR007,2026-09-17T07:24:00,HW,2.56,Bahía Orange,2026-09-17T08:24:00,1.94
CUR007,2026-09-17T14:47:00,LW,0.17,Bahía Orange,2026-09-17T15:45:00,0.52
CUR007,2026-09-17T21:02:00,HW,2.04,Bahía Orange,2026-09-17T22:02:00,1.42
CUR007,2026-09-18T01:49:00,LW,0.64,Bahía Orange,2026-09-18T02:47:00,0.99
CUR007,2026-09-18T08:09:00,HW,2.51,Bahía Orange,2026-09-18T09:09:00,1.89
CUR007,2026-09-18T15:44:00,LW,0.17,Bahía Orange,2026-09-18T16:42:00,0.52
CUR007,2026-09-18T22:03:00,HW,2.01,Bahía Orange,2026-09-18T23:03:00,1.39
CUR007,2026-09-19T02:47:00,LW,0.7,Bahía Orange,2026-09-19T03:45:00,1.05
CUR007,2026-09-19T09:02:00,HW,2.47,Bahía Orange,2026-09-19T10:02:00,1.85
CUR007,2026-09-19T16:38:00,LW,0.15,Bahía Orange,2026-09-19T17:36:00,0.5
CUR007,2026-09-19T23:03:00,HW,2.01,Bahía Orange,2026-09-20T00:03:00,1.39
CUR007,2026-09-20T03:44:00,LW,0.73,Bahía Orange,2026-09-20T04:42:00,1.08
CUR007,2026-09-20T10:00:00,HW,2.46,Bahía Orange,2026-09-20T11:00:00,1.84
CUR007,2026-09-20T17:25:00,LW,0.14,Bahía Orange,2026-09-20T18:23:00,0.49
CUR007,2026-09-20T23:55:00,HW,2.04,Bahía Orange,2026-09-21T00:55:00,1.42
CUR007,2026-09-21T04:35:00,LW,0.73,Bahía Orange,2026-09-21T05:33:00,1.08
CUR007,2026-09-21T10:52:00,HW,2.46,Bahía Orange,2026-09-21T11:52:00,1.84
CUR007,2026-09-21T18:05:00,LW,0.12,Bahía Orange,2026-09-21T19:03:00,0.47
CUR007,2026-09-22T00:37:00,HW,2.09,Bahía Orange,2026-09-22T01:37:00,1.47
CUR007,2026-09-22T05:27:00,LW,0.7,Bahía Orange,2026-09-22T06:25:00,1.05
CUR007,2026-09-22T11:38:00,HW,2.48,Bahía Orange,2026-09-22T12:38:00,1.86
CUR007,2026-09-22T18:41:00,LW,0.11,Bahía Orange,2026-09-22T19:39:00,0.46
CUR007,2026-09-23T01:10:00,HW,2.15,Bahía Orange,2026-09-23T02:10:00,1.53
CUR007,2026-09-23T06:22:00,LW,0.64,Bahía Orange,2026-09-23T07:20:00,0.99
CUR007,2026-09-23T12:23:00,HW,2.49,Bahía Orange,2026-09-23T13:23:00,1.87
CUR007,2026-09-23T19:16:00,LW,0.11,Bahía Orange,2026-09-23T20:14:00,0.46
CUR007,2026-09-24T01:40:00,HW,2.23,Bahía Orange,2026-09-24T02:40:00,1.61
CUR007,2026-09-24T07:15:00,LW,0.54,Bahía Orange,2026-09-24T08:13:00,0.89
CUR007,2026-09-24T13:10:00,HW,2.49,Bahía Orange,2026-09-24T14:10:00,1.87
CUR007,2026-09-24T19:51:00,LW,0.12,Bahía Orange,2026-09-24T20:49:00,0.47
CUR007,2026-09-25T02:10:00,HW,2.31,Bahía Orange,2026-09-25T03:10:00,1.69
CUR007,2026-09-25T08:02:00,LW,0.43,Bahía Orange,2026-09-25T09:00:00,0.78
CUR007,2026-09-25T13:59:00,HW,2.49,Bahía Orange,2026-09-25T14:59:00,1.87
CUR007,2026-09-25T20:28:00,LW,0.13,Bahía Orange,2026-09-25T21:26:00,0.48
CUR007,2026-09-26T02:42:00,HW,2.4,Bahía Orange,2026-09-26T03:42:00,1.78
CUR007,2026-09-26T08:46:00,LW,0.32,Bahía Orange,2026-09-26T09:44:00,0.67
CUR007,2026-09-26T14:49:00,HW,2.47,Bahía Orange,2026-09-26T15:49:00,1.85
CUR007,2026-09-26T21:07:00,LW,0.17,Bahía Orange,2026-09-26T22:05:00,0.52
CUR007,2026-09-27T03:18:00,HW,2.49,Bahía Orange,2026-09-27T04:18:00,1.87
CUR007,2026-09-27T09:31:00,LW,0.22,Bahía Orange,2026-09-27T10:29:00,0.57
CUR007,2026-09-27T15:38:00,HW,2.43,Bahía Orange,2026-09-27T16:38:00,1.81
CUR007,2026-09-27T21:47:00,LW,0.21,Bahía Orange,2026-09-27T22:45:00,0.56
CUR007,2026-09-28T03:58:00,HW,2.58,Bahía Orange,2026-09-28T04:58:00,1.96
CUR007,2026-09-28T10:18:00,LW,0.14,Bahía Orange,2026-09-28T11:16:00,0.49
CUR007,2026-09-28T16:28:00,HW,2.37,Bahía Orange,2026-09-28T17:28:00,1.75
CUR007,2026-09-28T22:28:00,LW,0.26,Bahía Orange,2026-09-28T23:26:00,0.61
CUR007,2026-09-29T04:42:00,HW,2.66,Bahía Orange,2026-09-29T05:42:00,2.04
CUR007,2026-09-29T11:12:00,LW,0.09,Bahía Orange,2026-09-29T12:10:00,0.44
CUR007,2026-09-29T17:20:00,HW,2.29,Bahía Orange,2026-09-29T18:20:00,1.67
CUR007,2026-09-29T23:09:00,LW,0.33,Bahía Orange,2026-09-30T00:07:00,0.68
CUR007,2026-09-30T05:26:00,HW,2.72,Bahía Orange,2026-09-30T06:26:00,2.1
CUR007,2026-09-30T12:12:00,LW,0.05,Bahía Orange,2026-09-30T13:10:00,0.4
CUR007,2026-09-30T18:20:00,HW,2.21,Bahía Orange,2026-09-30T19:20:00,1.59
CUR007,2026-09-30T23:52:00,LW,0.4,Bahía Orange,2026-10-01T00:50:00,0.75
CUR007,2026-10-01T06:12:00,HW,2.75,Bahía Orange,2026-10-01T07:12:00,2.13
CUR007,2026-10-01T13:15:00,LW,0.01,Bahía Orange,2026-10-01T14:13:00,0.36
CUR007,2026-10-01T19:27:00,HW,2.14,Bahía Orange,2026-10-01T20:27:00,1.52
CUR007,2026-10-02T00:41:00,LW,0.47,Bahía Orange,2026-10-02T01:39:00,0.82
CUR007,2026-10-02T07:01:00,HW,2.75,Bahía Orange,2026-10-02T08:01:00,2.13
CUR007,2026-10-02T14:18:00,LW,-0.01,Bahía Orange,2026-10-02T15:16:00,0.34
CUR007,2026-10-02T20:36:00,HW,2.11,Bahía Orange,2026-10-02T21:36:00,1.49
CUR007,2026-10-03T01:40:00,LW,0.53,Bahía Orange,2026-10-03T02:38:00,0.88
CUR007,2026-10-03T07:57:00,HW,2.73,Bahía Orange,2026-10-03T08:57:00,2.11
CUR007,2026-10-03T15:22:00,LW,-0.03,Bahía Orange,2026-10-03T16:20:00,0.32
CUR007,2026-10-03T21:43:00,HW,2.11,Bahía Orange,2026-10-03T22:43:00,1.49
CUR007,2026-10-04T02:50:00,LW,0.55,Bahía Orange,2026-10-04T03:48:00,0.9
CUR007,2026-10-04T09:04:00,HW,2.7,Bahía Orange,2026-10-04T10:04:00,2.08
CUR007,2026-10-04T16:25:00,LW,-0.04,Bahía Orange,2026-10-04T17:23:00,0.31
CUR007,2026-10-04T22:48:00,HW,2.15,Bahía Orange,2026-10-04T23:48:00,1.53
CUR007,2026-10-05T03:58:00,LW,0.53,Bahía Orange,2026-10-05T04:56:00,0.88
CUR007,2026-10-05T10:15:00,HW,2.69,Bahía Orange,2026-10-05T11:15:00,2.07
CUR007,2026-10-05T17:22:00,LW,-0.05,Bahía Orange,2026-10-05T18:20:00,0.3
CUR007,2026-10-05T23:47:00,HW,2.22,Bahía Orange,2026-10-06T00:47:00,1.6
CUR007,2026-10-06T05:03:00,LW,0.48,Bahía Orange,2026-10-06T06:01:00,0.83
CUR007,2026-10-06T11:18:00,HW,2.68,Bahía Orange,2026-10-06T12:18:00,2.06
CUR007,2026-10-06T18:11:00,LW,-0.05,Bahía Orange,2026-10-06T19:09:00,0.3
CUR007,2026-10-07T00:36:00,HW,2.32,Bahía Orange,2026-10-07T01:36:00,1.7
CUR007,2026-10-07T06:08:00,LW,0.4,Bahía Orange,2026-10-07T07:06:00,0.75
CUR007,2026-10-07T12:16:00,HW,2.66,Bahía Orange,2026-10-07T13:16:00,2.04
CUR007,2026-10-07T18:57:00,LW,-0.03,Bahía Orange,2026-10-07T19:55:00,0.32
CUR007,2026-10-08T01:19:00,HW,2.42,Bahía Orange,2026-10-08T02:19:00,1.8
CUR007,2026-10-08T07:10:00,LW,0.31,Bahía Orange,2026-10-08T08:08:00,0.66
CUR007,2026-10-08T13:12:00,HW,2.62,Bahía Orange,2026-10-08T14:12:00,2.0
CUR007,2026-10-08T19:41:00,LW,0.02,Bahía Orange,2026-10-08T20:39:00,0.37
CUR007,2026-10-09T02:00:00,HW,2.51,Bahía Orange,2026-10-09T03:00:00,1.89
CUR007,2026-10-09T08:05:00,LW,0.21,Bahía Orange,2026-10-09T09:03:00,0.56
CUR007,2026-10-09T14:07:00,HW,2.57,Bahía Orange,2026-10-09T15:07:00,1.95
CUR007,2026-10-09T20:25:00,LW,0.07,Bahía Orange,2026-10-09T21:23:00,0.42
CUR007,2026-10-10T02:40:00,HW,2.59,Bahía Orange,2026-10-10T03:40:00,1.97
CUR007,2026-10-10T08:54:00,LW,0.13,Bahía Orange,2026-10-10T09:52:00,0.48
CUR007,2026-10-10T15:00:00,HW,2.5,Bahía Orange,2026-10-10T16:00:00,1.88
CUR007,2026-10-10T21:08:00,LW,0.14,Bahía Orange,2026-10-10T22:06:00,0.49
CUR007,2026-10-11T03:21:00,HW,2.64,Bahía Orange,2026-10-11T04:21:00,2.02
CUR007,2026-10-11T09:43:00,LW,0.08,Bahía Orange,2026-10-11T10:41:00,0.43
CUR007,2026-10-11T15:51:00,HW,2.42,Bahía Orange,2026-10-11T16:51:00,1.8
CUR007,2026-10-11T21:50:00,LW,0.22,Bahía Orange,2026-10-11T22:48:00,0.57
CUR007,2026-10-12T04:04:00,HW,2.67,Bahía Orange,2026-10-12T05:04:00,2.05
CUR007,2026-10-12T10:33:00,LW,0.07,Bahía Orange,2026-10-12T11:31:00,0.42
CUR007,2026-10-12T16:40:00,HW,2.32,Bahía Orange,2026-10-12T17:40:00,1.7
CUR007,2026-10-12T22:28:00,LW,0.3,Bahía Orange,2026-10-12T23:26:00,0.65
CUR007,2026-10-13T04:46:00,HW,2.68,Bahía Orange,2026-10-13T05:46:00,2.06
CUR007,2026-10-13T11:26:00,LW,0.08,Bahía Orange,2026-10-13T12:24:00,0.43
CUR007,2026-10-13T17:32:00,HW,2.22,Bahía Orange,2026-10-13T18:32:00,1.6
CUR007,2026-10-13T23:05:00,LW,0.4,Bahía Orange,2026-10-14T00:03:00,0.75
CUR007,2026-10-14T05:26:00,HW,2.67,Bahía Orange,2026-10-14T06:26:00,2.05
CUR007,2026-10-14T12:22:00,LW,0.1,Bahía Orange,2026-10-14T13:20:00,0.45
CUR007,2026-10-14T18:30:00,HW,2.13,Bahía Orange,2026-10-14T19:30:00,1.51
CUR007,2026-10-14T23:40:00,LW,0.5,Bahía Orange,2026-10-15T00:38:00,0.85
CUR007,2026-10-15T06:04:00,HW,2.63,Bahía Orange,2026-10-15T07:04:00,2.01
CUR007,2026-10-15T13:17:00,LW,0.12,Bahía Orange,2026-10-15T14:15:00,0.47
CUR007,2026-10-15T19:32:00,HW,2.06,Bahía Orange,2026-10-15T20:32:00,1.44
CUR007,2026-10-16T00:16:00,LW,0.59,Bahía Orange,2026-10-16T01:14:00,0.94
CUR007,2026-10-16T06:42:00,HW,2.58,Bahía Orange,2026-10-16T07:42:00,1.96
CUR007,2026-10-16T14:09:00,LW,0.14,Bahía Orange,2026-10-16T15:07:00,0.49
CUR007,2026-10-16T20:31:00,HW,2.02,Bahía Orange,2026-10-16T21:31:00,1.4
CUR007,2026-10-17T00:56:00,LW,0.67,Bahía Orange,2026-10-17T01:54:00,1.02
CUR007,2026-10-17T07:22:00,HW,2.52,Bahía Orange,2026-10-17T08:22:00,1.9
CUR007,2026-10-17T15:01:00,LW,0.16,Bahía Orange,2026-10-17T15:59:00,0.51
CUR007,2026-10-17T21:26:00,HW,2.0,Bahía Orange,2026-10-17T22:26:00,1.38
CUR007,2026-10-18T01:49:00,LW,0.73,Bahía Orange,2026-10-18T02:47:00,1.08
CUR007,2026-10-18T08:09:00,HW,2.46,Bahía Orange,2026-10-18T09:09:00,1.84
CUR007,2026-10-18T15:53:00,LW,0.18,Bahía Orange,2026-10-18T16:51:00,0.53
CUR007,2026-10-18T22:21:00,HW,2.01,Bahía Orange,2026-10-18T23:21:00,1.39
CUR007,2026-10-19T02:53:00,LW,0.75,Bahía Orange,2026-10-19T03:51:00,1.1
CUR007,2026-10-19T09:08:00,HW,2.42,Bahía Orange,2026-10-19T10:08:00,1.8
CUR007,2026-10-19T16:41:00,LW,0.19,Bahía Orange,2026-10-19T17:39:00,0.54
CUR007,2026-10-19T23:13:00,HW,2.04,Bahía Orange,2026-10-20T00:13:00,1.42
CUR007,2026-10-20T03:55:00,LW,0.72,Bahía Orange,2026-10-20T04:53:00,1.07
CUR007,2026-10-20T10:10:00,HW,2.4,Bahía Orange,2026-10-20T11:10:00,1.78
CUR007,2026-10-20T17:22:00,LW,0.19,Bahía Orange,2026-10-20T18:20:00,0.54
CUR007,2026-10-20T23:55:00,HW,2.1,Bahía Orange,2026-10-21T00:55:00,1.48
CUR007,2026-10-21T04:55:00,LW,0.67,Bahía Orange,2026-10-21T05:53:00,1.02
CUR007,2026-10-21T11:06:00,HW,2.4,Bahía Orange,2026-10-21T12:06:00,1.78
CUR007,2026-10-21T18:00:00,LW,0.19,Bahía Orange,2026-10-21T18:58:00,0.54
CUR007,2026-10-22T00:29:00,HW,2.19,Bahía Orange,2026-10-22T01:29:00,1.57
CUR007,2026-10-22T05:57:00,LW,0.58,Bahía Orange,2026-10-22T06:55:00,0.93
CUR007,2026-10-22T11:58:00,HW,2.4,Bahía Orange,2026-10-22T12:58:00,1.78
CUR007,2026-10-22T18:36:00,LW,0.2,Bahía Orange,2026-10-22T19:34:00,0.55
CUR007,2026-10-23T01:01:00,HW,2.29,Bahía Orange,2026-10-23T02:01:00,1.67
CUR007,2026-10-23T06:54:00,LW,0.45,Bahía Orange,2026-10-23T07:52:00,0.8
CUR007,2026-10-23T12:51:00,HW,2.4,Bahía Orange,2026-10-23T13:51:00,1.78
CUR007,2026-10-23T19:13:00,LW,0.21,Bahía Orange,2026-10-23T20:11:00,0.56
CUR007,2026-10-24T01:33:00,HW,2.41,Bahía Orange,2026-10-24T02:33:00,1.79
CUR007,2026-10-24T07:45:00,LW,0.31,Bahía Orange,2026-10-24T08:43:00,0.66
CUR007,2026-10-24T13:45:00,HW,2.4,Bahía Orange,2026-10-24T14:45:00,1.78
CUR007,2026-10-24T19:53:00,LW,0.23,Bahía Orange,2026-10-24T20:51:00,0.58
CUR007,2026-10-25T02:08:00,HW,2.53,Bahía Orange,2026-10-25T03:08:00,1.91
CUR007,2026-10-25T08:31:00,LW,0.18,Bahía Orange,2026-10-25T09:29:00,0.53
CUR007,2026-10-25T14:37:00,HW,2.38,Bahía Orange,2026-10-25T15:37:00,1.76
CUR007,2026-10-25T20:35:00,LW,0.25,Bahía Orange,2026-10-25T21:33:00,0.6
CUR007,2026-10-26T02:47:00,HW,2.63,Bahía Orange,2026-10-26T03:47:00,2.01
CUR007,2026-10-26T09:17:00,LW,0.07,Bahía Orange,2026-10-26T10:15:00,0.42
CUR007,2026-10-26T15:27:00,HW,2.36,Bahía Orange,2026-10-26T16:27:00,1.74
CUR007,2026-10-26T21:18:00,LW,0.28,Bahía Orange,2026-10-26T22:16:00,0.63
CUR007,2026-10-27T03:29:00,HW,2.73,Bahía Orange,2026-10-27T04:29:00,2.11
CUR007,2026-10-27T10:06:00,LW,-0.01,Bahía Orange,2026-10-27T11:04:00,0.34
CUR007,2026-10-27T16:17:00,HW,2.31,Bahía Orange,2026-10-27T17:17:00,1.69
CUR007,2026-10-27T22:01:00,LW,0.32,Bahía Orange,2026-10-27T22:59:00,0.67
CUR007,2026-10-28T04:15:00,HW,2.8,Bahía Orange,2026-10-28T05:15:00,2.18
CUR007,2026-10-28T10:59:00,LW,-0.05,Bahía Orange,2026-10-28T11:57:00,0.3
CUR007,2026-10-28T17:10:00,HW,2.25,Bahía Orange,2026-10-28T18:10:00,1.63
CUR007,2026-10-28T22:44:00,LW,0.36,Bahía Orange,2026-10-28T23:42:00,0.71
CUR007,2026-10-29T05:02:00,HW,2.84,Bahía Orange,2026-10-29T06:02:00,2.22
CUR007,2026-10-29T11:57:00,LW,-0.08,Bahía Orange,2026-10-29T12:55:00,0.27
CUR007,2026-10-29T18:08:00,HW,2.2,Bahía Orange,2026-10-29T19:08:00,1.58
CUR007,2026-10-29T23:28:00,LW,0.41,Bahía Orange,2026-10-30T00:26:00,0.76
CUR007,2026-10-30T05:50:00,HW,2.84,Bahía Orange,2026-10-30T06:50:00,2.22
CUR007,2026-10-30T12:56:00,LW,-0.08,Bahía Orange,2026-10-30T13:54:00,0.27
CUR007,2026-10-30T19:11:00,HW,2.16,Bahía Orange,2026-10-30T20:11:00,1.54
CUR007,2026-10-31T00:19:00,LW,0.47,Bahía Orange,2026-10-31T01:17:00,0.82
CUR007,2026-10-31T06:40:00,HW,2.8,Bahía Orange,2026-10-31T07:40:00,2.18
CUR007,2026-10-31T13:55:00,LW,-0.06,Bahía Orange,2026-10-31T14:53:00,0.29
CUR007,2026-10-31T20:13:00,HW,2.15,Bahía Orange,2026-10-31T21:13:00,1.53
CUR007,2026-11-01T01:21:00,LW,0.51,Bahía Orange,2026-11-01T02:19:00,0.86
CUR007,2026-11-01T07:36:00,HW,2.73,Bahía Orange,2026-11-01T08:36:00,2.11
CUR007,2026-11-01T14:56:00,LW,-0.03,Bahía Orange,2026-11-01T15:54:00,0.32
CUR007,2026-11-01T21:14:00,HW,2.16,Bahía Orange,2026-11-01T22:14:00,1.54
CUR007,2026-11-02T02:34:00,LW,0.52,Bahía Orange,2026-11-02T03:32:00,0.87
CUR007,2026-11-02T08:44:00,HW,2.66,Bahía Orange,2026-11-02T09:44:00,2.04
CUR007,2026-11-02T15:58:00,LW,0.01,Bahía Orange,2026-11-02T16:56:00,0.36
CUR007,2026-11-02T22:16:00,HW,2.2,Bahía Orange,2026-11-02T23:16:00,1.58
CUR007,2026-11-03T03:45:00,LW,0.49,Bahía Orange,2026-11-03T04:43:00,0.84
CUR007,2026-11-03T09:57:00,HW,2.6,Bahía Orange,2026-11-03T10:57:00,1.98
CUR007,2026-11-03T16:54:00,LW,0.04,Bahía Orange,2026-11-03T17:52:00,0.39
CUR007,2026-11-03T23:15:00,HW,2.28,Bahía Orange,2026-11-04T00:15:00,1.66
CUR007,2026-11-04T04:53:00,LW,0.42,Bahía Orange,2026-11-04T05:51:00,0.77
CUR007,2026-11-04T11:03:00,HW,2.56,Bahía Orange,2026-11-04T12:03:00,1.94
CUR007,2026-11-04T17:43:00,LW,0.07,Bahía Orange,2026-11-04T18:41:00,0.42
CUR007,2026-11-05T00:06:00,HW,2.38,Bahía Orange,2026-11-05T01:06:00,1.76
CUR007,2026-11-05T05:59:00,LW,0.33,Bahía Orange,2026-11-05T06:57:00,0.68
CUR007,2026-11-05T12:03:00,HW,2.51,Bahía Orange,2026-11-05T13:03:00,1.89
CUR007,2026-11-05T18:28:00,LW,0.11,Bahía Orange,2026-11-05T19:26:00,0.46
CUR007,2026-11-06T00:50:00,HW,2.49,Bahía Orange,2026-11-06T01:50:00,1.87
CUR007,2026-11-06T07:00:00,LW,0.23,Bahía Orange,2026-11-06T07:58:00,0.58
CUR007,2026-11-06T13:01:00,HW,2.47,Bahía Orange,2026-11-06T14:01:00,1.85
CUR007,2026-11-06T19:12:00,LW,0.16,Bahía Orange,2026-11-06T20:10:00,0.51
CUR007,2026-11-07T01:31:00,HW,2.58,Bahía Orange,2026-11-07T02:31:00,1.96
CUR007,2026-11-07T07:53:00,LW,0.13,Bahía Orange,2026-11-07T08:51:00,0.48
CUR007,2026-11-07T13:57:00,HW,2.42,Bahía Orange,2026-11-07T14:57:00,1.8
CUR007,2026-11-07T19:56:00,LW,0.22,Bahía Orange,2026-11-07T20:54:00,0.57
CUR007,2026-11-08T02:10:00,HW,2.65,Bahía Orange,2026-11-08T03:10:00,2.03
CUR007,2026-11-08T08:41:00,LW,0.06,Bahía Orange,2026-11-08T09:39:00,0.41
CUR007,2026-11-08T14:49:00,HW,2.37,Bahía Orange,2026-11-08T15:49:00,1.75
CUR007,2026-11-08T20:39:00,LW,0.28,Bahía Orange,2026-11-08T21:37:00,0.63
CUR007,2026-11-09T02:51:00,HW,2.7,Bahía Orange,2026-11-09T03:51:00,2.08
CUR007,2026-11-09T09:27:00,LW,0.02,Bahía Orange,2026-11-09T10:25:00,0.37
CUR007,2026-11-09T15:37:00,HW,2.31,Bahía Orange,2026-11-09T16:37:00,1.69
CUR007,2026-11-09T21:19:00,LW,0.34,Bahía Orange,2026-11-09T22:17:00,0.69
CUR007,2026-11-10T03:31:00,HW,2.72,Bahía Orange,2026-11-10T04:31:00,2.1
CUR007,2026-11-10T10:14:00,LW,0.01,Bahía Orange,2026-11-10T11:12:00,0.36
CUR007,2026-11-10T16:24:00,HW,2.24,Bahía Orange,2026-11-10T17:24:00,1.62
CUR007,2026-11-10T21:57:00,LW,0.4,Bahía Orange,2026-11-10T22:55:00,0.75
CUR007,2026-11-11T04:12:00,HW,2.71,Bahía Orange,2026-11-11T05:12:00,2.09
CUR007,2026-11-11T11:02:00,LW,0.02,Bahía Orange,2026-11-11T12:00:00,0.37
CUR007,2026-11-11T17:13:00,HW,2.17,Bahía Orange,2026-11-11T18:13:00,1.55
CUR007,2026-11-11T22:32:00,LW,0.47,Bahía Orange,2026-11-11T23:30:00,0.82
CUR007,2026-11-12T04:51:00,HW,2.69,Bahía Orange,2026-11-12T05:51:00,2.07
CUR007,2026-11-12T11:51:00,LW,0.05,Bahía Orange,2026-11-12T12:49:00,0.4
CUR007,2026-11-12T18:06:00,HW,2.11,Bahía Orange,2026-11-12T19:06:00,1.49
CUR007,2026-11-12T23:05:00,LW,0.54,Bahía Orange,2026-11-13T00:03:00,0.89
CUR007,2026-11-13T05:28:00,HW,2.64,Bahía Orange,2026-11-13T06:28:00,2.02
CUR007,2026-11-13T12:38:00,LW,0.09,Bahía Orange,2026-11-13T13:36:00,0.44
CUR007,2026-11-13T18:59:00,HW,2.07,Bahía Orange,2026-11-13T19:59:00,1.45
CUR007,2026-11-13T23:39:00,LW,0.6,Bahía Orange,2026-11-14T00:37:00,0.95
CUR007,2026-11-14T06:04:00,HW,2.58,Bahía Orange,2026-11-14T07:04:00,1.96
CUR007,2026-11-14T13:23:00,LW,0.13,Bahía Orange,2026-11-14T14:21:00,0.48
CUR007,2026-11-14T19:49:00,HW,2.04,Bahía Orange,2026-11-14T20:49:00,1.42
CUR007,2026-11-15T00:18:00,LW,0.66,Bahía Orange,2026-11-15T01:16:00,1.01
CUR007,2026-11-15T06:42:00,HW,2.51,Bahía Orange,2026-11-15T07:42:00,1.89
CUR007,2026-11-15T14:08:00,LW,0.18,Bahía Orange,2026-11-15T15:06:00,0.53
CUR007,2026-11-15T20:35:00,HW,2.03,Bahía Orange,2026-11-15T21:35:00,1.41
CUR007,2026-11-16T01:09:00,LW,0.7,Bahía Orange,2026-11-16T02:07:00,1.05
CUR007,2026-11-16T07:27:00,HW,2.44,Bahía Orange,2026-11-16T08:27:00,1.82
CUR007,2026-11-16T14:56:00,LW,0.22,Bahía Orange,2026-11-16T15:54:00,0.57
CUR007,2026-11-16T21:22:00,HW,2.04,Bahía Orange,2026-11-16T22:22:00,1.42
CUR007,2026-11-17T02:15:00,LW,0.7,Bahía Orange,2026-11-17T03:13:00,1.05
CUR007,2026-11-17T08:24:00,HW,2.37,Bahía Orange,2026-11-17T09:24:00,1.75
CUR007,2026-11-17T15:45:00,LW,0.25,Bahía Orange,2026-11-17T16:43:00,0.6
CUR007,2026-11-17T22:12:00,HW,2.08,Bahía Orange,2026-11-17T23:12:00,1.46
CUR007,2026-11-18T03:23:00,LW,0.66,Bahía Orange,2026-11-18T04:21:00,1.01
CUR007,2026-11-18T09:34:00,HW,2.33,Bahía Orange,2026-11-18T10:34:00,1.71
CUR007,2026-11-18T16:32:00,LW,0.28,Bahía Orange,2026-11-18T17:30:00,0.63
CUR007,2026-11-18T23:00:00,HW,2.15,Bahía Orange,2026-11-19T00:00:00,1.53
CUR007,2026-11-19T04:29:00,LW,0.58,Bahía Orange,2026-11-19T05:27:00,0.93
CUR007,2026-11-19T10:39:00,HW,2.31,Bahía Orange,2026-11-19T11:39:00,1.69
CUR007,2026-11-19T17:14:00,LW,0.29,Bahía Orange,2026-11-19T18:12:00,0.64
CUR007,2026-11-19T23:41:00,HW,2.26,Bahía Orange,2026-11-20T00:41:00,1.64
CUR007,2026-11-20T05:36:00,LW,0.47,Bahía Orange,2026-11-20T06:34:00,0.82
CUR007,2026-11-20T11:39:00,HW,2.3,Bahía Orange,2026-11-20T12:39:00,1.68
CUR007,2026-11-20T17:55:00,LW,0.31,Bahía Orange,2026-11-20T18:53:00,0.66
CUR007,2026-11-21T00:19:00,HW,2.38,Bahía Orange,2026-11-21T01:19:00,1.76
CUR007,2026-11-21T06:36:00,LW,0.33,Bahía Orange,2026-11-21T07:34:00,0.68
CUR007,2026-11-21T12:37:00,HW,2.31,Bahía Orange,2026-11-21T13:37:00,1.69
CUR007,2026-11-21T18:36:00,LW,0.32,Bahía Orange,2026-11-21T19:34:00,0.67
CUR007,2026-11-22T00:57:00,HW,2.52,Bahía Orange,2026-11-22T01:57:00,1.9
CUR007,2026-11-22T07:28:00,LW,0.18,Bahía Orange,2026-11-22T08:26:00,0.53
CUR007,2026-11-22T13:34:00,HW,2.31,Bahía Orange,2026-11-22T14:34:00,1.69
CUR007,2026-11-22T19:20:00,LW,0.33,Bahía Orange,2026-11-22T20:18:00,0.68
CUR007,2026-11-23T01:36:00,HW,2.65,Bahía Orange,2026-11-23T02:36:00,2.03
CUR007,2026-11-23T08:15:00,LW,0.04,Bahía Orange,2026-11-23T09:13:00,0.39
CUR007,2026-11-23T14:26:00,HW,2.31,Bahía Orange,2026-11-23T15:26:00,1.69
CUR007,2026-11-23T20:06:00,LW,0.34,Bahía Orange,2026-11-23T21:04:00,0.69
CUR007,2026-11-24T02:18:00,HW,2.76,Bahía Orange,2026-11-24T03:18:00,2.14
CUR007,2026-11-24T09:02:00,LW,-0.07,Bahía Orange,2026-11-24T10:00:00,0.28
CUR007,2026-11-24T15:16:00,HW,2.31,Bahía Orange,2026-11-24T16:16:00,1.69
CUR007,2026-11-24T20:52:00,LW,0.35,Bahía Orange,2026-11-24T21:50:00,0.7
CUR007,2026-11-25T03:04:00,HW,2.84,Bahía Orange,2026-11-25T04:04:00,2.22
CUR007,2026-11-25T09:51:00,LW,-0.13,Bahía Orange,2026-11-25T10:49:00,0.22
CUR007,2026-11-25T16:05:00,HW,2.28,Bahía Orange,2026-11-25T17:05:00,1.66
CUR007,2026-11-25T21:38:00,LW,0.35,Bahía Orange,2026-11-25T22:36:00,0.7
CUR007,2026-11-26T03:52:00,HW,2.89,Bahía Orange,2026-11-26T04:52:00,2.27
CUR007,2026-11-26T10:44:00,LW,-0.15,Bahía Orange,2026-11-26T11:42:00,0.2
CUR007,2026-11-26T16:57:00,HW,2.25,Bahía Orange,2026-11-26T17:57:00,1.63
CUR007,2026-11-26T22:23:00,LW,0.37,Bahía Orange,2026-11-26T23:21:00,0.72
CUR007,2026-11-27T04:41:00,HW,2.9,Bahía Orange,2026-11-27T05:41:00,2.28
CUR007,2026-11-27T11:38:00,LW,-0.14,Bahía Orange,2026-11-27T12:36:00,0.21
CUR007,2026-11-27T17:52:00,HW,2.23,Bahía Orange,2026-11-27T18:52:00,1.61
CUR007,2026-11-27T23:10:00,LW,0.4,Bahía Orange,2026-11-28T00:08:00,0.75
CUR007,2026-11-28T05:30:00,HW,2.87,Bahía Orange,2026-11-28T06:30:00,2.25
CUR007,2026-11-28T12:33:00,LW,-0.11,Bahía Orange,2026-11-28T13:31:00,0.24
CUR007,2026-11-28T18:49:00,HW,2.22,Bahía Orange,2026-11-28T19:49:00,1.6
CUR007,2026-11-29T00:03:00,LW,0.43,Bahía Orange,2026-11-29T01:01:00,0.78
CUR007,2026-11-29T06:21:00,HW,2.79,Bahía Orange,2026-11-29T07:21:00,2.17
CUR007,2026-11-29T13:28:00,LW,-0.05,Bahía Orange,2026-11-29T14:26:00,0.3
CUR007,2026-11-29T19:45:00,HW,2.22,Bahía Orange,2026-11-29T20:45:00,1.6
CUR007,2026-11-30T01:08:00,LW,0.46,Bahía Orange,2026-11-30T02:06:00,0.81
CUR007,2026-11-30T07:19:00,HW,2.68,Bahía Orange,2026-11-30T08:19:00,2.06
CUR007,2026-11-30T14:26:00,LW,0.03,Bahía Orange,2026-11-30T15:24:00,0.38
CUR007,2026-11-30T20:40:00,HW,2.24,Bahía Orange,2026-11-30T21:40:00,1.62
CUR007,2026-12-01T02:23:00,LW,0.46,Bahía Orange,2026-12-01T03:21:00,0.81
CUR007,2026-12-01T08:28:00,HW,2.56,Bahía Orange,2026-12-01T09:28:00,1.94
CUR007,2026-12-01T15:26:00,LW,0.1,Bahía Orange,2026-12-01T16:24:00,0.45
CUR007,2026-12-01T21:39:00,HW,2.29,Bahía Orange,2026-12-01T22:39:00,1.67
CUR007,2026-12-02T03:35:00,LW,0.41,Bahía Orange,2026-12-02T04:33:00,0.76
CUR007,2026-12-02T09:43:00,HW,2.48,Bahía Orange,2026-12-02T10:43:00,1.86
CUR007,2026-12-02T16:22:00,LW,0.16,Bahía Orange,2026-12-02T17:20:00,0.51
CUR007,2026-12-02T22:39:00,HW,2.36,Bahía Orange,2026-12-02T23:39:00,1.74
CUR007,2026-12-03T04:43:00,LW,0.34,Bahía Orange,2026-12-03T05:41:00,0.69
CUR007,2026-12-03T10:50:00,HW,2.41,Bahía Orange,2026-12-03T11:50:00,1.79
CUR007,2026-12-03T17:12:00,LW,0.21,Bahía Orange,2026-12-03T18:10:00,0.56
CUR007,2026-12-03T23:33:00,HW,2.45,Bahía Orange,2026-12-04T00:33:00,1.83
CUR007,2026-12-04T05:49:00,LW,0.25,Bahía Orange,2026-12-04T06:47:00,0.6
CUR007,2026-12-04T11:52:00,HW,2.36,Bahía Orange,2026-12-04T12:52:00,1.74
CUR007,2026-12-04T17:58:00,LW,0.27,Bahía Orange,2026-12-04T18:56:00,0.62
CUR007,2026-12-05T00:19:00,HW,2.54,Bahía Orange,2026-12-05T01:19:00,1.92
CUR007,2026-12-05T06:48:00,LW,0.15,Bahía Orange,2026-12-05T07:46:00,0.5
CUR007,2026-12-05T12:52:00,HW,2.33,Bahía Orange,2026-12-05T13:52:00,1.71
CUR007,2026-12-05T18:42:00,LW,0.32,Bahía Orange,2026-12-05T19:40:00,0.67
CUR007,2026-12-06T01:00:00,HW,2.62,Bahía Orange,2026-12-06T02:00:00,2.0
CUR007,2026-12-06T07:38:00,LW,0.07,Bahía Orange,2026-12-06T08:36:00,0.42
CUR007,2026-12-06T13:46:00,HW,2.29,Bahía Orange,2026-12-06T14:46:00,1.67
CUR007,2026-12-06T19:26:00,LW,0.36,Bahía Orange,2026-12-06T20:24:00,0.71
CUR007,2026-12-07T01:40:00,HW,2.68,Bahía Orange,2026-12-07T02:40:00,2.06
CUR007,2026-12-07T08:24:00,LW,0.01,Bahía Orange,2026-12-07T09:22:00,0.36
CUR007,2026-12-07T14:36:00,HW,2.27,Bahía Orange,2026-12-07T15:36:00,1.65
CUR007,2026-12-07T20:09:00,LW,0.4,Bahía Orange,2026-12-07T21:07:00,0.75
CUR007,2026-12-08T02:19:00,HW,2.71,Bahía Orange,2026-12-08T03:19:00,2.09
CUR007,2026-12-08T09:07:00,LW,-0.02,Bahía Orange,2026-12-08T10:05:00,0.33
CUR007,2026-12-08T15:21:00,HW,2.23,Bahía Orange,2026-12-08T16:21:00,1.61
CUR007,2026-12-08T20:50:00,LW,0.44,Bahía Orange,2026-12-08T21:48:00,0.79
CUR007,2026-12-09T02:58:00,HW,2.72,Bahía Orange,2026-12-09T03:58:00,2.1
CUR007,2026-12-09T09:50:00,LW,-0.03,Bahía Orange,2026-12-09T10:48:00,0.32
CUR007,2026-12-09T16:04:00,HW,2.2,Bahía Orange,2026-12-09T17:04:00,1.58
CUR007,2026-12-09T21:28:00,LW,0.48,Bahía Orange,2026-12-09T22:26:00,0.83
CUR007,2026-12-10T03:38:00,HW,2.7,Bahía Orange,2026-12-10T04:38:00,2.08
CUR007,2026-12-10T10:33:00,LW,-0.01,Bahía Orange,2026-12-10T11:31:00,0.34
CUR007,2026-12-10T16:48:00,HW,2.16,Bahía Orange,2026-12-10T17:48:00,1.54
CUR007,2026-12-10T22:03:00,LW,0.51,Bahía Orange,2026-12-10T23:01:00,0.86
CUR007,2026-12-11T04:16:00,HW,2.67,Bahía Orange,2026-12-11T05:16:00,2.05
CUR007,2026-12-11T11:16:00,LW,0.03,Bahía Orange,2026-12-11T12:14:00,0.38
CUR007,2026-12-11T17:34:00,HW,2.13,Bahía Orange,2026-12-11T18:34:00,1.51
CUR007,2026-12-11T22:36:00,LW,0.55,Bahía Orange,2026-12-11T23:34:00,0.9
CUR007,2026-12-12T04:53:00,HW,2.63,Bahía Orange,2026-12-12T05:53:00,2.01
CUR007,2026-12-12T11:56:00,LW,0.07,Bahía Orange,2026-12-12T12:54:00,0.42
CUR007,2026-12-12T18:18:00,HW,2.11,Bahía Orange,2026-12-12T19:18:00,1.49
CUR007,2026-12-12T23:11:00,LW,0.58,Bahía Orange,2026-12-13T00:09:00,0.93
CUR007,2026-12-13T05:30:00,HW,2.56,Bahía Orange,2026-12-13T06:30:00,1.94
CUR007,2026-12-13T12:36:00,LW,0.13,Bahía Orange,2026-12-13T13:34:00,0.48
CUR007,2026-12-13T18:59:00,HW,2.1,Bahía Orange,2026-12-13T19:59:00,1.48
CUR007,2026-12-13T23:51:00,LW,0.61,Bahía Orange,2026-12-14T00:49:00,0.96
CUR007,2026-12-14T06:10:00,HW,2.49,Bahía Orange,2026-12-14T07:10:00,1.87
CUR007,2026-12-14T13:15:00,LW,0.19,Bahía Orange,2026-12-14T14:13:00,0.54
CUR007,2026-12-14T19:38:00,HW,2.11,Bahía Orange,2026-12-14T20:38:00,1.49
CUR007,2026-12-15T00:44:00,LW,0.63,Bahía Orange,2026-12-15T01:42:00,0.98
CUR007,2026-12-15T06:56:00,HW,2.4,Bahía Orange,2026-12-15T07:56:00,1.78
CUR007,2026-12-15T13:57:00,LW,0.26,Bahía Orange,2026-12-15T14:55:00,0.61
CUR007,2026-12-15T20:17:00,HW,2.13,Bahía Orange,2026-12-15T21:17:00,1.51
CUR007,2026-12-16T01:50:00,LW,0.61,Bahía Orange,2026-12-16T02:48:00,0.96
CUR007,2026-12-16T07:54:00,HW,2.32,Bahía Orange,2026-12-16T08:54:00,1.7
CUR007,2026-12-16T14:45:00,LW,0.32,Bahía Orange,2026-12-16T15:43:00,0.67
CUR007,2026-12-16T21:01:00,HW,2.18,Bahía Orange,2026-12-16T22:01:00,1.56
CUR007,2026-12-17T03:00:00,LW,0.55,Bahía Orange,2026-12-17T03:58:00,0.9
CUR007,2026-12-17T09:07:00,HW,2.25,Bahía Orange,2026-12-17T10:07:00,1.63
CUR007,2026-12-17T15:37:00,LW,0.36,Bahía Orange,2026-12-17T16:35:00,0.71
CUR007,2026-12-17T21:54:00,HW,2.25,Bahía Orange,2026-12-17T22:54:00,1.63
CUR007,2026-12-18T04:08:00,LW,0.46,Bahía Orange,2026-12-18T05:06:00,0.81
CUR007,2026-12-18T10:19:00,HW,2.22,Bahía Orange,2026-12-18T11:19:00,1.6
CUR007,2026-12-18T16:27:00,LW,0.39,Bahía Orange,2026-12-18T17:25:00,0.74
CUR007,2026-12-18T22:50:00,HW,2.35,Bahía Orange,2026-12-18T23:50:00,1.73
CUR007,2026-12-19T05:17:00,LW,0.34,Bahía Orange,2026-12-19T06:15:00,0.69
CUR007,2026-12-19T11:25:00,HW,2.21,Bahía Orange,2026-12-19T12:25:00,1.59
CUR007,2026-12-19T17:15:00,LW,0.41,Bahía Orange,2026-12-19T18:13:00,0.76
CUR007,2026-12-19T23:39:00,HW,2.48,Bahía Orange,2026-12-20T00:39:00,1.86
CUR007,2026-12-20T06:18:00,LW,0.19,Bahía Orange,2026-12-20T07:16:00,0.54
CUR007,2026-12-20T12:27:00,HW,2.22,Bahía Orange,2026-12-20T13:27:00,1.6
CUR007,2026-12-20T18:01:00,LW,0.42,Bahía Orange,2026-12-20T18:59:00,0.77
CUR007,2026-12-21T00:24:00,HW,2.62,Bahía Orange,2026-12-21T01:24:00,2.0
CUR007,2026-12-21T07:11:00,LW,0.05,Bahía Orange,2026-12-21T08:09:00,0.4
CUR007,2026-12-21T13:25:00,HW,2.25,Bahía Orange,2026-12-21T14:25:00,1.63
CUR007,2026-12-21T18:50:00,LW,0.42,Bahía Orange,2026-12-21T19:48:00,0.77
CUR007,2026-12-22T01:08:00,HW,2.75,Bahía Orange,2026-12-22T02:08:00,2.13
CUR007,2026-12-22T07:59:00,LW,-0.08,Bahía Orange,2026-12-22T08:57:00,0.27
CUR007,2026-12-22T14:16:00,HW,2.27,Bahía Orange,2026-12-22T15:16:00,1.65
CUR007,2026-12-22T19:40:00,LW,0.41,Bahía Orange,2026-12-22T20:38:00,0.76
CUR007,2026-12-23T01:53:00,HW,2.84,Bahía Orange,2026-12-23T02:53:00,2.22
CUR007,2026-12-23T08:46:00,LW,-0.16,Bahía Orange,2026-12-23T09:44:00,0.19
CUR007,2026-12-23T15:03:00,HW,2.29,Bahía Orange,2026-12-23T16:03:00,1.67
CUR007,2026-12-23T20:31:00,LW,0.38,Bahía Orange,2026-12-23T21:29:00,0.73
CUR007,2026-12-24T02:42:00,HW,2.9,Bahía Orange,2026-12-24T03:42:00,2.28
CUR007,2026-12-24T09:34:00,LW,-0.2,Bahía Orange,2026-12-24T10:32:00,0.15
CUR007,2026-12-24T15:50:00,HW,2.29,Bahía Orange,2026-12-24T16:50:00,1.67
CUR007,2026-12-24T21:19:00,LW,0.36,Bahía Orange,2026-12-24T22:17:00,0.71
CUR007,2026-12-25T03:32:00,HW,2.92,Bahía Orange,2026-12-25T04:32:00,2.3
CUR007,2026-12-25T10:25:00,LW,-0.19,Bahía Orange,2026-12-25T11:23:00,0.16
CUR007,2026-12-25T16:39:00,HW,2.29,Bahía Orange,2026-12-25T17:39:00,1.67
CUR007,2026-12-25T22:07:00,LW,0.34,Bahía Orange,2026-12-25T23:05:00,0.69
CUR007,2026-12-26T04:22:00,HW,2.89,Bahía Orange,2026-12-26T05:22:00,2.27
CUR007,2026-12-26T11:16:00,LW,-0.15,Bahía Orange,2026-12-26T12:14:00,0.2
CUR007,2026-12-26T17:31:00,HW,2.3,Bahía Orange,2026-12-26T18:31:00,1.68
CUR007,2026-12-26T22:56:00,LW,0.35,Bahía Orange,2026-12-26T23:54:00,0.7
CUR007,2026-12-27T05:13:00,HW,2.82,Bahía Orange,2026-12-27T06:13:00,2.2
CUR007,2026-12-27T12:07:00,LW,-0.08,Bahía Orange,2026-12-27T13:05:00,0.27
CUR007,2026-12-27T18:23:00,HW,2.31,Bahía Orange,2026-12-27T19:23:00,1.69
CUR007,2026-12-27T23:52:00,LW,0.37,Bahía Orange,2026-12-28T00:50:00,0.72
CUR007,2026-12-28T06:05:00,HW,2.71,Bahía Orange,2026-12-28T07:05:00,2.09
CUR007,2026-12-28T12:58:00,LW,0.01,Bahía Orange,2026-12-28T13:56:00,0.36
CUR007,2026-12-28T19:14:00,HW,2.33,Bahía Orange,2026-12-28T20:14:00,1.71
CUR007,2026-12-29T00:59:00,LW,0.38,Bahía Orange,2026-12-29T01:57:00,0.73
CUR007,2026-12-29T07:04:00,HW,2.57,Bahía Orange,2026-12-29T08:04:00,1.95
CUR007,2026-12-29T13:52:00,LW,0.11,Bahía Orange,2026-12-29T14:50:00,0.46
CUR007,2026-12-29T20:05:00,HW,2.36,Bahía Orange,2026-12-29T21:05:00,1.74
CUR007,2026-12-30T02:14:00,LW,0.36,Bahía Orange,2026-12-30T03:12:00,0.71
CUR007,2026-12-30T08:14:00,HW,2.44,Bahía Orange,2026-12-30T09:14:00,1.82
CUR007,2026-12-30T14:49:00,LW,0.22,Bahía Orange,2026-12-30T15:47:00,0.57
CUR007,2026-12-30T21:00:00,HW,2.39,Bahía Orange,2026-12-30T22:00:00,1.77
CUR007,2026-12-31T03:25:00,LW,0.32,Bahía Orange,2026-12-31T04:23:00,0.67
CUR007,2026-12-31T09:30:00,HW,2.34,Bahía Orange,2026-12-31T10:30:00,1.72
CUR007,2026-12-31T15:46:00,LW,0.3,Bahía Orange,2026-12-31T16:44:00,0.65
CUR007,2026-12-31T21:59:00,HW,2.44,Bahía Orange,2026-12-31T22:59:00,1.82
CUR009,2026-01-01T06:45:00,LW,0.27,Angostura Inglesa,2026-01-01T05:45:00,0.27
CUR009,2026-01-01T12:29:00,HW,1.52,Angostura Inglesa,2026-01-01T11:29:00,1.52
CUR009,2026-01-01T18:00:00,LW,0.58,Angostura Inglesa,2026-01-01T17:00:00,0.58
CUR009,2026-01-02T00:31:00,HW,2.34,Angostura Inglesa,2026-01-01T23:31:00,2.34
CUR009,2026-01-02T07:28:00,LW,0.2,Angostura Inglesa,2026-01-02T06:28:00,0.2
CUR009,2026-01-02T13:17:00,HW,1.54,Angostura Inglesa,2026-01-02T12:17:00,1.54
CUR009,2026-01-02T18:44:00,LW,0.54,Angostura Inglesa,2026-01-02T17:44:00,0.54
CUR009,2026-01-03T01:16:00,HW,2.38,Angostura Inglesa,2026-01-03T00:16:00,2.38
CUR009,2026-01-03T08:11:00,LW,0.2,Angostura Inglesa,2026-01-03T07:11:00,0.2
CUR009,2026-01-03T14:07:00,HW,1.54,Angostura Inglesa,2026-01-03T13:07:00,1.54
CUR009,2026-01-03T19:30:00,LW,0.53,Angostura Inglesa,2026-01-03T18:30:00,0.53
CUR009,2026-01-04T02:02:00,HW,2.35,Angostura Inglesa,2026-01-04T01:02:00,2.35
CUR009,2026-01-04T08:55:00,LW,0.25,Angostura Inglesa,2026-01-04T07:55:00,0.25
CUR009,2026-01-04T14:57:00,HW,1.53,Angostura Inglesa,2026-01-04T13:57:00,1.53
CUR009,2026-01-04T20:20:00,LW,0.57,Angostura Inglesa,2026-01-04T19:20:00,0.57
CUR009,2026-01-05T02:52:00,HW,2.25,Angostura Inglesa,2026-01-05T01:52:00,2.25
CUR009,2026-01-05T09:44:00,LW,0.35,Angostura Inglesa,2026-01-05T08:44:00,0.35
CUR009,2026-01-05T15:49:00,HW,1.51,Angostura Inglesa,2026-01-05T14:49:00,1.51
CUR009,2026-01-05T21:15:00,LW,0.64,Angostura Inglesa,2026-01-05T20:15:00,0.64
CUR009,2026-01-06T03:45:00,HW,2.1,Angostura Inglesa,2026-01-06T02:45:00,2.1
CUR009,2026-01-06T10:41:00,LW,0.47,Angostura Inglesa,2026-01-06T09:41:00,0.47
CUR009,2026-01-06T16:45:00,HW,1.47,Angostura Inglesa,2026-01-06T15:45:00,1.47
CUR009,2026-01-06T22:17:00,LW,0.75,Angostura Inglesa,2026-01-06T21:17:00,0.75
CUR009,2026-01-07T04:42:00,HW,1.91,Angostura Inglesa,2026-01-07T03:42:00,1.91
CUR009,2026-01-07T11:45:00,LW,0.59,Angostura Inglesa,2026-01-07T10:45:00,0.59
CUR009,2026-01-07T17:51:00,HW,1.46,Angostura Inglesa,2026-01-07T16:51:00,1.46
CUR009,2026-01-07T23:32:00,LW,0.86,Angostura Inglesa,2026-01-07T22:32:00,0.86
CUR009,2026-01-08T05:42:00,HW,1.7,Angostura Inglesa,2026-01-08T04:42:00,1.7
CUR009,2026-01-08T12:48:00,LW,0.68,Angostura Inglesa,2026-01-08T11:48:00,0.68
CUR009,2026-01-08T19:08:00,HW,1.48,Angostura Inglesa,2026-01-08T18:08:00,1.48
CUR009,2026-01-09T01:12:00,LW,0.92,Angostura Inglesa,2026-01-09T00:12:00,0.92
CUR009,2026-01-09T06:53:00,HW,1.51,Angostura Inglesa,2026-01-09T05:53:00,1.51
CUR009,2026-01-09T13:45:00,LW,0.75,Angostura Inglesa,2026-01-09T12:45:00,0.75
CUR009,2026-01-09T20:23:00,HW,1.56,Angostura Inglesa,2026-01-09T19:23:00,1.56
CUR009,2026-01-10T02:48:00,LW,0.89,Angostura Inglesa,2026-01-10T01:48:00,0.89
CUR009,2026-01-10T08:45:00,HW,1.37,Angostura Inglesa,2026-01-10T07:45:00,1.37
CUR009,2026-01-10T14:39:00,LW,0.81,Angostura Inglesa,2026-01-10T13:39:00,0.81
CUR009,2026-01-10T21:24:00,HW,1.65,Angostura Inglesa,2026-01-10T20:24:00,1.65
CUR009,2026-01-11T04:01:00,LW,0.81,Angostura Inglesa,2026-01-11T03:01:00,0.81
CUR009,2026-01-11T10:14:00,HW,1.33,Angostura Inglesa,2026-01-11T09:14:00,1.33
CUR009,2026-01-11T15:28:00,LW,0.86,Angostura Inglesa,2026-01-11T14:28:00,0.86
CUR009,2026-01-11T22:11:00,HW,1.74,Angostura Inglesa,2026-01-11T21:11:00,1.74
CUR009,2026-01-12T05:00:00,LW,0.72,Angostura Inglesa,2026-01-12T04:00:00,0.72
CUR009,2026-01-12T11:04:00,HW,1.31,Angostura Inglesa,2026-01-12T10:04:00,1.31
CUR009,2026-01-12T16:08:00,LW,0.9,Angostura Inglesa,2026-01-12T15:08:00,0.9
CUR009,2026-01-12T22:47:00,HW,1.81,Angostura Inglesa,2026-01-12T21:47:00,1.81
CUR009,2026-01-13T05:45:00,LW,0.64,Angostura Inglesa,2026-01-13T04:45:00,0.64
CUR009,2026-01-13T11:39:00,HW,1.29,Angostura Inglesa,2026-01-13T10:39:00,1.29
CUR009,2026-01-13T16:36:00,LW,0.91,Angostura Inglesa,2026-01-13T15:36:00,0.91
CUR009,2026-01-13T23:14:00,HW,1.88,Angostura Inglesa,2026-01-13T22:14:00,1.88
CUR009,2026-01-14T06:19:00,LW,0.58,Angostura Inglesa,2026-01-14T05:19:00,0.58
CUR009,2026-01-14T12:04:00,HW,1.28,Angostura Inglesa,2026-01-14T11:04:00,1.28
CUR009,2026-01-14T16:58:00,LW,0.89,Angostura Inglesa,2026-01-14T15:58:00,0.89
CUR009,2026-01-14T23:38:00,HW,1.94,Angostura Inglesa,2026-01-14T22:38:00,1.94
CUR009,2026-01-15T06:45:00,LW,0.54,Angostura Inglesa,2026-01-15T05:45:00,0.54
CUR009,2026-01-15T12:23:00,HW,1.29,Angostura Inglesa,2026-01-15T11:23:00,1.29
CUR009,2026-01-15T17:21:00,LW,0.85,Angostura Inglesa,2026-01-15T16:21:00,0.85
CUR009,2026-01-16T00:02:00,HW,1.99,Angostura Inglesa,2026-01-15T23:02:00,1.99
CUR009,2026-01-16T07:06:00,LW,0.51,Angostura Inglesa,2026-01-16T06:06:00,0.51
CUR009,2026-01-16T12:43:00,HW,1.31,Angostura Inglesa,2026-01-16T11:43:00,1.31
CUR009,2026-01-16T17:49:00,LW,0.79,Angostura Inglesa,2026-01-16T16:49:00,0.79
CUR009,2026-01-17T00:29:00,HW,2.04,Angostura Inglesa,2026-01-16T23:29:00,2.04
CUR009,2026-01-17T07:27:00,LW,0.48,Angostura Inglesa,2026-01-17T06:27:00,0.48
CUR009,2026-01-17T13:08:00,HW,1.35,Angostura Inglesa,2026-01-17T12:08:00,1.35
CUR009,2026-01-17T18:20:00,LW,0.74,Angostura Inglesa,2026-01-17T17:20:00,0.74
CUR009,2026-01-18T00:58:00,HW,2.08,Angostura Inglesa,2026-01-17T23:58:00,2.08
CUR009,2026-01-18T07:51:00,LW,0.46,Angostura Inglesa,2026-01-18T06:51:00,0.46
CUR009,2026-01-18T13:39:00,HW,1.39,Angostura Inglesa,2026-01-18T12:39:00,1.39
CUR009,2026-01-18T18:54:00,LW,0.7,Angostura Inglesa,2026-01-18T17:54:00,0.7
CUR009,2026-01-19T01:31:00,HW,2.09,Angostura Inglesa,2026-01-19T00:31:00,2.09
CUR009,2026-01-19T08:20:00,LW,0.45,Angostura Inglesa,2026-01-19T07:20:00,0.45
CUR009,2026-01-19T14:16:00,HW,1.42,Angostura Inglesa,2026-01-19T13:16:00,1.42
CUR009,2026-01-19T19:32:00,LW,0.68,Angostura Inglesa,2026-01-19T18:32:00,0.68
CUR009,2026-01-20T02:07:00,HW,2.06,Angostura Inglesa,2026-01-20T01:07:00,2.06
CUR009,2026-01-20T08:53:00,LW,0.48,Angostura Inglesa,2026-01-20T07:53:00,0.48
CUR009,2026-01-20T14:57:00,HW,1.45,Angostura Inglesa,2026-01-20T13:57:00,1.45
CUR009,2026-01-20T20:15:00,LW,0.69,Angostura Inglesa,2026-01-20T19:15:00,0.69
CUR009,2026-01-21T02:49:00,HW,1.99,Angostura Inglesa,2026-01-21T01:49:00,1.99
CUR009,2026-01-21T09:31:00,LW,0.53,Angostura Inglesa,2026-01-21T08:31:00,0.53
CUR009,2026-01-21T15:42:00,HW,1.48,Angostura Inglesa,2026-01-21T14:42:00,1.48
CUR009,2026-01-21T21:05:00,LW,0.74,Angostura Inglesa,2026-01-21T20:05:00,0.74
CUR009,2026-01-22T03:37:00,HW,1.87,Angostura Inglesa,2026-01-22T02:37:00,1.87
CUR009,2026-01-22T10:18:00,LW,0.6,Angostura Inglesa,2026-01-22T09:18:00,0.6
CUR009,2026-01-22T16:35:00,HW,1.51,Angostura Inglesa,2026-01-22T15:35:00,1.51
CUR009,2026-01-22T22:06:00,LW,0.81,Angostura Inglesa,2026-01-22T21:06:00,0.81
CUR009,2026-01-23T04:33:00,HW,1.72,Angostura Inglesa,2026-01-23T03:33:00,1.72
CUR009,2026-01-23T11:14:00,LW,0.67,Angostura Inglesa,2026-01-23T10:14:00,0.67
CUR009,2026-01-23T17:40:00,HW,1.55,Angostura Inglesa,2026-01-23T16:40:00,1.55
CUR009,2026-01-23T23:29:00,LW,0.87,Angostura Inglesa,2026-01-23T22:29:00,0.87
CUR009,2026-01-24T05:37:00,HW,1.55,Angostura Inglesa,2026-01-24T04:37:00,1.55
CUR009,2026-01-24T12:14:00,LW,0.74,Angostura Inglesa,2026-01-24T11:14:00,0.74
CUR009,2026-01-24T18:51:00,HW,1.63,Angostura Inglesa,2026-01-24T17:51:00,1.63
CUR009,2026-01-25T01:23:00,LW,0.86,Angostura Inglesa,2026-01-25T00:23:00,0.86
CUR009,2026-01-25T07:01:00,HW,1.39,Angostura Inglesa,2026-01-25T06:01:00,1.39
CUR009,2026-01-25T13:11:00,LW,0.79,Angostura Inglesa,2026-01-25T12:11:00,0.79
CUR009,2026-01-25T19:57:00,HW,1.75,Angostura Inglesa,2026-01-25T18:57:00,1.75
CUR009,2026-01-26T02:55:00,LW,0.74,Angostura Inglesa,2026-01-26T01:55:00,0.74
CUR009,2026-01-26T08:46:00,HW,1.33,Angostura Inglesa,2026-01-26T07:46:00,1.33
CUR009,2026-01-26T14:08:00,LW,0.82,Angostura Inglesa,2026-01-26T13:08:00,0.82
CUR009,2026-01-26T20:57:00,HW,1.89,Angostura Inglesa,2026-01-26T19:57:00,1.89
CUR009,2026-01-27T04:02:00,LW,0.58,Angostura Inglesa,2026-01-27T03:02:00,0.58
CUR009,2026-01-27T10:02:00,HW,1.35,Angostura Inglesa,2026-01-27T09:02:00,1.35
CUR009,2026-01-27T15:08:00,LW,0.82,Angostura Inglesa,2026-01-27T14:08:00,0.82
CUR009,2026-01-27T21:52:00,HW,2.02,Angostura Inglesa,2026-01-27T20:52:00,2.02
CUR009,2026-01-28T04:59:00,LW,0.44,Angostura Inglesa,2026-01-28T03:59:00,0.44
CUR009,2026-01-28T10:55:00,HW,1.4,Angostura Inglesa,2026-01-28T09:55:00,1.4
CUR009,2026-01-28T16:07:00,LW,0.78,Angostura Inglesa,2026-01-28T15:07:00,0.78
CUR009,2026-01-28T22:43:00,HW,2.15,Angostura Inglesa,2026-01-28T21:43:00,2.15
CUR009,2026-01-29T05:48:00,LW,0.32,Angostura Inglesa,2026-01-29T04:48:00,0.32
CUR009,2026-01-29T11:40:00,HW,1.45,Angostura Inglesa,2026-01-29T10:40:00,1.45
CUR009,2026-01-29T17:00:00,LW,0.71,Angostura Inglesa,2026-01-29T16:00:00,0.71
CUR009,2026-01-29T23:31:00,HW,2.26,Angostura Inglesa,2026-01-29T22:31:00,2.26
CUR009,2026-01-30T06:33:00,LW,0.25,Angostura Inglesa,2026-01-30T05:33:00,0.25
CUR009,2026-01-30T12:23:00,HW,1.5,Angostura Inglesa,2026-01-30T11:23:00,1.5
CUR009,2026-01-30T17:48:00,LW,0.63,Angostura Inglesa,2026-01-30T16:48:00,0.63
CUR009,2026-01-31T00:16:00,HW,2.32,Angostura Inglesa,2026-01-30T23:16:00,2.32
CUR009,2026-01-31T07:14:00,LW,0.21,Angostura Inglesa,2026-01-31T06:14:00,0.21
CUR009,2026-01-31T13:08:00,HW,1.55,Angostura Inglesa,2026-01-31T12:08:00,1.55
CUR009,2026-01-31T18:34:00,LW,0.57,Angostura Inglesa,2026-01-31T17:34:00,0.57
CUR009,2026-02-01T01:00:00,HW,2.32,Angostura Inglesa,2026-02-01T00:00:00,2.32
CUR009,2026-02-01T07:54:00,LW,0.23,Angostura Inglesa,2026-02-01T06:54:00,0.23
CUR009,2026-02-01T13:53:00,HW,1.58,Angostura Inglesa,2026-02-01T12:53:00,1.58
CUR009,2026-02-01T19:23:00,LW,0.55,Angostura Inglesa,2026-02-01T18:23:00,0.55
CUR009,2026-02-02T01:45:00,HW,2.26,Angostura Inglesa,2026-02-02T00:45:00,2.26
CUR009,2026-02-02T08:34:00,LW,0.28,Angostura Inglesa,2026-02-02T07:34:00,0.28
CUR009,2026-02-02T14:40:00,HW,1.61,Angostura Inglesa,2026-02-02T13:40:00,1.61
CUR009,2026-02-02T20:14:00,LW,0.57,Angostura Inglesa,2026-02-02T19:14:00,0.57
CUR009,2026-02-03T02:32:00,HW,2.14,Angostura Inglesa,2026-02-03T01:32:00,2.14
CUR009,2026-02-03T09:16:00,LW,0.38,Angostura Inglesa,2026-02-03T08:16:00,0.38
CUR009,2026-02-03T15:27:00,HW,1.62,Angostura Inglesa,2026-02-03T14:27:00,1.62
CUR009,2026-02-03T21:09:00,LW,0.64,Angostura Inglesa,2026-02-03T20:09:00,0.64
CUR009,2026-02-04T03:22:00,HW,1.97,Angostura Inglesa,2026-02-04T02:22:00,1.97
CUR009,2026-02-04T10:03:00,LW,0.5,Angostura Inglesa,2026-02-04T09:03:00,0.5
CUR009,2026-02-04T16:18:00,HW,1.62,Angostura Inglesa,2026-02-04T15:18:00,1.62
CUR009,2026-02-04T22:09:00,LW,0.74,Angostura Inglesa,2026-02-04T21:09:00,0.74
CUR009,2026-02-05T04:15:00,HW,1.76,Angostura Inglesa,2026-02-05T03:15:00,1.76
CUR009,2026-02-05T10:55:00,LW,0.62,Angostura Inglesa,2026-02-05T09:55:00,0.62
CUR009,2026-02-05T17:15:00,HW,1.61,Angostura Inglesa,2026-02-05T16:15:00,1.61
CUR009,2026-02-05T23:24:00,LW,0.84,Angostura Inglesa,2026-02-05T22:24:00,0.84
CUR009,2026-02-06T05:09:00,HW,1.53,Angostura Inglesa,2026-02-06T04:09:00,1.53
CUR009,2026-02-06T11:49:00,LW,0.75,Angostura Inglesa,2026-02-06T10:49:00,0.75
CUR009,2026-02-06T18:18:00,HW,1.62,Angostura Inglesa,2026-02-06T17:18:00,1.62
CUR009,2026-02-07T01:01:00,LW,0.89,Angostura Inglesa,2026-02-07T00:01:00,0.89
CUR009,2026-02-07T06:14:00,HW,1.32,Angostura Inglesa,2026-02-07T05:14:00,1.32
CUR009,2026-02-07T12:41:00,LW,0.85,Angostura Inglesa,2026-02-07T11:41:00,0.85
CUR009,2026-02-07T19:24:00,HW,1.64,Angostura Inglesa,2026-02-07T18:24:00,1.64
CUR009,2026-02-08T02:34:00,LW,0.85,Angostura Inglesa,2026-02-08T01:34:00,0.85
CUR009,2026-02-08T08:37:00,HW,1.18,Angostura Inglesa,2026-02-08T07:37:00,1.18
CUR009,2026-02-08T13:29:00,LW,0.95,Angostura Inglesa,2026-02-08T12:29:00,0.95
CUR009,2026-02-08T20:25:00,HW,1.68,Angostura Inglesa,2026-02-08T19:25:00,1.68
CUR009,2026-02-09T03:46:00,LW,0.77,Angostura Inglesa,2026-02-09T02:46:00,0.77
CUR009,2026-02-09T10:24:00,HW,1.19,Angostura Inglesa,2026-02-09T09:24:00,1.19
CUR009,2026-02-09T14:14:00,LW,1.01,Angostura Inglesa,2026-02-09T13:14:00,1.01
CUR009,2026-02-09T21:17:00,HW,1.72,Angostura Inglesa,2026-02-09T20:17:00,1.72
CUR009,2026-02-10T04:42:00,LW,0.7,Angostura Inglesa,2026-02-10T03:42:00,0.7
CUR009,2026-02-10T11:11:00,HW,1.2,Angostura Inglesa,2026-02-10T10:11:00,1.2
CUR009,2026-02-10T14:59:00,LW,1.04,Angostura Inglesa,2026-02-10T13:59:00,1.04
CUR009,2026-02-10T21:58:00,HW,1.77,Angostura Inglesa,2026-02-10T20:58:00,1.77
CUR009,2026-02-11T05:23:00,LW,0.64,Angostura Inglesa,2026-02-11T04:23:00,0.64
CUR009,2026-02-11T11:40:00,HW,1.21,Angostura Inglesa,2026-02-11T10:40:00,1.21
CUR009,2026-02-11T15:39:00,LW,1.04,Angostura Inglesa,2026-02-11T14:39:00,1.04
CUR009,2026-02-11T22:30:00,HW,1.82,Angostura Inglesa,2026-02-11T21:30:00,1.82
CUR009,2026-02-12T05:52:00,LW,0.59,Angostura Inglesa,2026-02-12T04:52:00,0.59
CUR009,2026-02-12T11:53:00,HW,1.23,Angostura Inglesa,2026-02-12T10:53:00,1.23
CUR009,2026-02-12T16:14:00,LW,0.99,Angostura Inglesa,2026-02-12T15:14:00,0.99
CUR009,2026-02-12T22:58:00,HW,1.88,Angostura Inglesa,2026-02-12T21:58:00,1.88
CUR009,2026-02-13T06:14:00,LW,0.55,Angostura Inglesa,2026-02-13T05:14:00,0.55
CUR009,2026-02-13T12:01:00,HW,1.27,Angostura Inglesa,2026-02-13T11:01:00,1.27
CUR009,2026-02-13T16:48:00,LW,0.92,Angostura Inglesa,2026-02-13T15:48:00,0.92
CUR009,2026-02-13T23:27:00,HW,1.95,Angostura Inglesa,2026-02-13T22:27:00,1.95
CUR009,2026-02-14T06:34:00,LW,0.51,Angostura Inglesa,2026-02-14T05:34:00,0.51
CUR009,2026-02-14T12:17:00,HW,1.32,Angostura Inglesa,2026-02-14T11:17:00,1.32
CUR009,2026-02-14T17:22:00,LW,0.83,Angostura Inglesa,2026-02-14T16:22:00,0.83
CUR009,2026-02-14T23:57:00,HW,2.01,Angostura Inglesa,2026-02-14T22:57:00,2.01
CUR009,2026-02-15T06:55:00,LW,0.47,Angostura Inglesa,2026-02-15T05:55:00,0.47
CUR009,2026-02-15T12:42:00,HW,1.4,Angostura Inglesa,2026-02-15T11:42:00,1.4
CUR009,2026-02-15T17:59:00,LW,0.75,Angostura Inglesa,2026-02-15T16:59:00,0.75
CUR009,2026-02-16T00:29:00,HW,2.06,Angostura Inglesa,2026-02-15T23:29:00,2.06
CUR009,2026-02-16T07:20:00,LW,0.42,Angostura Inglesa,2026-02-16T06:20:00,0.42
CUR009,2026-02-16T13:15:00,HW,1.48,Angostura Inglesa,2026-02-16T12:15:00,1.48
CUR009,2026-02-16T18:39:00,LW,0.68,Angostura Inglesa,2026-02-16T17:39:00,0.68
CUR009,2026-02-17T01:04:00,HW,2.07,Angostura Inglesa,2026-02-17T00:04:00,2.07
CUR009,2026-02-17T07:49:00,LW,0.4,Angostura Inglesa,2026-02-17T06:49:00,0.4
CUR009,2026-02-17T13:53:00,HW,1.56,Angostura Inglesa,2026-02-17T12:53:00,1.56
CUR009,2026-02-17T19:23:00,LW,0.64,Angostura Inglesa,2026-02-17T18:23:00,0.64
CUR009,2026-02-18T01:42:00,HW,2.03,Angostura Inglesa,2026-02-18T00:42:00,2.03
CUR009,2026-02-18T08:22:00,LW,0.41,Angostura Inglesa,2026-02-18T07:22:00,0.41
CUR009,2026-02-18T14:35:00,HW,1.64,Angostura Inglesa,2026-02-18T13:35:00,1.64
CUR009,2026-02-18T20:13:00,LW,0.64,Angostura Inglesa,2026-02-18T19:13:00,0.64
CUR009,2026-02-19T02:26:00,HW,1.94,Angostura Inglesa,2026-02-19T01:26:00,1.94
CUR009,2026-02-19T08:57:00,LW,0.45,Angostura Inglesa,2026-02-19T07:57:00,0.45
CUR009,2026-02-19T15:21:00,HW,1.7,Angostura Inglesa,2026-02-19T14:21:00,1.7
CUR009,2026-02-19T21:09:00,LW,0.67,Angostura Inglesa,2026-02-19T20:09:00,0.67
CUR009,2026-02-20T03:17:00,HW,1.79,Angostura Inglesa,2026-02-20T02:17:00,1.79
CUR009,2026-02-20T09:38:00,LW,0.53,Angostura Inglesa,2026-02-20T08:38:00,0.53
CUR009,2026-02-20T16:11:00,HW,1.76,Angostura Inglesa,2026-02-20T15:11:00,1.76
CUR009,2026-02-20T22:14:00,LW,0.71,Angostura Inglesa,2026-02-20T21:14:00,0.71
CUR009,2026-02-21T04:16:00,HW,1.61,Angostura Inglesa,2026-02-21T03:16:00,1.61
CUR009,2026-02-21T10:27:00,LW,0.64,Angostura Inglesa,2026-02-21T09:27:00,0.64
CUR009,2026-02-21T17:09:00,HW,1.8,Angostura Inglesa,2026-02-21T16:09:00,1.8
CUR009,2026-02-21T23:37:00,LW,0.75,Angostura Inglesa,2026-02-21T22:37:00,0.75
CUR009,2026-02-22T05:25:00,HW,1.42,Angostura Inglesa,2026-02-22T04:25:00,1.42
CUR009,2026-02-22T11:25:00,LW,0.74,Angostura Inglesa,2026-02-22T10:25:00,0.74
CUR009,2026-02-22T18:15:00,HW,1.85,Angostura Inglesa,2026-02-22T17:15:00,1.85
CUR009,2026-02-23T01:19:00,LW,0.71,Angostura Inglesa,2026-02-23T00:19:00,0.71
CUR009,2026-02-23T06:55:00,HW,1.28,Angostura Inglesa,2026-02-23T05:55:00,1.28
CUR009,2026-02-23T12:27:00,LW,0.83,Angostura Inglesa,2026-02-23T11:27:00,0.83
CUR009,2026-02-23T19:22:00,HW,1.9,Angostura Inglesa,2026-02-23T18:22:00,1.9
CUR009,2026-02-24T02:42:00,LW,0.6,Angostura Inglesa,2026-02-24T01:42:00,0.6
CUR009,2026-02-24T08:45:00,HW,1.24,Angostura Inglesa,2026-02-24T07:45:00,1.24
CUR009,2026-02-24T13:32:00,LW,0.88,Angostura Inglesa,2026-02-24T12:32:00,0.88
CUR009,2026-02-24T20:27:00,HW,1.97,Angostura Inglesa,2026-02-24T19:27:00,1.97
CUR009,2026-02-25T03:47:00,LW,0.49,Angostura Inglesa,2026-02-25T02:47:00,0.49
CUR009,2026-02-25T09:59:00,HW,1.3,Angostura Inglesa,2026-02-25T08:59:00,1.3
CUR009,2026-02-25T14:43:00,LW,0.89,Angostura Inglesa,2026-02-25T13:43:00,0.89
CUR009,2026-02-25T21:30:00,HW,2.05,Angostura Inglesa,2026-02-25T20:30:00,2.05
CUR009,2026-02-26T04:44:00,LW,0.39,Angostura Inglesa,2026-02-26T03:44:00,0.39
CUR009,2026-02-26T10:49:00,HW,1.37,Angostura Inglesa,2026-02-26T09:49:00,1.37
CUR009,2026-02-26T15:52:00,LW,0.84,Angostura Inglesa,2026-02-26T14:52:00,0.84
CUR009,2026-02-26T22:27:00,HW,2.13,Angostura Inglesa,2026-02-26T21:27:00,2.13
CUR009,2026-02-27T05:34:00,LW,0.32,Angostura Inglesa,2026-02-27T04:34:00,0.32
CUR009,2026-02-27T11:32:00,HW,1.45,Angostura Inglesa,2026-02-27T10:32:00,1.45
CUR009,2026-02-27T16:51:00,LW,0.75,Angostura Inglesa,2026-02-27T15:51:00,0.75
CUR009,2026-02-27T23:17:00,HW,2.2,Angostura Inglesa,2026-02-27T22:17:00,2.2
CUR009,2026-02-28T06:18:00,LW,0.28,Angostura Inglesa,2026-02-28T05:18:00,0.28
CUR009,2026-02-28T12:13:00,HW,1.52,Angostura Inglesa,2026-02-28T11:13:00,1.52
CUR009,2026-02-28T17:41:00,LW,0.66,Angostura Inglesa,2026-02-28T16:41:00,0.66
CUR009,2026-03-01T00:02:00,HW,2.23,Angostura Inglesa,2026-02-28T23:02:00,2.23
CUR009,2026-03-01T06:57:00,LW,0.27,Angostura Inglesa,2026-03-01T05:57:00,0.27
CUR009,2026-03-01T12:55:00,HW,1.59,Angostura Inglesa,2026-03-01T11:55:00,1.59
CUR009,2026-03-01T18:30:00,LW,0.6,Angostura Inglesa,2026-03-01T17:30:00,0.6
CUR009,2026-03-02T00:45:00,HW,2.2,Angostura Inglesa,2026-03-01T23:45:00,2.2
CUR009,2026-03-02T07:33:00,LW,0.28,Angostura Inglesa,2026-03-02T06:33:00,0.28
CUR009,2026-03-02T13:38:00,HW,1.67,Angostura Inglesa,2026-03-02T12:38:00,1.67
CUR009,2026-03-02T19:20:00,LW,0.57,Angostura Inglesa,2026-03-02T18:20:00,0.57
CUR009,2026-03-03T01:28:00,HW,2.11,Angostura Inglesa,2026-03-03T00:28:00,2.11
CUR009,2026-03-03T08:08:00,LW,0.33,Angostura Inglesa,2026-03-03T07:08:00,0.33
CUR009,2026-03-03T14:21:00,HW,1.73,Angostura Inglesa,2026-03-03T13:21:00,1.73
CUR009,2026-03-03T20:11:00,LW,0.58,Angostura Inglesa,2026-03-03T19:11:00,0.58
CUR009,2026-03-04T02:12:00,HW,1.97,Angostura Inglesa,2026-03-04T01:12:00,1.97
CUR009,2026-03-04T08:43:00,LW,0.42,Angostura Inglesa,2026-03-04T07:43:00,0.42
CUR009,2026-03-04T15:04:00,HW,1.77,Angostura Inglesa,2026-03-04T14:04:00,1.77
CUR009,2026-03-04T21:04:00,LW,0.64,Angostura Inglesa,2026-03-04T20:04:00,0.64
CUR009,2026-03-05T02:58:00,HW,1.79,Angostura Inglesa,2026-03-05T01:58:00,1.79
CUR009,2026-03-05T09:19:00,LW,0.53,Angostura Inglesa,2026-03-05T08:19:00,0.53
CUR009,2026-03-05T15:49:00,HW,1.79,Angostura Inglesa,2026-03-05T14:49:00,1.79
CUR009,2026-03-05T22:01:00,LW,0.71,Angostura Inglesa,2026-03-05T21:01:00,0.71
CUR009,2026-03-06T03:47:00,HW,1.58,Angostura Inglesa,2026-03-06T02:47:00,1.58
CUR009,2026-03-06T09:55:00,LW,0.66,Angostura Inglesa,2026-03-06T08:55:00,0.66
CUR009,2026-03-06T16:35:00,HW,1.78,Angostura Inglesa,2026-03-06T15:35:00,1.78
CUR009,2026-03-06T23:09:00,LW,0.8,Angostura Inglesa,2026-03-06T22:09:00,0.8
CUR009,2026-03-07T04:37:00,HW,1.37,Angostura Inglesa,2026-03-07T03:37:00,1.37
CUR009,2026-03-07T10:32:00,LW,0.79,Angostura Inglesa,2026-03-07T09:32:00,0.79
CUR009,2026-03-07T17:25:00,HW,1.75,Angostura Inglesa,2026-03-07T16:25:00,1.75
CUR009,2026-03-08T00:37:00,LW,0.84,Angostura Inglesa,2026-03-07T23:37:00,0.84
CUR009,2026-03-08T05:34:00,HW,1.19,Angostura Inglesa,2026-03-08T04:34:00,1.19
CUR009,2026-03-08T11:09:00,LW,0.92,Angostura Inglesa,2026-03-08T10:09:00,0.92
CUR009,2026-03-08T18:18:00,HW,1.72,Angostura Inglesa,2026-03-08T17:18:00,1.72
CUR009,2026-03-09T02:06:00,LW,0.82,Angostura Inglesa,2026-03-09T01:06:00,0.82
CUR009,2026-03-09T19:11:00,HW,1.7,Angostura Inglesa,2026-03-09T18:11:00,1.7
CUR009,2026-03-10T03:15:00,LW,0.76,Angostura Inglesa,2026-03-10T02:15:00,0.76
CUR009,2026-03-10T20:02:00,HW,1.69,Angostura Inglesa,2026-03-10T19:02:00,1.69
CUR009,2026-03-11T04:09:00,LW,0.71,Angostura Inglesa,2026-03-11T03:09:00,0.71
CUR009,2026-03-11T20:52:00,HW,1.7,Angostura Inglesa,2026-03-11T19:52:00,1.7
CUR009,2026-03-12T04:49:00,LW,0.67,Angostura Inglesa,2026-03-12T03:49:00,0.67
CUR009,2026-03-12T11:34:00,HW,1.17,Angostura Inglesa,2026-03-12T10:34:00,1.17
CUR009,2026-03-12T14:29:00,LW,1.11,Angostura Inglesa,2026-03-12T13:29:00,1.11
CUR009,2026-03-12T21:38:00,HW,1.75,Angostura Inglesa,2026-03-12T20:38:00,1.75
CUR009,2026-03-13T05:16:00,LW,0.64,Angostura Inglesa,2026-03-13T04:16:00,0.64
CUR009,2026-03-13T11:29:00,HW,1.2,Angostura Inglesa,2026-03-13T10:29:00,1.2
CUR009,2026-03-13T15:30:00,LW,1.05,Angostura Inglesa,2026-03-13T14:30:00,1.05
CUR009,2026-03-13T22:18:00,HW,1.81,Angostura Inglesa,2026-03-13T21:18:00,1.81
CUR009,2026-03-14T05:38:00,LW,0.59,Angostura Inglesa,2026-03-14T04:38:00,0.59
CUR009,2026-03-14T11:31:00,HW,1.27,Angostura Inglesa,2026-03-14T10:31:00,1.27
CUR009,2026-03-14T16:19:00,LW,0.96,Angostura Inglesa,2026-03-14T15:19:00,0.96
CUR009,2026-03-14T22:54:00,HW,1.89,Angostura Inglesa,2026-03-14T21:54:00,1.89
CUR009,2026-03-15T05:59:00,LW,0.53,Angostura Inglesa,2026-03-15T04:59:00,0.53
CUR009,2026-03-15T11:49:00,HW,1.36,Angostura Inglesa,2026-03-15T10:49:00,1.36
CUR009,2026-03-15T17:02:00,LW,0.85,Angostura Inglesa,2026-03-15T16:02:00,0.85
CUR009,2026-03-15T23:28:00,HW,1.96,Angostura Inglesa,2026-03-15T22:28:00,1.96
CUR009,2026-03-16T06:22:00,LW,0.47,Angostura Inglesa,2026-03-16T05:22:00,0.47
CUR009,2026-03-16T12:18:00,HW,1.48,Angostura Inglesa,2026-03-16T11:18:00,1.48
CUR009,2026-03-16T17:45:00,LW,0.75,Angostura Inglesa,2026-03-16T16:45:00,0.75
CUR009,2026-03-17T00:04:00,HW,2.0,Angostura Inglesa,2026-03-16T23:04:00,2.0
CUR009,2026-03-17T06:49:00,LW,0.41,Angostura Inglesa,2026-03-17T05:49:00,0.41
CUR009,2026-03-17T12:53:00,HW,1.61,Angostura Inglesa,2026-03-17T11:53:00,1.61
CUR009,2026-03-17T18:31:00,LW,0.66,Angostura Inglesa,2026-03-17T17:31:00,0.66
CUR009,2026-03-18T00:41:00,HW,2.0,Angostura Inglesa,2026-03-17T23:41:00,2.0
CUR009,2026-03-18T07:19:00,LW,0.38,Angostura Inglesa,2026-03-18T06:19:00,0.38
CUR009,2026-03-18T13:32:00,HW,1.74,Angostura Inglesa,2026-03-18T12:32:00,1.74
CUR009,2026-03-18T19:21:00,LW,0.6,Angostura Inglesa,2026-03-18T18:21:00,0.6
CUR009,2026-03-19T01:22:00,HW,1.94,Angostura Inglesa,2026-03-19T00:22:00,1.94
CUR009,2026-03-19T07:51:00,LW,0.38,Angostura Inglesa,2026-03-19T06:51:00,0.38
CUR009,2026-03-19T14:13:00,HW,1.85,Angostura Inglesa,2026-03-19T13:13:00,1.85
CUR009,2026-03-19T20:15:00,LW,0.56,Angostura Inglesa,2026-03-19T19:15:00,0.56
CUR009,2026-03-20T02:09:00,HW,1.82,Angostura Inglesa,2026-03-20T01:09:00,1.82
CUR009,2026-03-20T08:25:00,LW,0.42,Angostura Inglesa,2026-03-20T07:25:00,0.42
CUR009,2026-03-20T14:58:00,HW,1.95,Angostura Inglesa,2026-03-20T13:58:00,1.95
CUR009,2026-03-20T21:12:00,LW,0.56,Angostura Inglesa,2026-03-20T20:12:00,0.56
CUR009,2026-03-21T03:04:00,HW,1.67,Angostura Inglesa,2026-03-21T02:04:00,1.67
CUR009,2026-03-21T09:04:00,LW,0.51,Angostura Inglesa,2026-03-21T08:04:00,0.51
CUR009,2026-03-21T15:46:00,HW,2.0,Angostura Inglesa,2026-03-21T14:46:00,2.0
CUR009,2026-03-21T22:15:00,LW,0.58,Angostura Inglesa,2026-03-21T21:15:00,0.58
CUR009,2026-03-22T04:07:00,HW,1.5,Angostura Inglesa,2026-03-22T03:07:00,1.5
CUR009,2026-03-22T09:49:00,LW,0.62,Angostura Inglesa,2026-03-22T08:49:00,0.62
CUR009,2026-03-22T16:41:00,HW,2.02,Angostura Inglesa,2026-03-22T15:41:00,2.02
CUR009,2026-03-22T23:33:00,LW,0.6,Angostura Inglesa,2026-03-22T22:33:00,0.6
CUR009,2026-03-23T05:18:00,HW,1.33,Angostura Inglesa,2026-03-23T04:18:00,1.33
CUR009,2026-03-23T10:46:00,LW,0.75,Angostura Inglesa,2026-03-23T09:46:00,0.75
CUR009,2026-03-23T17:44:00,HW,2.01,Angostura Inglesa,2026-03-23T16:44:00,2.01
CUR009,2026-03-24T01:03:00,LW,0.58,Angostura Inglesa,2026-03-24T00:03:00,0.58
CUR009,2026-03-24T06:49:00,HW,1.22,Angostura Inglesa,2026-03-24T05:49:00,1.22
CUR009,2026-03-24T11:52:00,LW,0.85,Angostura Inglesa,2026-03-24T10:52:00,0.85
CUR009,2026-03-24T18:52:00,HW,2.0,Angostura Inglesa,2026-03-24T17:52:00,2.0
CUR009,2026-03-25T02:21:00,LW,0.52,Angostura Inglesa,2026-03-25T01:21:00,0.52
CUR009,2026-03-25T08:34:00,HW,1.22,Angostura Inglesa,2026-03-25T07:34:00,1.22
CUR009,2026-03-25T13:06:00,LW,0.91,Angostura Inglesa,2026-03-25T12:06:00,0.91
CUR009,2026-03-25T20:01:00,HW,2.0,Angostura Inglesa,2026-03-25T19:01:00,2.0
CUR009,2026-03-26T03:27:00,LW,0.46,Angostura Inglesa,2026-03-26T02:27:00,0.46
CUR009,2026-03-26T09:46:00,HW,1.3,Angostura Inglesa,2026-03-26T08:46:00,1.3
CUR009,2026-03-26T14:28:00,LW,0.91,Angostura Inglesa,2026-03-26T13:28:00,0.91
CUR009,2026-03-26T21:11:00,HW,2.02,Angostura Inglesa,2026-03-26T20:11:00,2.02
CUR009,2026-03-27T04:26:00,LW,0.41,Angostura Inglesa,2026-03-27T03:26:00,0.41
CUR009,2026-03-27T10:37:00,HW,1.38,Angostura Inglesa,2026-03-27T09:37:00,1.38
CUR009,2026-03-27T15:45:00,LW,0.86,Angostura Inglesa,2026-03-27T14:45:00,0.86
CUR009,2026-03-27T22:14:00,HW,2.06,Angostura Inglesa,2026-03-27T21:14:00,2.06
CUR009,2026-03-28T05:17:00,LW,0.38,Angostura Inglesa,2026-03-28T04:17:00,0.38
CUR009,2026-03-28T11:20:00,HW,1.48,Angostura Inglesa,2026-03-28T10:20:00,1.48
CUR009,2026-03-28T16:47:00,LW,0.77,Angostura Inglesa,2026-03-28T15:47:00,0.77
CUR009,2026-03-28T23:06:00,HW,2.08,Angostura Inglesa,2026-03-28T22:06:00,2.08
CUR009,2026-03-29T06:00:00,LW,0.35,Angostura Inglesa,2026-03-29T05:00:00,0.35
CUR009,2026-03-29T12:00:00,HW,1.57,Angostura Inglesa,2026-03-29T11:00:00,1.57
CUR009,2026-03-29T17:40:00,LW,0.68,Angostura Inglesa,2026-03-29T16:40:00,0.68
CUR009,2026-03-29T23:50:00,HW,2.07,Angostura Inglesa,2026-03-29T22:50:00,2.07
CUR009,2026-03-30T06:36:00,LW,0.35,Angostura Inglesa,2026-03-30T05:36:00,0.35
CUR009,2026-03-30T12:40:00,HW,1.68,Angostura Inglesa,2026-03-30T11:40:00,1.68
CUR009,2026-03-30T18:30:00,LW,0.62,Angostura Inglesa,2026-03-30T17:30:00,0.62
CUR009,2026-03-31T00:30:00,HW,2.02,Angostura Inglesa,2026-03-30T23:30:00,2.02
CUR009,2026-03-31T07:09:00,LW,0.36,Angostura Inglesa,2026-03-31T06:09:00,0.36
CUR009,2026-03-31T13:20:00,HW,1.78,Angostura Inglesa,2026-03-31T12:20:00,1.78
CUR009,2026-03-31T19:20:00,LW,0.59,Angostura Inglesa,2026-03-31T18:20:00,0.59
CUR009,2026-04-01T01:10:00,HW,1.91,Angostura Inglesa,2026-04-01T00:10:00,1.91
CUR009,2026-04-01T07:39:00,LW,0.4,Angostura Inglesa,2026-04-01T06:39:00,0.4
CUR009,2026-04-01T13:59:00,HW,1.86,Angostura Inglesa,2026-04-01T12:59:00,1.86
CUR009,2026-04-01T20:09:00,LW,0.58,Angostura Inglesa,2026-04-01T19:09:00,0.58
CUR009,2026-04-02T01:52:00,HW,1.77,Angostura Inglesa,2026-04-02T00:52:00,1.77
CUR009,2026-04-02T08:06:00,LW,0.47,Angostura Inglesa,2026-04-02T07:06:00,0.47
CUR009,2026-04-02T14:37:00,HW,1.92,Angostura Inglesa,2026-04-02T13:37:00,1.92
CUR009,2026-04-02T20:57:00,LW,0.61,Angostura Inglesa,2026-04-02T19:57:00,0.61
CUR009,2026-04-03T02:35:00,HW,1.6,Angostura Inglesa,2026-04-03T01:35:00,1.6
CUR009,2026-04-03T08:32:00,LW,0.57,Angostura Inglesa,2026-04-03T07:32:00,0.57
CUR009,2026-04-03T15:15:00,HW,1.94,Angostura Inglesa,2026-04-03T14:15:00,1.94
CUR009,2026-04-03T21:47:00,LW,0.66,Angostura Inglesa,2026-04-03T20:47:00,0.66
CUR009,2026-04-04T03:21:00,HW,1.43,Angostura Inglesa,2026-04-04T02:21:00,1.43
CUR009,2026-04-04T08:56:00,LW,0.68,Angostura Inglesa,2026-04-04T07:56:00,0.68
CUR009,2026-04-04T15:53:00,HW,1.91,Angostura Inglesa,2026-04-04T14:53:00,1.91
CUR009,2026-04-04T22:43:00,LW,0.73,Angostura Inglesa,2026-04-04T21:43:00,0.73
CUR009,2026-04-05T04:08:00,HW,1.27,Angostura Inglesa,2026-04-05T03:08:00,1.27
CUR009,2026-04-05T09:18:00,LW,0.8,Angostura Inglesa,2026-04-05T08:18:00,0.8
CUR009,2026-04-05T16:33:00,HW,1.86,Angostura Inglesa,2026-04-05T15:33:00,1.86
CUR009,2026-04-05T23:54:00,LW,0.78,Angostura Inglesa,2026-04-05T22:54:00,0.78
CUR009,2026-04-06T04:56:00,HW,1.13,Angostura Inglesa,2026-04-06T03:56:00,1.13
CUR009,2026-04-06T09:34:00,LW,0.9,Angostura Inglesa,2026-04-06T08:34:00,0.9
CUR009,2026-04-06T17:14:00,HW,1.79,Angostura Inglesa,2026-04-06T16:14:00,1.79
CUR009,2026-04-07T01:16:00,LW,0.8,Angostura Inglesa,2026-04-07T00:16:00,0.8
CUR009,2026-04-07T17:59:00,HW,1.73,Angostura Inglesa,2026-04-07T16:59:00,1.73
CUR009,2026-04-08T02:23:00,LW,0.79,Angostura Inglesa,2026-04-08T01:23:00,0.79
CUR009,2026-04-08T18:49:00,HW,1.69,Angostura Inglesa,2026-04-08T17:49:00,1.69
CUR009,2026-04-09T03:15:00,LW,0.76,Angostura Inglesa,2026-04-09T02:15:00,0.76
CUR009,2026-04-09T19:43:00,HW,1.67,Angostura Inglesa,2026-04-09T18:43:00,1.67
CUR009,2026-04-10T03:56:00,LW,0.73,Angostura Inglesa,2026-04-10T02:56:00,0.73
CUR009,2026-04-10T20:42:00,HW,1.69,Angostura Inglesa,2026-04-10T19:42:00,1.69
CUR009,2026-04-11T04:28:00,LW,0.69,Angostura Inglesa,2026-04-11T03:28:00,0.69
CUR009,2026-04-11T10:43:00,HW,1.2,Angostura Inglesa,2026-04-11T09:43:00,1.2
CUR009,2026-04-11T14:52:00,LW,1.07,Angostura Inglesa,2026-04-11T13:52:00,1.07
CUR009,2026-04-11T21:37:00,HW,1.74,Angostura Inglesa,2026-04-11T20:37:00,1.74
CUR009,2026-04-12T04:54:00,LW,0.64,Angostura Inglesa,2026-04-12T03:54:00,0.64
CUR009,2026-04-12T10:55:00,HW,1.31,Angostura Inglesa,2026-04-12T09:55:00,1.31
CUR009,2026-04-12T15:58:00,LW,0.97,Angostura Inglesa,2026-04-12T14:58:00,0.97
CUR009,2026-04-12T22:23:00,HW,1.81,Angostura Inglesa,2026-04-12T21:23:00,1.81
CUR009,2026-04-13T05:20:00,LW,0.57,Angostura Inglesa,2026-04-13T04:20:00,0.57
CUR009,2026-04-13T11:21:00,HW,1.44,Angostura Inglesa,2026-04-13T10:21:00,1.44
CUR009,2026-04-13T16:50:00,LW,0.86,Angostura Inglesa,2026-04-13T15:50:00,0.86
CUR009,2026-04-13T23:04:00,HW,1.86,Angostura Inglesa,2026-04-13T22:04:00,1.86
CUR009,2026-04-14T05:47:00,LW,0.5,Angostura Inglesa,2026-04-14T04:47:00,0.5
CUR009,2026-04-14T11:53:00,HW,1.6,Angostura Inglesa,2026-04-14T10:53:00,1.6
CUR009,2026-04-14T17:40:00,LW,0.74,Angostura Inglesa,2026-04-14T16:40:00,0.74
CUR009,2026-04-14T23:43:00,HW,1.88,Angostura Inglesa,2026-04-14T22:43:00,1.88
CUR009,2026-04-15T06:17:00,LW,0.44,Angostura Inglesa,2026-04-15T05:17:00,0.44
CUR009,2026-04-15T12:30:00,HW,1.77,Angostura Inglesa,2026-04-15T11:30:00,1.77
CUR009,2026-04-15T18:31:00,LW,0.62,Angostura Inglesa,2026-04-15T17:31:00,0.62
CUR009,2026-04-16T00:23:00,HW,1.86,Angostura Inglesa,2026-04-15T23:23:00,1.86
CUR009,2026-04-16T06:48:00,LW,0.4,Angostura Inglesa,2026-04-16T05:48:00,0.4
CUR009,2026-04-16T13:09:00,HW,1.94,Angostura Inglesa,2026-04-16T12:09:00,1.94
CUR009,2026-04-16T19:23:00,LW,0.52,Angostura Inglesa,2026-04-16T18:23:00,0.52
CUR009,2026-04-17T01:08:00,HW,1.79,Angostura Inglesa,2026-04-17T00:08:00,1.79
CUR009,2026-04-17T07:21:00,LW,0.39,Angostura Inglesa,2026-04-17T06:21:00,0.39
CUR009,2026-04-17T13:50:00,HW,2.08,Angostura Inglesa,2026-04-17T12:50:00,2.08
CUR009,2026-04-17T20:16:00,LW,0.44,Angostura Inglesa,2026-04-17T19:16:00,0.44
CUR009,2026-04-18T01:59:00,HW,1.69,Angostura Inglesa,2026-04-18T00:59:00,1.69
CUR009,2026-04-18T07:57:00,LW,0.43,Angostura Inglesa,2026-04-18T06:57:00,0.43
CUR009,2026-04-18T14:34:00,HW,2.17,Angostura Inglesa,2026-04-18T13:34:00,2.17
CUR009,2026-04-18T21:09:00,LW,0.42,Angostura Inglesa,2026-04-18T20:09:00,0.42
CUR009,2026-04-19T02:57:00,HW,1.56,Angostura Inglesa,2026-04-19T01:57:00,1.56
CUR009,2026-04-19T08:36:00,LW,0.51,Angostura Inglesa,2026-04-19T07:36:00,0.51
CUR009,2026-04-19T15:22:00,HW,2.19,Angostura Inglesa,2026-04-19T14:22:00,2.19
CUR009,2026-04-19T22:08:00,LW,0.43,Angostura Inglesa,2026-04-19T21:08:00,0.43
CUR009,2026-04-20T04:01:00,HW,1.43,Angostura Inglesa,2026-04-20T03:01:00,1.43
CUR009,2026-04-20T09:23:00,LW,0.62,Angostura Inglesa,2026-04-20T08:23:00,0.62
CUR009,2026-04-20T16:16:00,HW,2.17,Angostura Inglesa,2026-04-20T15:16:00,2.17
CUR009,2026-04-20T23:19:00,LW,0.48,Angostura Inglesa,2026-04-20T22:19:00,0.48
CUR009,2026-04-21T05:09:00,HW,1.31,Angostura Inglesa,2026-04-21T04:09:00,1.31
CUR009,2026-04-21T10:20:00,LW,0.74,Angostura Inglesa,2026-04-21T09:20:00,0.74
CUR009,2026-04-21T17:18:00,HW,2.1,Angostura Inglesa,2026-04-21T16:18:00,2.1
CUR009,2026-04-22T00:40:00,LW,0.51,Angostura Inglesa,2026-04-21T23:40:00,0.51
CUR009,2026-04-22T06:33:00,HW,1.23,Angostura Inglesa,2026-04-22T05:33:00,1.23
CUR009,2026-04-22T11:29:00,LW,0.84,Angostura Inglesa,2026-04-22T10:29:00,0.84
CUR009,2026-04-22T18:26:00,HW,2.03,Angostura Inglesa,2026-04-22T17:26:00,2.03
CUR009,2026-04-23T01:56:00,LW,0.51,Angostura Inglesa,2026-04-23T00:56:00,0.51
CUR009,2026-04-23T08:10:00,HW,1.24,Angostura Inglesa,2026-04-23T07:10:00,1.24
CUR009,2026-04-23T12:49:00,LW,0.91,Angostura Inglesa,2026-04-23T11:49:00,0.91
CUR009,2026-04-23T19:38:00,HW,1.96,Angostura Inglesa,2026-04-23T18:38:00,1.96
CUR009,2026-04-24T03:02:00,LW,0.49,Angostura Inglesa,2026-04-24T02:02:00,0.49
CUR009,2026-04-24T09:25:00,HW,1.32,Angostura Inglesa,2026-04-24T08:25:00,1.32
CUR009,2026-04-24T14:20:00,LW,0.92,Angostura Inglesa,2026-04-24T13:20:00,0.92
CUR009,2026-04-24T20:54:00,HW,1.93,Angostura Inglesa,2026-04-24T19:54:00,1.93
CUR009,2026-04-25T04:03:00,LW,0.48,Angostura Inglesa,2026-04-25T03:03:00,0.48
CUR009,2026-04-25T10:19:00,HW,1.43,Angostura Inglesa,2026-04-25T09:19:00,1.43
CUR009,2026-04-25T15:42:00,LW,0.86,Angostura Inglesa,2026-04-25T14:42:00,0.86
CUR009,2026-04-25T22:02:00,HW,1.93,Angostura Inglesa,2026-04-25T21:02:00,1.93
CUR009,2026-04-26T04:55:00,LW,0.46,Angostura Inglesa,2026-04-26T03:55:00,0.46
CUR009,2026-04-26T11:04:00,HW,1.54,Angostura Inglesa,2026-04-26T10:04:00,1.54
CUR009,2026-04-26T16:46:00,LW,0.77,Angostura Inglesa,2026-04-26T15:46:00,0.77
CUR009,2026-04-26T22:55:00,HW,1.91,Angostura Inglesa,2026-04-26T21:55:00,1.91
CUR009,2026-04-27T05:37:00,LW,0.45,Angostura Inglesa,2026-04-27T04:37:00,0.45
CUR009,2026-04-27T11:45:00,HW,1.67,Angostura Inglesa,2026-04-27T10:45:00,1.67
CUR009,2026-04-27T17:40:00,LW,0.69,Angostura Inglesa,2026-04-27T16:40:00,0.69
CUR009,2026-04-27T23:39:00,HW,1.87,Angostura Inglesa,2026-04-27T22:39:00,1.87
CUR009,2026-04-28T06:11:00,LW,0.45,Angostura Inglesa,2026-04-28T05:11:00,0.45
CUR009,2026-04-28T12:23:00,HW,1.79,Angostura Inglesa,2026-04-28T11:23:00,1.79
CUR009,2026-04-28T18:31:00,LW,0.62,Angostura Inglesa,2026-04-28T17:31:00,0.62
CUR009,2026-04-29T00:18:00,HW,1.79,Angostura Inglesa,2026-04-28T23:18:00,1.79
CUR009,2026-04-29T06:40:00,LW,0.47,Angostura Inglesa,2026-04-29T05:40:00,0.47
CUR009,2026-04-29T12:59:00,HW,1.9,Angostura Inglesa,2026-04-29T11:59:00,1.9
CUR009,2026-04-29T19:18:00,LW,0.57,Angostura Inglesa,2026-04-29T18:18:00,0.57
CUR009,2026-04-30T00:56:00,HW,1.69,Angostura Inglesa,2026-04-29T23:56:00,1.69
CUR009,2026-04-30T07:05:00,LW,0.51,Angostura Inglesa,2026-04-30T06:05:00,0.51
CUR009,2026-04-30T13:33:00,HW,1.99,Angostura Inglesa,2026-04-30T12:33:00,1.99
CUR009,2026-04-30T20:02:00,LW,0.55,Angostura Inglesa,2026-04-30T19:02:00,0.55
CUR009,2026-05-01T01:35:00,HW,1.57,Angostura Inglesa,2026-05-01T00:35:00,1.57
CUR009,2026-05-01T07:27:00,LW,0.56,Angostura Inglesa,2026-05-01T06:27:00,0.56
CUR009,2026-05-01T14:06:00,HW,2.03,Angostura Inglesa,2026-05-01T13:06:00,2.03
CUR009,2026-05-01T20:44:00,LW,0.55,Angostura Inglesa,2026-05-01T19:44:00,0.55
CUR009,2026-05-02T02:16:00,HW,1.45,Angostura Inglesa,2026-05-02T01:16:00,1.45
CUR009,2026-05-02T07:49:00,LW,0.62,Angostura Inglesa,2026-05-02T06:49:00,0.62
CUR009,2026-05-02T14:38:00,HW,2.03,Angostura Inglesa,2026-05-02T13:38:00,2.03
CUR009,2026-05-02T21:24:00,LW,0.59,Angostura Inglesa,2026-05-02T20:24:00,0.59
CUR009,2026-05-03T02:58:00,HW,1.33,Angostura Inglesa,2026-05-03T01:58:00,1.33
CUR009,2026-05-03T08:10:00,LW,0.7,Angostura Inglesa,2026-05-03T07:10:00,0.7
CUR009,2026-05-03T15:11:00,HW,2.0,Angostura Inglesa,2026-05-03T14:11:00,2.0
CUR009,2026-05-03T22:05:00,LW,0.65,Angostura Inglesa,2026-05-03T21:05:00,0.65
CUR009,2026-05-04T03:39:00,HW,1.23,Angostura Inglesa,2026-05-04T02:39:00,1.23
CUR009,2026-05-04T08:30:00,LW,0.79,Angostura Inglesa,2026-05-04T07:30:00,0.79
CUR009,2026-05-04T15:44:00,HW,1.93,Angostura Inglesa,2026-05-04T14:44:00,1.93
CUR009,2026-05-04T22:54:00,LW,0.72,Angostura Inglesa,2026-05-04T21:54:00,0.72
CUR009,2026-05-05T04:18:00,HW,1.15,Angostura Inglesa,2026-05-05T03:18:00,1.15
CUR009,2026-05-05T08:48:00,LW,0.86,Angostura Inglesa,2026-05-05T07:48:00,0.86
CUR009,2026-05-05T16:20:00,HW,1.86,Angostura Inglesa,2026-05-05T15:20:00,1.86
CUR009,2026-05-05T23:58:00,LW,0.78,Angostura Inglesa,2026-05-05T22:58:00,0.78
CUR009,2026-05-06T05:01:00,HW,1.08,Angostura Inglesa,2026-05-06T04:01:00,1.08
CUR009,2026-05-06T08:58:00,LW,0.93,Angostura Inglesa,2026-05-06T07:58:00,0.93
CUR009,2026-05-06T17:01:00,HW,1.78,Angostura Inglesa,2026-05-06T16:01:00,1.78
CUR009,2026-05-07T01:07:00,LW,0.81,Angostura Inglesa,2026-05-07T00:07:00,0.81
CUR009,2026-05-07T06:04:00,HW,1.04,Angostura Inglesa,2026-05-07T05:04:00,1.04
CUR009,2026-05-07T09:04:00,LW,0.99,Angostura Inglesa,2026-05-07T08:04:00,0.99
CUR009,2026-05-07T17:49:00,HW,1.72,Angostura Inglesa,2026-05-07T16:49:00,1.72
CUR009,2026-05-08T02:02:00,LW,0.8,Angostura Inglesa,2026-05-08T01:02:00,0.8
CUR009,2026-05-08T18:45:00,HW,1.67,Angostura Inglesa,2026-05-08T17:45:00,1.67
CUR009,2026-05-09T02:47:00,LW,0.78,Angostura Inglesa,2026-05-09T01:47:00,0.78
CUR009,2026-05-09T19:49:00,HW,1.65,Angostura Inglesa,2026-05-09T18:49:00,1.65
CUR009,2026-05-10T03:26:00,LW,0.74,Angostura Inglesa,2026-05-10T02:26:00,0.74
CUR009,2026-05-10T09:45:00,HW,1.25,Angostura Inglesa,2026-05-10T08:45:00,1.25
CUR009,2026-05-10T14:30:00,LW,1.07,Angostura Inglesa,2026-05-10T13:30:00,1.07
CUR009,2026-05-10T20:58:00,HW,1.66,Angostura Inglesa,2026-05-10T19:58:00,1.66
CUR009,2026-05-11T04:02:00,LW,0.68,Angostura Inglesa,2026-05-11T03:02:00,0.68
CUR009,2026-05-11T10:17:00,HW,1.39,Angostura Inglesa,2026-05-11T09:17:00,1.39
CUR009,2026-05-11T15:49:00,LW,0.96,Angostura Inglesa,2026-05-11T14:49:00,0.96
CUR009,2026-05-11T21:57:00,HW,1.69,Angostura Inglesa,2026-05-11T20:57:00,1.69
CUR009,2026-05-12T04:36:00,LW,0.62,Angostura Inglesa,2026-05-12T03:36:00,0.62
CUR009,2026-05-12T10:51:00,HW,1.57,Angostura Inglesa,2026-05-12T09:51:00,1.57
CUR009,2026-05-12T16:48:00,LW,0.82,Angostura Inglesa,2026-05-12T15:48:00,0.82
CUR009,2026-05-12T22:45:00,HW,1.71,Angostura Inglesa,2026-05-12T21:45:00,1.71
CUR009,2026-05-13T05:10:00,LW,0.56,Angostura Inglesa,2026-05-13T04:10:00,0.56
CUR009,2026-05-13T11:28:00,HW,1.76,Angostura Inglesa,2026-05-13T10:28:00,1.76
CUR009,2026-05-13T17:41:00,LW,0.67,Angostura Inglesa,2026-05-13T16:41:00,0.67
CUR009,2026-05-13T23:29:00,HW,1.72,Angostura Inglesa,2026-05-13T22:29:00,1.72
CUR009,2026-05-14T05:44:00,LW,0.5,Angostura Inglesa,2026-05-14T04:44:00,0.5
CUR009,2026-05-14T12:06:00,HW,1.96,Angostura Inglesa,2026-05-14T11:06:00,1.96
CUR009,2026-05-14T18:33:00,LW,0.52,Angostura Inglesa,2026-05-14T17:33:00,0.52
CUR009,2026-05-15T00:13:00,HW,1.7,Angostura Inglesa,2026-05-14T23:13:00,1.7
CUR009,2026-05-15T06:18:00,LW,0.46,Angostura Inglesa,2026-05-15T05:18:00,0.46
CUR009,2026-05-15T12:46:00,HW,2.13,Angostura Inglesa,2026-05-15T11:46:00,2.13
CUR009,2026-05-15T19:22:00,LW,0.4,Angostura Inglesa,2026-05-15T18:22:00,0.4
CUR009,2026-05-16T01:00:00,HW,1.65,Angostura Inglesa,2026-05-16T00:00:00,1.65
CUR009,2026-05-16T06:54:00,LW,0.45,Angostura Inglesa,2026-05-16T05:54:00,0.45
CUR009,2026-05-16T13:28:00,HW,2.25,Angostura Inglesa,2026-05-16T12:28:00,2.25
CUR009,2026-05-16T20:11:00,LW,0.31,Angostura Inglesa,2026-05-16T19:11:00,0.31
CUR009,2026-05-17T01:54:00,HW,1.58,Angostura Inglesa,2026-05-17T00:54:00,1.58
CUR009,2026-05-17T07:33:00,LW,0.47,Angostura Inglesa,2026-05-17T06:33:00,0.47
CUR009,2026-05-17T14:12:00,HW,2.32,Angostura Inglesa,2026-05-17T13:12:00,2.32
CUR009,2026-05-17T21:00:00,LW,0.29,Angostura Inglesa,2026-05-17T20:00:00,0.29
CUR009,2026-05-18T02:52:00,HW,1.51,Angostura Inglesa,2026-05-18T01:52:00,1.51
CUR009,2026-05-18T08:16:00,LW,0.53,Angostura Inglesa,2026-05-18T07:16:00,0.53
CUR009,2026-05-18T15:00:00,HW,2.31,Angostura Inglesa,2026-05-18T14:00:00,2.31
CUR009,2026-05-18T21:54:00,LW,0.34,Angostura Inglesa,2026-05-18T20:54:00,0.34
CUR009,2026-05-19T03:52:00,HW,1.43,Angostura Inglesa,2026-05-19T02:52:00,1.43
CUR009,2026-05-19T09:06:00,LW,0.61,Angostura Inglesa,2026-05-19T08:06:00,0.61
CUR009,2026-05-19T15:55:00,HW,2.24,Angostura Inglesa,2026-05-19T14:55:00,2.24
CUR009,2026-05-19T22:58:00,LW,0.42,Angostura Inglesa,2026-05-19T21:58:00,0.42
CUR009,2026-05-20T04:54:00,HW,1.35,Angostura Inglesa,2026-05-20T03:54:00,1.35
CUR009,2026-05-20T10:05:00,LW,0.72,Angostura Inglesa,2026-05-20T09:05:00,0.72
CUR009,2026-05-20T16:56:00,HW,2.12,Angostura Inglesa,2026-05-20T15:56:00,2.12
CUR009,2026-05-21T00:13:00,LW,0.49,Angostura Inglesa,2026-05-20T23:13:00,0.49
CUR009,2026-05-21T06:09:00,HW,1.29,Angostura Inglesa,2026-05-21T05:09:00,1.29
CUR009,2026-05-21T11:15:00,LW,0.82,Angostura Inglesa,2026-05-21T10:15:00,0.82
CUR009,2026-05-21T18:03:00,HW,2.0,Angostura Inglesa,2026-05-21T17:03:00,2.0
CUR009,2026-05-22T01:27:00,LW,0.53,Angostura Inglesa,2026-05-22T00:27:00,0.53
CUR009,2026-05-22T07:38:00,HW,1.3,Angostura Inglesa,2026-05-22T06:38:00,1.3
CUR009,2026-05-22T12:39:00,LW,0.9,Angostura Inglesa,2026-05-22T11:39:00,0.9
CUR009,2026-05-22T19:15:00,HW,1.88,Angostura Inglesa,2026-05-22T18:15:00,1.88
CUR009,2026-05-23T02:32:00,LW,0.56,Angostura Inglesa,2026-05-23T01:32:00,0.56
CUR009,2026-05-23T08:57:00,HW,1.38,Angostura Inglesa,2026-05-23T07:57:00,1.38
CUR009,2026-05-23T14:18:00,LW,0.91,Angostura Inglesa,2026-05-23T13:18:00,0.91
CUR009,2026-05-23T20:37:00,HW,1.79,Angostura Inglesa,2026-05-23T19:37:00,1.79
CUR009,2026-05-24T03:32:00,LW,0.57,Angostura Inglesa,2026-05-24T02:32:00,0.57
CUR009,2026-05-24T09:57:00,HW,1.5,Angostura Inglesa,2026-05-24T08:57:00,1.5
CUR009,2026-05-24T15:40:00,LW,0.85,Angostura Inglesa,2026-05-24T14:40:00,0.85
CUR009,2026-05-24T21:52:00,HW,1.74,Angostura Inglesa,2026-05-24T20:52:00,1.74
CUR009,2026-05-25T04:25:00,LW,0.57,Angostura Inglesa,2026-05-25T03:25:00,0.57
CUR009,2026-05-25T10:45:00,HW,1.64,Angostura Inglesa,2026-05-25T09:45:00,1.64
CUR009,2026-05-25T16:45:00,LW,0.76,Angostura Inglesa,2026-05-25T15:45:00,0.76
CUR009,2026-05-25T22:48:00,HW,1.7,Angostura Inglesa,2026-05-25T21:48:00,1.7
CUR009,2026-05-26T05:07:00,LW,0.58,Angostura Inglesa,2026-05-26T04:07:00,0.58
CUR009,2026-05-26T11:26:00,HW,1.77,Angostura Inglesa,2026-05-26T10:26:00,1.77
CUR009,2026-05-26T17:41:00,LW,0.67,Angostura Inglesa,2026-05-26T16:41:00,0.67
CUR009,2026-05-26T23:31:00,HW,1.64,Angostura Inglesa,2026-05-26T22:31:00,1.64
CUR009,2026-05-27T05:40:00,LW,0.59,Angostura Inglesa,2026-05-27T04:40:00,0.59
CUR009,2026-05-27T12:01:00,HW,1.89,Angostura Inglesa,2026-05-27T11:01:00,1.89
CUR009,2026-05-27T18:30:00,LW,0.59,Angostura Inglesa,2026-05-27T17:30:00,0.59
CUR009,2026-05-28T00:09:00,HW,1.57,Angostura Inglesa,2026-05-27T23:09:00,1.57
CUR009,2026-05-28T06:07:00,LW,0.61,Angostura Inglesa,2026-05-28T05:07:00,0.61
CUR009,2026-05-28T12:33:00,HW,1.98,Angostura Inglesa,2026-05-28T11:33:00,1.98
CUR009,2026-05-28T19:12:00,LW,0.54,Angostura Inglesa,2026-05-28T18:12:00,0.54
CUR009,2026-05-29T00:45:00,HW,1.49,Angostura Inglesa,2026-05-28T23:45:00,1.49
CUR009,2026-05-29T06:29:00,LW,0.63,Angostura Inglesa,2026-05-29T05:29:00,0.63
CUR009,2026-05-29T13:03:00,HW,2.05,Angostura Inglesa,2026-05-29T12:03:00,2.05
CUR009,2026-05-29T19:49:00,LW,0.5,Angostura Inglesa,2026-05-29T18:49:00,0.5
CUR009,2026-05-30T01:21:00,HW,1.42,Angostura Inglesa,2026-05-30T00:21:00,1.42
CUR009,2026-05-30T06:49:00,LW,0.66,Angostura Inglesa,2026-05-30T05:49:00,0.66
CUR009,2026-05-30T13:32:00,HW,2.08,Angostura Inglesa,2026-05-30T12:32:00,2.08
CUR009,2026-05-30T20:22:00,LW,0.5,Angostura Inglesa,2026-05-30T19:22:00,0.5
CUR009,2026-05-31T01:57:00,HW,1.36,Angostura Inglesa,2026-05-31T00:57:00,1.36
CUR009,2026-05-31T07:11:00,LW,0.69,Angostura Inglesa,2026-05-31T06:11:00,0.69
CUR009,2026-05-31T14:00:00,HW,2.07,Angostura Inglesa,2026-05-31T13:00:00,2.07
CUR009,2026-05-31T20:53:00,LW,0.53,Angostura Inglesa,2026-05-31T19:53:00,0.53
CUR009,2026-06-01T02:33:00,HW,1.31,Angostura Inglesa,2026-06-01T01:33:00,1.31
CUR009,2026-06-01T07:35:00,LW,0.73,Angostura Inglesa,2026-06-01T06:35:00,0.73
CUR009,2026-06-01T14:30:00,HW,2.03,Angostura Inglesa,2026-06-01T13:30:00,2.03
CUR009,2026-06-01T21:24:00,LW,0.59,Angostura Inglesa,2026-06-01T20:24:00,0.59
CUR009,2026-06-02T03:08:00,HW,1.26,Angostura Inglesa,2026-06-02T02:08:00,1.26
CUR009,2026-06-02T07:59:00,LW,0.77,Angostura Inglesa,2026-06-02T06:59:00,0.77
CUR009,2026-06-02T15:01:00,HW,1.98,Angostura Inglesa,2026-06-02T14:01:00,1.98
CUR009,2026-06-02T21:57:00,LW,0.65,Angostura Inglesa,2026-06-02T20:57:00,0.65
CUR009,2026-06-03T03:42:00,HW,1.22,Angostura Inglesa,2026-06-03T02:42:00,1.22
CUR009,2026-06-03T08:25:00,LW,0.82,Angostura Inglesa,2026-06-03T07:25:00,0.82
CUR009,2026-06-03T15:36:00,HW,1.91,Angostura Inglesa,2026-06-03T14:36:00,1.91
CUR009,2026-06-03T22:40:00,LW,0.72,Angostura Inglesa,2026-06-03T21:40:00,0.72
CUR009,2026-06-04T04:20:00,HW,1.18,Angostura Inglesa,2026-06-04T03:20:00,1.18
CUR009,2026-06-04T08:54:00,LW,0.87,Angostura Inglesa,2026-06-04T07:54:00,0.87
CUR009,2026-06-04T16:16:00,HW,1.83,Angostura Inglesa,2026-06-04T15:16:00,1.83
CUR009,2026-06-04T23:38:00,LW,0.77,Angostura Inglesa,2026-06-04T22:38:00,0.77
CUR009,2026-06-05T05:08:00,HW,1.16,Angostura Inglesa,2026-06-05T04:08:00,1.16
CUR009,2026-06-05T09:31:00,LW,0.93,Angostura Inglesa,2026-06-05T08:31:00,0.93
CUR009,2026-06-05T17:03:00,HW,1.75,Angostura Inglesa,2026-06-05T16:03:00,1.75
CUR009,2026-06-06T00:42:00,LW,0.79,Angostura Inglesa,2026-06-05T23:42:00,0.79
CUR009,2026-06-06T06:24:00,HW,1.16,Angostura Inglesa,2026-06-06T05:24:00,1.16
CUR009,2026-06-06T10:30:00,LW,1.01,Angostura Inglesa,2026-06-06T09:30:00,1.01
CUR009,2026-06-06T17:58:00,HW,1.67,Angostura Inglesa,2026-06-06T16:58:00,1.67
CUR009,2026-06-07T01:35:00,LW,0.78,Angostura Inglesa,2026-06-07T00:35:00,0.78
CUR009,2026-06-07T07:49:00,HW,1.23,Angostura Inglesa,2026-06-07T06:49:00,1.23
CUR009,2026-06-07T12:16:00,LW,1.06,Angostura Inglesa,2026-06-07T11:16:00,1.06
CUR009,2026-06-07T19:05:00,HW,1.59,Angostura Inglesa,2026-06-07T18:05:00,1.59
CUR009,2026-06-08T02:22:00,LW,0.76,Angostura Inglesa,2026-06-08T01:22:00,0.76
CUR009,2026-06-08T08:50:00,HW,1.36,Angostura Inglesa,2026-06-08T07:50:00,1.36
CUR009,2026-06-08T14:27:00,LW,1.03,Angostura Inglesa,2026-06-08T13:27:00,1.03
CUR009,2026-06-08T20:26:00,HW,1.54,Angostura Inglesa,2026-06-08T19:26:00,1.54
CUR009,2026-06-09T03:06:00,LW,0.73,Angostura Inglesa,2026-06-09T02:06:00,0.73
CUR009,2026-06-09T09:37:00,HW,1.53,Angostura Inglesa,2026-06-09T08:37:00,1.53
CUR009,2026-06-09T15:49:00,LW,0.9,Angostura Inglesa,2026-06-09T14:49:00,0.9
CUR009,2026-06-09T21:40:00,HW,1.53,Angostura Inglesa,2026-06-09T20:40:00,1.53
CUR009,2026-06-10T03:50:00,LW,0.69,Angostura Inglesa,2026-06-10T02:50:00,0.69
CUR009,2026-06-10T10:20:00,HW,1.73,Angostura Inglesa,2026-06-10T09:20:00,1.73
CUR009,2026-06-10T16:49:00,LW,0.73,Angostura Inglesa,2026-06-10T15:49:00,0.73
CUR009,2026-06-10T22:35:00,HW,1.55,Angostura Inglesa,2026-06-10T21:35:00,1.55
CUR009,2026-06-11T04:32:00,LW,0.65,Angostura Inglesa,2026-06-11T03:32:00,0.65
CUR009,2026-06-11T11:01:00,HW,1.92,Angostura Inglesa,2026-06-11T10:01:00,1.92
CUR009,2026-06-11T17:41:00,LW,0.56,Angostura Inglesa,2026-06-11T16:41:00,0.56
CUR009,2026-06-11T23:23:00,HW,1.56,Angostura Inglesa,2026-06-11T22:23:00,1.56
CUR009,2026-06-12T05:12:00,LW,0.6,Angostura Inglesa,2026-06-12T04:12:00,0.6
CUR009,2026-06-12T11:42:00,HW,2.11,Angostura Inglesa,2026-06-12T10:42:00,2.11
CUR009,2026-06-12T18:30:00,LW,0.41,Angostura Inglesa,2026-06-12T17:30:00,0.41
CUR009,2026-06-13T00:08:00,HW,1.56,Angostura Inglesa,2026-06-12T23:08:00,1.56
CUR009,2026-06-13T05:52:00,LW,0.55,Angostura Inglesa,2026-06-13T04:52:00,0.55
CUR009,2026-06-13T12:24:00,HW,2.26,Angostura Inglesa,2026-06-13T11:24:00,2.26
CUR009,2026-06-13T19:15:00,LW,0.29,Angostura Inglesa,2026-06-13T18:15:00,0.29
CUR009,2026-06-14T00:56:00,HW,1.56,Angostura Inglesa,2026-06-13T23:56:00,1.56
CUR009,2026-06-14T06:33:00,LW,0.51,Angostura Inglesa,2026-06-14T05:33:00,0.51
CUR009,2026-06-14T13:07:00,HW,2.35,Angostura Inglesa,2026-06-14T12:07:00,2.35
CUR009,2026-06-14T20:00:00,LW,0.22,Angostura Inglesa,2026-06-14T19:00:00,0.22
CUR009,2026-06-15T01:48:00,HW,1.54,Angostura Inglesa,2026-06-15T00:48:00,1.54
CUR009,2026-06-15T07:16:00,LW,0.51,Angostura Inglesa,2026-06-15T06:16:00,0.51
CUR009,2026-06-15T13:53:00,HW,2.38,Angostura Inglesa,2026-06-15T12:53:00,2.38
CUR009,2026-06-15T20:46:00,LW,0.23,Angostura Inglesa,2026-06-15T19:46:00,0.23
CUR009,2026-06-16T02:42:00,HW,1.51,Angostura Inglesa,2026-06-16T01:42:00,1.51
CUR009,2026-06-16T08:03:00,LW,0.53,Angostura Inglesa,2026-06-16T07:03:00,0.53
CUR009,2026-06-16T14:42:00,HW,2.34,Angostura Inglesa,2026-06-16T13:42:00,2.34
CUR009,2026-06-16T21:36:00,LW,0.3,Angostura Inglesa,2026-06-16T20:36:00,0.3
CUR009,2026-06-17T03:37:00,HW,1.47,Angostura Inglesa,2026-06-17T02:37:00,1.47
CUR009,2026-06-17T08:55:00,LW,0.6,Angostura Inglesa,2026-06-17T07:55:00,0.6
CUR009,2026-06-17T15:36:00,HW,2.23,Angostura Inglesa,2026-06-17T14:36:00,2.23
CUR009,2026-06-17T22:34:00,LW,0.4,Angostura Inglesa,2026-06-17T21:34:00,0.4
CUR009,2026-06-18T04:35:00,HW,1.42,Angostura Inglesa,2026-06-18T03:35:00,1.42
CUR009,2026-06-18T09:55:00,LW,0.69,Angostura Inglesa,2026-06-18T08:55:00,0.69
CUR009,2026-06-18T16:35:00,HW,2.08,Angostura Inglesa,2026-06-18T15:35:00,2.08
CUR009,2026-06-18T23:42:00,LW,0.51,Angostura Inglesa,2026-06-18T22:42:00,0.51
CUR009,2026-06-19T05:42:00,HW,1.39,Angostura Inglesa,2026-06-19T04:42:00,1.39
CUR009,2026-06-19T11:05:00,LW,0.8,Angostura Inglesa,2026-06-19T10:05:00,0.8
CUR009,2026-06-19T17:39:00,HW,1.91,Angostura Inglesa,2026-06-19T16:39:00,1.91
CUR009,2026-06-20T00:52:00,LW,0.58,Angostura Inglesa,2026-06-19T23:52:00,0.58
CUR009,2026-06-20T07:03:00,HW,1.4,Angostura Inglesa,2026-06-20T06:03:00,1.4
CUR009,2026-06-20T12:34:00,LW,0.88,Angostura Inglesa,2026-06-20T11:34:00,0.88
CUR009,2026-06-20T18:49:00,HW,1.74,Angostura Inglesa,2026-06-20T17:49:00,1.74
CUR009,2026-06-21T01:55:00,LW,0.63,Angostura Inglesa,2026-06-21T00:55:00,0.63
CUR009,2026-06-21T08:22:00,HW,1.48,Angostura Inglesa,2026-06-21T07:22:00,1.48
CUR009,2026-06-21T14:16:00,LW,0.89,Angostura Inglesa,2026-06-21T13:16:00,0.89
CUR009,2026-06-21T20:18:00,HW,1.6,Angostura Inglesa,2026-06-21T19:18:00,1.6
CUR009,2026-06-22T02:53:00,LW,0.68,Angostura Inglesa,2026-06-22T01:53:00,0.68
CUR009,2026-06-22T09:27:00,HW,1.6,Angostura Inglesa,2026-06-22T08:27:00,1.6
CUR009,2026-06-22T15:38:00,LW,0.82,Angostura Inglesa,2026-06-22T14:38:00,0.82
CUR009,2026-06-22T21:46:00,HW,1.53,Angostura Inglesa,2026-06-22T20:46:00,1.53
CUR009,2026-06-23T03:46:00,LW,0.71,Angostura Inglesa,2026-06-23T02:46:00,0.71
CUR009,2026-06-23T10:18:00,HW,1.73,Angostura Inglesa,2026-06-23T09:18:00,1.73
CUR009,2026-06-23T16:43:00,LW,0.72,Angostura Inglesa,2026-06-23T15:43:00,0.72
CUR009,2026-06-23T22:46:00,HW,1.48,Angostura Inglesa,2026-06-23T21:46:00,1.48
CUR009,2026-06-24T04:31:00,LW,0.74,Angostura Inglesa,2026-06-24T03:31:00,0.74
CUR009,2026-06-24T11:00:00,HW,1.84,Angostura Inglesa,2026-06-24T10:00:00,1.84
CUR009,2026-06-24T17:38:00,LW,0.63,Angostura Inglesa,2026-06-24T16:38:00,0.63
CUR009,2026-06-24T23:29:00,HW,1.44,Angostura Inglesa,2026-06-24T22:29:00,1.44
CUR009,2026-06-25T05:06:00,LW,0.76,Angostura Inglesa,2026-06-25T04:06:00,0.76
CUR009,2026-06-25T11:34:00,HW,1.93,Angostura Inglesa,2026-06-25T10:34:00,1.93
CUR009,2026-06-25T18:22:00,LW,0.55,Angostura Inglesa,2026-06-25T17:22:00,0.55
CUR009,2026-06-26T00:06:00,HW,1.4,Angostura Inglesa,2026-06-25T23:06:00,1.4
CUR009,2026-06-26T05:32:00,LW,0.77,Angostura Inglesa,2026-06-26T04:32:00,0.77
CUR009,2026-06-26T12:03:00,HW,2.0,Angostura Inglesa,2026-06-26T11:03:00,2.0
CUR009,2026-06-26T18:58:00,LW,0.5,Angostura Inglesa,2026-06-26T17:58:00,0.5
CUR009,2026-06-27T00:38:00,HW,1.36,Angostura Inglesa,2026-06-26T23:38:00,1.36
CUR009,2026-06-27T05:54:00,LW,0.77,Angostura Inglesa,2026-06-27T04:54:00,0.77
CUR009,2026-06-27T12:30:00,HW,2.04,Angostura Inglesa,2026-06-27T11:30:00,2.04
CUR009,2026-06-27T19:28:00,LW,0.48,Angostura Inglesa,2026-06-27T18:28:00,0.48
CUR009,2026-06-28T01:07:00,HW,1.34,Angostura Inglesa,2026-06-28T00:07:00,1.34
CUR009,2026-06-28T06:15:00,LW,0.76,Angostura Inglesa,2026-06-28T05:15:00,0.76
CUR009,2026-06-28T12:57:00,HW,2.07,Angostura Inglesa,2026-06-28T11:57:00,2.07
CUR009,2026-06-28T19:55:00,LW,0.48,Angostura Inglesa,2026-06-28T18:55:00,0.48
CUR009,2026-06-29T01:36:00,HW,1.33,Angostura Inglesa,2026-06-29T00:36:00,1.33
CUR009,2026-06-29T06:40:00,LW,0.74,Angostura Inglesa,2026-06-29T05:40:00,0.74
CUR009,2026-06-29T13:24:00,HW,2.07,Angostura Inglesa,2026-06-29T12:24:00,2.07
CUR009,2026-06-29T20:19:00,LW,0.5,Angostura Inglesa,2026-06-29T19:19:00,0.5
CUR009,2026-06-30T02:05:00,HW,1.33,Angostura Inglesa,2026-06-30T01:05:00,1.33
CUR009,2026-06-30T07:07:00,LW,0.74,Angostura Inglesa,2026-06-30T06:07:00,0.74
CUR009,2026-06-30T13:52:00,HW,2.05,Angostura Inglesa,2026-06-30T12:52:00,2.05
CUR009,2026-06-30T20:44:00,LW,0.53,Angostura Inglesa,2026-06-30T19:44:00,0.53
CUR009,2026-07-01T02:36:00,HW,1.33,Angostura Inglesa,2026-07-01T01:36:00,1.33
CUR009,2026-07-01T07:37:00,LW,0.74,Angostura Inglesa,2026-07-01T06:37:00,0.74
CUR009,2026-07-01T14:24:00,HW,2.01,Angostura Inglesa,2026-07-01T13:24:00,2.01
CUR009,2026-07-01T21:13:00,LW,0.57,Angostura Inglesa,2026-07-01T20:13:00,0.57
CUR009,2026-07-02T03:10:00,HW,1.32,Angostura Inglesa,2026-07-02T02:10:00,1.32
CUR009,2026-07-02T08:10:00,LW,0.77,Angostura Inglesa,2026-07-02T07:10:00,0.77
CUR009,2026-07-02T14:59:00,HW,1.95,Angostura Inglesa,2026-07-02T13:59:00,1.95
CUR009,2026-07-02T21:48:00,LW,0.63,Angostura Inglesa,2026-07-02T20:48:00,0.63
CUR009,2026-07-03T03:49:00,HW,1.32,Angostura Inglesa,2026-07-03T02:49:00,1.32
CUR009,2026-07-03T08:49:00,LW,0.81,Angostura Inglesa,2026-07-03T07:49:00,0.81
CUR009,2026-07-03T15:40:00,HW,1.86,Angostura Inglesa,2026-07-03T14:40:00,1.86
CUR009,2026-07-03T22:34:00,LW,0.68,Angostura Inglesa,2026-07-03T21:34:00,0.68
CUR009,2026-07-04T04:35:00,HW,1.32,Angostura Inglesa,2026-07-04T03:35:00,1.32
CUR009,2026-07-04T09:36:00,LW,0.88,Angostura Inglesa,2026-07-04T08:36:00,0.88
CUR009,2026-07-04T16:28:00,HW,1.75,Angostura Inglesa,2026-07-04T15:28:00,1.75
CUR009,2026-07-04T23:31:00,LW,0.73,Angostura Inglesa,2026-07-04T22:31:00,0.73
CUR009,2026-07-05T05:38:00,HW,1.34,Angostura Inglesa,2026-07-05T04:38:00,1.34
CUR009,2026-07-05T10:42:00,LW,0.96,Angostura Inglesa,2026-07-05T09:42:00,0.96
CUR009,2026-07-05T17:23:00,HW,1.62,Angostura Inglesa,2026-07-05T16:23:00,1.62
CUR009,2026-07-06T00:30:00,LW,0.77,Angostura Inglesa,2026-07-05T23:30:00,0.77
CUR009,2026-07-06T06:54:00,HW,1.41,Angostura Inglesa,2026-07-06T05:54:00,1.41
CUR009,2026-07-06T12:28:00,LW,1.0,Angostura Inglesa,2026-07-06T11:28:00,1.0
CUR009,2026-07-06T18:32:00,HW,1.49,Angostura Inglesa,2026-07-06T17:32:00,1.49
CUR009,2026-07-07T01:23:00,LW,0.78,Angostura Inglesa,2026-07-07T00:23:00,0.78
CUR009,2026-07-07T08:02:00,HW,1.54,Angostura Inglesa,2026-07-07T07:02:00,1.54
CUR009,2026-07-07T14:29:00,LW,0.93,Angostura Inglesa,2026-07-07T13:29:00,0.93
CUR009,2026-07-07T20:05:00,HW,1.39,Angostura Inglesa,2026-07-07T19:05:00,1.39
CUR009,2026-07-08T02:13:00,LW,0.79,Angostura Inglesa,2026-07-08T01:13:00,0.79
CUR009,2026-07-08T08:58:00,HW,1.7,Angostura Inglesa,2026-07-08T07:58:00,1.7
CUR009,2026-07-08T15:45:00,LW,0.78,Angostura Inglesa,2026-07-08T14:45:00,0.78
CUR009,2026-07-08T21:33:00,HW,1.38,Angostura Inglesa,2026-07-08T20:33:00,1.38
CUR009,2026-07-09T03:05:00,LW,0.78,Angostura Inglesa,2026-07-09T02:05:00,0.78
CUR009,2026-07-09T09:48:00,HW,1.87,Angostura Inglesa,2026-07-09T08:48:00,1.87
CUR009,2026-07-09T16:43:00,LW,0.61,Angostura Inglesa,2026-07-09T15:43:00,0.61
CUR009,2026-07-09T22:32:00,HW,1.41,Angostura Inglesa,2026-07-09T21:32:00,1.41
CUR009,2026-07-10T03:57:00,LW,0.75,Angostura Inglesa,2026-07-10T02:57:00,0.75
CUR009,2026-07-10T10:35:00,HW,2.04,Angostura Inglesa,2026-07-10T09:35:00,2.04
CUR009,2026-07-10T17:34:00,LW,0.45,Angostura Inglesa,2026-07-10T16:34:00,0.45
CUR009,2026-07-10T23:20:00,HW,1.45,Angostura Inglesa,2026-07-10T22:20:00,1.45
CUR009,2026-07-11T04:46:00,LW,0.69,Angostura Inglesa,2026-07-11T03:46:00,0.69
CUR009,2026-07-11T11:21:00,HW,2.19,Angostura Inglesa,2026-07-11T10:21:00,2.19
CUR009,2026-07-11T18:21:00,LW,0.32,Angostura Inglesa,2026-07-11T17:21:00,0.32
CUR009,2026-07-12T00:05:00,HW,1.49,Angostura Inglesa,2026-07-11T23:05:00,1.49
CUR009,2026-07-12T05:33:00,LW,0.62,Angostura Inglesa,2026-07-12T04:33:00,0.62
CUR009,2026-07-12T12:06:00,HW,2.31,Angostura Inglesa,2026-07-12T11:06:00,2.31
CUR009,2026-07-12T19:04:00,LW,0.23,Angostura Inglesa,2026-07-12T18:04:00,0.23
CUR009,2026-07-13T00:51:00,HW,1.52,Angostura Inglesa,2026-07-12T23:51:00,1.52
CUR009,2026-07-13T06:18:00,LW,0.56,Angostura Inglesa,2026-07-13T05:18:00,0.56
CUR009,2026-07-13T12:50:00,HW,2.37,Angostura Inglesa,2026-07-13T11:50:00,2.37
CUR009,2026-07-13T19:46:00,LW,0.2,Angostura Inglesa,2026-07-13T18:46:00,0.2
CUR009,2026-07-14T01:39:00,HW,1.55,Angostura Inglesa,2026-07-14T00:39:00,1.55
CUR009,2026-07-14T07:05:00,LW,0.53,Angostura Inglesa,2026-07-14T06:05:00,0.53
CUR009,2026-07-14T13:36:00,HW,2.37,Angostura Inglesa,2026-07-14T12:36:00,2.37
CUR009,2026-07-14T20:29:00,LW,0.22,Angostura Inglesa,2026-07-14T19:29:00,0.22
CUR009,2026-07-15T02:29:00,HW,1.56,Angostura Inglesa,2026-07-15T01:29:00,1.56
CUR009,2026-07-15T07:54:00,LW,0.53,Angostura Inglesa,2026-07-15T06:54:00,0.53
CUR009,2026-07-15T14:24:00,HW,2.29,Angostura Inglesa,2026-07-15T13:24:00,2.29
CUR009,2026-07-15T21:14:00,LW,0.3,Angostura Inglesa,2026-07-15T20:14:00,0.3
CUR009,2026-07-16T03:20:00,HW,1.56,Angostura Inglesa,2026-07-16T02:20:00,1.56
CUR009,2026-07-16T08:49:00,LW,0.58,Angostura Inglesa,2026-07-16T07:49:00,0.58
CUR009,2026-07-16T15:17:00,HW,2.16,Angostura Inglesa,2026-07-16T14:17:00,2.16
CUR009,2026-07-16T22:06:00,LW,0.41,Angostura Inglesa,2026-07-16T21:06:00,0.41
CUR009,2026-07-17T04:13:00,HW,1.54,Angostura Inglesa,2026-07-17T03:13:00,1.54
CUR009,2026-07-17T09:49:00,LW,0.67,Angostura Inglesa,2026-07-17T08:49:00,0.67
CUR009,2026-07-17T16:13:00,HW,1.98,Angostura Inglesa,2026-07-17T15:13:00,1.98
CUR009,2026-07-17T23:05:00,LW,0.53,Angostura Inglesa,2026-07-17T22:05:00,0.53
CUR009,2026-07-18T05:14:00,HW,1.53,Angostura Inglesa,2026-07-18T04:14:00,1.53
CUR009,2026-07-18T11:00:00,LW,0.78,Angostura Inglesa,2026-07-18T10:00:00,0.78
CUR009,2026-07-18T17:13:00,HW,1.77,Angostura Inglesa,2026-07-18T16:13:00,1.77
CUR009,2026-07-19T00:09:00,LW,0.64,Angostura Inglesa,2026-07-18T23:09:00,0.64
CUR009,2026-07-19T06:25:00,HW,1.55,Angostura Inglesa,2026-07-19T05:25:00,1.55
CUR009,2026-07-19T12:31:00,LW,0.86,Angostura Inglesa,2026-07-19T11:31:00,0.86
CUR009,2026-07-19T18:21:00,HW,1.56,Angostura Inglesa,2026-07-19T17:21:00,1.56
CUR009,2026-07-20T01:08:00,LW,0.72,Angostura Inglesa,2026-07-20T00:08:00,0.72
CUR009,2026-07-20T07:39:00,HW,1.6,Angostura Inglesa,2026-07-20T06:39:00,1.6
CUR009,2026-07-20T14:11:00,LW,0.85,Angostura Inglesa,2026-07-20T13:11:00,0.85
CUR009,2026-07-20T19:58:00,HW,1.39,Angostura Inglesa,2026-07-20T18:58:00,1.39
CUR009,2026-07-21T02:04:00,LW,0.8,Angostura Inglesa,2026-07-21T01:04:00,0.8
CUR009,2026-07-21T08:46:00,HW,1.69,Angostura Inglesa,2026-07-21T07:46:00,1.69
CUR009,2026-07-21T15:31:00,LW,0.77,Angostura Inglesa,2026-07-21T14:31:00,0.77
CUR009,2026-07-21T21:49:00,HW,1.33,Angostura Inglesa,2026-07-21T20:49:00,1.33
CUR009,2026-07-22T02:58:00,LW,0.86,Angostura Inglesa,2026-07-22T01:58:00,0.86
CUR009,2026-07-22T09:42:00,HW,1.77,Angostura Inglesa,2026-07-22T08:42:00,1.77
CUR009,2026-07-22T16:36:00,LW,0.67,Angostura Inglesa,2026-07-22T15:36:00,0.67
CUR009,2026-07-22T22:50:00,HW,1.32,Angostura Inglesa,2026-07-22T21:50:00,1.32
CUR009,2026-07-23T03:48:00,LW,0.9,Angostura Inglesa,2026-07-23T02:48:00,0.9
CUR009,2026-07-23T10:27:00,HW,1.85,Angostura Inglesa,2026-07-23T09:27:00,1.85
CUR009,2026-07-23T17:27:00,LW,0.59,Angostura Inglesa,2026-07-23T16:27:00,0.59
CUR009,2026-07-23T23:32:00,HW,1.31,Angostura Inglesa,2026-07-23T22:32:00,1.31
CUR009,2026-07-24T04:28:00,LW,0.92,Angostura Inglesa,2026-07-24T03:28:00,0.92
CUR009,2026-07-24T11:02:00,HW,1.91,Angostura Inglesa,2026-07-24T10:02:00,1.91
CUR009,2026-07-24T18:07:00,LW,0.54,Angostura Inglesa,2026-07-24T17:07:00,0.54
CUR009,2026-07-25T00:04:00,HW,1.3,Angostura Inglesa,2026-07-24T23:04:00,1.3
CUR009,2026-07-25T04:57:00,LW,0.91,Angostura Inglesa,2026-07-25T03:57:00,0.91
CUR009,2026-07-25T11:31:00,HW,1.95,Angostura Inglesa,2026-07-25T10:31:00,1.95
CUR009,2026-07-25T18:37:00,LW,0.5,Angostura Inglesa,2026-07-25T17:37:00,0.5
CUR009,2026-07-26T00:28:00,HW,1.3,Angostura Inglesa,2026-07-25T23:28:00,1.3
CUR009,2026-07-26T05:20:00,LW,0.88,Angostura Inglesa,2026-07-26T04:20:00,0.88
CUR009,2026-07-26T11:57:00,HW,1.99,Angostura Inglesa,2026-07-26T10:57:00,1.99
CUR009,2026-07-26T19:02:00,LW,0.49,Angostura Inglesa,2026-07-26T18:02:00,0.49
CUR009,2026-07-27T00:48:00,HW,1.32,Angostura Inglesa,2026-07-26T23:48:00,1.32
CUR009,2026-07-27T05:45:00,LW,0.83,Angostura Inglesa,2026-07-27T04:45:00,0.83
CUR009,2026-07-27T12:22:00,HW,2.02,Angostura Inglesa,2026-07-27T11:22:00,2.02
CUR009,2026-07-27T19:23:00,LW,0.48,Angostura Inglesa,2026-07-27T18:23:00,0.48
CUR009,2026-07-28T01:09:00,HW,1.35,Angostura Inglesa,2026-07-28T00:09:00,1.35
CUR009,2026-07-28T06:13:00,LW,0.78,Angostura Inglesa,2026-07-28T05:13:00,0.78
CUR009,2026-07-28T12:49:00,HW,2.04,Angostura Inglesa,2026-07-28T11:49:00,2.04
CUR009,2026-07-28T19:44:00,LW,0.47,Angostura Inglesa,2026-07-28T18:44:00,0.47
CUR009,2026-07-29T01:36:00,HW,1.38,Angostura Inglesa,2026-07-29T00:36:00,1.38
CUR009,2026-07-29T06:45:00,LW,0.74,Angostura Inglesa,2026-07-29T05:45:00,0.74
CUR009,2026-07-29T13:19:00,HW,2.04,Angostura Inglesa,2026-07-29T12:19:00,2.04
CUR009,2026-07-29T20:08:00,LW,0.48,Angostura Inglesa,2026-07-29T19:08:00,0.48
CUR009,2026-07-30T02:07:00,HW,1.42,Angostura Inglesa,2026-07-30T01:07:00,1.42
CUR009,2026-07-30T07:20:00,LW,0.72,Angostura Inglesa,2026-07-30T06:20:00,0.72
CUR009,2026-07-30T13:51:00,HW,2.01,Angostura Inglesa,2026-07-30T12:51:00,2.01
CUR009,2026-07-30T20:36:00,LW,0.49,Angostura Inglesa,2026-07-30T19:36:00,0.49
CUR009,2026-07-31T02:43:00,HW,1.46,Angostura Inglesa,2026-07-31T01:43:00,1.46
CUR009,2026-07-31T08:00:00,LW,0.72,Angostura Inglesa,2026-07-31T07:00:00,0.72
CUR009,2026-07-31T14:28:00,HW,1.95,Angostura Inglesa,2026-07-31T13:28:00,1.95
CUR009,2026-07-31T21:08:00,LW,0.53,Angostura Inglesa,2026-07-31T20:08:00,0.53
CUR009,2026-08-01T03:23:00,HW,1.5,Angostura Inglesa,2026-08-01T02:23:00,1.5
CUR009,2026-08-01T08:46:00,LW,0.76,Angostura Inglesa,2026-08-01T07:46:00,0.76
CUR009,2026-08-01T15:11:00,HW,1.84,Angostura Inglesa,2026-08-01T14:11:00,1.84
CUR009,2026-08-01T21:47:00,LW,0.59,Angostura Inglesa,2026-08-01T20:47:00,0.59
CUR009,2026-08-02T04:09:00,HW,1.53,Angostura Inglesa,2026-08-02T03:09:00,1.53
CUR009,2026-08-02T09:41:00,LW,0.81,Angostura Inglesa,2026-08-02T08:41:00,0.81
CUR009,2026-08-02T16:01:00,HW,1.7,Angostura Inglesa,2026-08-02T15:01:00,1.7
CUR009,2026-08-02T22:33:00,LW,0.66,Angostura Inglesa,2026-08-02T21:33:00,0.66
CUR009,2026-08-03T05:05:00,HW,1.58,Angostura Inglesa,2026-08-03T04:05:00,1.58
CUR009,2026-08-03T10:53:00,LW,0.87,Angostura Inglesa,2026-08-03T09:53:00,0.87
CUR009,2026-08-03T16:59:00,HW,1.53,Angostura Inglesa,2026-08-03T15:59:00,1.53
CUR009,2026-08-03T23:29:00,LW,0.74,Angostura Inglesa,2026-08-03T22:29:00,0.74
CUR009,2026-08-04T06:11:00,HW,1.64,Angostura Inglesa,2026-08-04T05:11:00,1.64
CUR009,2026-08-04T12:38:00,LW,0.88,Angostura Inglesa,2026-08-04T11:38:00,0.88
CUR009,2026-08-04T18:13:00,HW,1.37,Angostura Inglesa,2026-08-04T17:13:00,1.37
CUR009,2026-08-05T00:27:00,LW,0.8,Angostura Inglesa,2026-08-04T23:27:00,0.8
CUR009,2026-08-05T07:18:00,HW,1.73,Angostura Inglesa,2026-08-05T06:18:00,1.73
CUR009,2026-08-05T14:21:00,LW,0.79,Angostura Inglesa,2026-08-05T13:21:00,0.79
CUR009,2026-08-05T19:58:00,HW,1.27,Angostura Inglesa,2026-08-05T18:58:00,1.27
CUR009,2026-08-06T01:25:00,LW,0.85,Angostura Inglesa,2026-08-06T00:25:00,0.85
CUR009,2026-08-06T08:20:00,HW,1.85,Angostura Inglesa,2026-08-06T07:20:00,1.85
CUR009,2026-08-06T15:33:00,LW,0.64,Angostura Inglesa,2026-08-06T14:33:00,0.64
CUR009,2026-08-06T21:31:00,HW,1.28,Angostura Inglesa,2026-08-06T20:31:00,1.28
CUR009,2026-08-07T02:26:00,LW,0.86,Angostura Inglesa,2026-08-07T01:26:00,0.86
CUR009,2026-08-07T09:18:00,HW,1.97,Angostura Inglesa,2026-08-07T08:18:00,1.97
CUR009,2026-08-07T16:31:00,LW,0.5,Angostura Inglesa,2026-08-07T15:31:00,0.5
CUR009,2026-08-07T22:30:00,HW,1.34,Angostura Inglesa,2026-08-07T21:30:00,1.34
CUR009,2026-08-08T03:30:00,LW,0.83,Angostura Inglesa,2026-08-08T02:30:00,0.83
CUR009,2026-08-08T10:13:00,HW,2.09,Angostura Inglesa,2026-08-08T09:13:00,2.09
CUR009,2026-08-08T17:22:00,LW,0.38,Angostura Inglesa,2026-08-08T16:22:00,0.38
CUR009,2026-08-08T23:16:00,HW,1.41,Angostura Inglesa,2026-08-08T22:16:00,1.41
CUR009,2026-08-09T04:29:00,LW,0.76,Angostura Inglesa,2026-08-09T03:29:00,0.76
CUR009,2026-08-09T11:04:00,HW,2.21,Angostura Inglesa,2026-08-09T10:04:00,2.21
CUR009,2026-08-09T18:08:00,LW,0.29,Angostura Inglesa,2026-08-09T17:08:00,0.29
CUR009,2026-08-09T23:58:00,HW,1.47,Angostura Inglesa,2026-08-09T22:58:00,1.47
CUR009,2026-08-10T05:21:00,LW,0.67,Angostura Inglesa,2026-08-10T04:21:00,0.67
CUR009,2026-08-10T11:50:00,HW,2.29,Angostura Inglesa,2026-08-10T10:50:00,2.29
CUR009,2026-08-10T18:50:00,LW,0.23,Angostura Inglesa,2026-08-10T17:50:00,0.23
CUR009,2026-08-11T00:42:00,HW,1.54,Angostura Inglesa,2026-08-10T23:42:00,1.54
CUR009,2026-08-11T06:09:00,LW,0.59,Angostura Inglesa,2026-08-11T05:09:00,0.59
CUR009,2026-08-11T12:35:00,HW,2.32,Angostura Inglesa,2026-08-11T11:35:00,2.32
CUR009,2026-08-11T19:29:00,LW,0.22,Angostura Inglesa,2026-08-11T18:29:00,0.22
CUR009,2026-08-12T01:27:00,HW,1.59,Angostura Inglesa,2026-08-12T00:27:00,1.59
CUR009,2026-08-12T06:59:00,LW,0.54,Angostura Inglesa,2026-08-12T05:59:00,0.54
CUR009,2026-08-12T13:20:00,HW,2.28,Angostura Inglesa,2026-08-12T12:20:00,2.28
CUR009,2026-08-12T20:09:00,LW,0.25,Angostura Inglesa,2026-08-12T19:09:00,0.25
CUR009,2026-08-13T02:13:00,HW,1.65,Angostura Inglesa,2026-08-13T01:13:00,1.65
CUR009,2026-08-13T07:50:00,LW,0.53,Angostura Inglesa,2026-08-13T06:50:00,0.53
CUR009,2026-08-13T14:07:00,HW,2.18,Angostura Inglesa,2026-08-13T13:07:00,2.18
CUR009,2026-08-13T20:49:00,LW,0.32,Angostura Inglesa,2026-08-13T19:49:00,0.32
CUR009,2026-08-14T03:01:00,HW,1.68,Angostura Inglesa,2026-08-14T02:01:00,1.68
CUR009,2026-08-14T08:46:00,LW,0.57,Angostura Inglesa,2026-08-14T07:46:00,0.57
CUR009,2026-08-14T14:57:00,HW,2.02,Angostura Inglesa,2026-08-14T13:57:00,2.02
CUR009,2026-08-14T21:33:00,LW,0.43,Angostura Inglesa,2026-08-14T20:33:00,0.43
CUR009,2026-08-15T03:50:00,HW,1.7,Angostura Inglesa,2026-08-15T02:50:00,1.7
CUR009,2026-08-15T09:46:00,LW,0.65,Angostura Inglesa,2026-08-15T08:46:00,0.65
CUR009,2026-08-15T15:51:00,HW,1.82,Angostura Inglesa,2026-08-15T14:51:00,1.82
CUR009,2026-08-15T22:21:00,LW,0.56,Angostura Inglesa,2026-08-15T21:21:00,0.56
CUR009,2026-08-16T04:44:00,HW,1.71,Angostura Inglesa,2026-08-16T03:44:00,1.71
CUR009,2026-08-16T10:55:00,LW,0.75,Angostura Inglesa,2026-08-16T09:55:00,0.75
CUR009,2026-08-16T16:47:00,HW,1.59,Angostura Inglesa,2026-08-16T15:47:00,1.59
CUR009,2026-08-16T23:15:00,LW,0.69,Angostura Inglesa,2026-08-16T22:15:00,0.69
CUR009,2026-08-17T05:44:00,HW,1.71,Angostura Inglesa,2026-08-17T04:44:00,1.71
CUR009,2026-08-17T12:23:00,LW,0.81,Angostura Inglesa,2026-08-17T11:23:00,0.81
CUR009,2026-08-17T17:52:00,HW,1.37,Angostura Inglesa,2026-08-17T16:52:00,1.37
CUR009,2026-08-18T00:09:00,LW,0.81,Angostura Inglesa,2026-08-17T23:09:00,0.81
CUR009,2026-08-18T06:49:00,HW,1.72,Angostura Inglesa,2026-08-18T05:49:00,1.72
CUR009,2026-08-18T13:58:00,LW,0.79,Angostura Inglesa,2026-08-18T12:58:00,0.79
CUR009,2026-08-18T19:38:00,HW,1.21,Angostura Inglesa,2026-08-18T18:38:00,1.21
CUR009,2026-08-19T01:02:00,LW,0.92,Angostura Inglesa,2026-08-19T00:02:00,0.92
CUR009,2026-08-19T07:52:00,HW,1.74,Angostura Inglesa,2026-08-19T06:52:00,1.74
CUR009,2026-08-19T15:16:00,LW,0.72,Angostura Inglesa,2026-08-19T14:16:00,0.72
CUR009,2026-08-19T21:57:00,HW,1.19,Angostura Inglesa,2026-08-19T20:57:00,1.19
CUR009,2026-08-20T01:55:00,LW,1.0,Angostura Inglesa,2026-08-20T00:55:00,1.0
CUR009,2026-08-20T08:52:00,HW,1.76,Angostura Inglesa,2026-08-20T07:52:00,1.76
CUR009,2026-08-20T16:18:00,LW,0.65,Angostura Inglesa,2026-08-20T15:18:00,0.65
CUR009,2026-08-20T22:55:00,HW,1.22,Angostura Inglesa,2026-08-20T21:55:00,1.22
CUR009,2026-08-21T02:52:00,LW,1.05,Angostura Inglesa,2026-08-21T01:52:00,1.05
CUR009,2026-08-21T09:43:00,HW,1.79,Angostura Inglesa,2026-08-21T08:43:00,1.79
CUR009,2026-08-21T17:07:00,LW,0.6,Angostura Inglesa,2026-08-21T16:07:00,0.6
CUR009,2026-08-21T23:33:00,HW,1.24,Angostura Inglesa,2026-08-21T22:33:00,1.24
CUR009,2026-08-22T03:44:00,LW,1.05,Angostura Inglesa,2026-08-22T02:44:00,1.05
CUR009,2026-08-22T10:23:00,HW,1.82,Angostura Inglesa,2026-08-22T09:23:00,1.82
CUR009,2026-08-22T17:44:00,LW,0.57,Angostura Inglesa,2026-08-22T16:44:00,0.57
CUR009,2026-08-22T23:57:00,HW,1.25,Angostura Inglesa,2026-08-22T22:57:00,1.25
CUR009,2026-08-23T04:19:00,LW,1.02,Angostura Inglesa,2026-08-23T03:19:00,1.02
CUR009,2026-08-23T10:54:00,HW,1.86,Angostura Inglesa,2026-08-23T09:54:00,1.86
CUR009,2026-08-23T18:10:00,LW,0.55,Angostura Inglesa,2026-08-23T17:10:00,0.55
CUR009,2026-08-24T00:10:00,HW,1.28,Angostura Inglesa,2026-08-23T23:10:00,1.28
CUR009,2026-08-24T04:48:00,LW,0.96,Angostura Inglesa,2026-08-24T03:48:00,0.96
CUR009,2026-08-24T11:22:00,HW,1.9,Angostura Inglesa,2026-08-24T10:22:00,1.9
CUR009,2026-08-24T18:30:00,LW,0.53,Angostura Inglesa,2026-08-24T17:30:00,0.53
CUR009,2026-08-25T00:21:00,HW,1.32,Angostura Inglesa,2026-08-24T23:21:00,1.32
CUR009,2026-08-25T05:18:00,LW,0.89,Angostura Inglesa,2026-08-25T04:18:00,0.89
CUR009,2026-08-25T11:49:00,HW,1.95,Angostura Inglesa,2026-08-25T10:49:00,1.95
CUR009,2026-08-25T18:49:00,LW,0.5,Angostura Inglesa,2026-08-25T17:49:00,0.5
CUR009,2026-08-26T00:40:00,HW,1.38,Angostura Inglesa,2026-08-25T23:40:00,1.38
CUR009,2026-08-26T05:51:00,LW,0.81,Angostura Inglesa,2026-08-26T04:51:00,0.81
CUR009,2026-08-26T12:18:00,HW,1.99,Angostura Inglesa,2026-08-26T11:18:00,1.99
CUR009,2026-08-26T19:09:00,LW,0.46,Angostura Inglesa,2026-08-26T18:09:00,0.46
CUR009,2026-08-27T01:07:00,HW,1.46,Angostura Inglesa,2026-08-27T00:07:00,1.46
CUR009,2026-08-27T06:28:00,LW,0.74,Angostura Inglesa,2026-08-27T05:28:00,0.74
CUR009,2026-08-27T12:49:00,HW,2.0,Angostura Inglesa,2026-08-27T11:49:00,2.0
CUR009,2026-08-27T19:34:00,LW,0.44,Angostura Inglesa,2026-08-27T18:34:00,0.44
CUR009,2026-08-28T01:40:00,HW,1.55,Angostura Inglesa,2026-08-28T00:40:00,1.55
CUR009,2026-08-28T07:09:00,LW,0.7,Angostura Inglesa,2026-08-28T06:09:00,0.7
CUR009,2026-08-28T13:23:00,HW,1.97,Angostura Inglesa,2026-08-28T12:23:00,1.97
CUR009,2026-08-28T20:02:00,LW,0.43,Angostura Inglesa,2026-08-28T19:02:00,0.43
CUR009,2026-08-29T02:17:00,HW,1.64,Angostura Inglesa,2026-08-29T01:17:00,1.64
CUR009,2026-08-29T07:56:00,LW,0.68,Angostura Inglesa,2026-08-29T06:56:00,0.68
CUR009,2026-08-29T14:03:00,HW,1.89,Angostura Inglesa,2026-08-29T13:03:00,1.89
CUR009,2026-08-29T20:33:00,LW,0.45,Angostura Inglesa,2026-08-29T19:33:00,0.45
CUR009,2026-08-30T02:58:00,HW,1.72,Angostura Inglesa,2026-08-30T01:58:00,1.72
CUR009,2026-08-30T08:47:00,LW,0.68,Angostura Inglesa,2026-08-30T07:47:00,0.68
CUR009,2026-08-30T14:49:00,HW,1.76,Angostura Inglesa,2026-08-30T13:49:00,1.76
CUR009,2026-08-30T21:08:00,LW,0.52,Angostura Inglesa,2026-08-30T20:08:00,0.52
CUR009,2026-08-31T03:43:00,HW,1.78,Angostura Inglesa,2026-08-31T02:43:00,1.78
CUR009,2026-08-31T09:46:00,LW,0.71,Angostura Inglesa,2026-08-31T08:46:00,0.71
CUR009,2026-08-31T15:43:00,HW,1.6,Angostura Inglesa,2026-08-31T14:43:00,1.6
CUR009,2026-08-31T21:48:00,LW,0.61,Angostura Inglesa,2026-08-31T20:48:00,0.61
CUR009,2026-09-01T04:35:00,HW,1.83,Angostura Inglesa,2026-09-01T03:35:00,1.83
CUR009,2026-09-01T10:58:00,LW,0.74,Angostura Inglesa,2026-09-01T09:58:00,0.74
CUR009,2026-09-01T16:46:00,HW,1.43,Angostura Inglesa,2026-09-01T15:46:00,1.43
CUR009,2026-09-01T22:39:00,LW,0.72,Angostura Inglesa,2026-09-01T21:39:00,0.72
CUR009,2026-09-02T05:35:00,HW,1.87,Angostura Inglesa,2026-09-02T04:35:00,1.87
CUR009,2026-09-02T12:34:00,LW,0.73,Angostura Inglesa,2026-09-02T11:34:00,0.73
CUR009,2026-09-02T18:05:00,HW,1.27,Angostura Inglesa,2026-09-02T17:05:00,1.27
CUR009,2026-09-02T23:40:00,LW,0.81,Angostura Inglesa,2026-09-02T22:40:00,0.81
CUR009,2026-09-03T06:41:00,HW,1.9,Angostura Inglesa,2026-09-03T05:41:00,1.9
CUR009,2026-09-03T14:04:00,LW,0.65,Angostura Inglesa,2026-09-03T13:04:00,0.65
CUR009,2026-09-03T19:54:00,HW,1.2,Angostura Inglesa,2026-09-03T18:54:00,1.2
CUR009,2026-09-04T00:46:00,LW,0.88,Angostura Inglesa,2026-09-03T23:46:00,0.88
CUR009,2026-09-04T07:48:00,HW,1.95,Angostura Inglesa,2026-09-04T06:48:00,1.95
CUR009,2026-09-04T15:14:00,LW,0.54,Angostura Inglesa,2026-09-04T14:14:00,0.54
CUR009,2026-09-04T21:25:00,HW,1.24,Angostura Inglesa,2026-09-04T20:25:00,1.24
CUR009,2026-09-05T01:57:00,LW,0.91,Angostura Inglesa,2026-09-05T00:57:00,0.91
CUR009,2026-09-05T08:53:00,HW,2.01,Angostura Inglesa,2026-09-05T07:53:00,2.01
CUR009,2026-09-05T16:13:00,LW,0.45,Angostura Inglesa,2026-09-05T15:13:00,0.45
CUR009,2026-09-05T22:22:00,HW,1.32,Angostura Inglesa,2026-09-05T21:22:00,1.32
CUR009,2026-09-06T03:13:00,LW,0.87,Angostura Inglesa,2026-09-06T02:13:00,0.87
CUR009,2026-09-06T09:55:00,HW,2.08,Angostura Inglesa,2026-09-06T08:55:00,2.08
CUR009,2026-09-06T17:06:00,LW,0.37,Angostura Inglesa,2026-09-06T16:06:00,0.37
CUR009,2026-09-06T23:06:00,HW,1.41,Angostura Inglesa,2026-09-06T22:06:00,1.41
CUR009,2026-09-07T04:20:00,LW,0.79,Angostura Inglesa,2026-09-07T03:20:00,0.79
CUR009,2026-09-07T10:50:00,HW,2.16,Angostura Inglesa,2026-09-07T09:50:00,2.16
CUR009,2026-09-07T17:52:00,LW,0.32,Angostura Inglesa,2026-09-07T16:52:00,0.32
CUR009,2026-09-07T23:48:00,HW,1.5,Angostura Inglesa,2026-09-07T22:48:00,1.5
CUR009,2026-09-08T05:15:00,LW,0.69,Angostura Inglesa,2026-09-08T04:15:00,0.69
CUR009,2026-09-08T11:38:00,HW,2.2,Angostura Inglesa,2026-09-08T10:38:00,2.2
CUR009,2026-09-08T18:33:00,LW,0.29,Angostura Inglesa,2026-09-08T17:33:00,0.29
CUR009,2026-09-09T00:30:00,HW,1.59,Angostura Inglesa,2026-09-08T23:30:00,1.59
CUR009,2026-09-09T06:06:00,LW,0.61,Angostura Inglesa,2026-09-09T05:06:00,0.61
CUR009,2026-09-09T12:22:00,HW,2.2,Angostura Inglesa,2026-09-09T11:22:00,2.2
CUR009,2026-09-09T19:10:00,LW,0.28,Angostura Inglesa,2026-09-09T18:10:00,0.28
CUR009,2026-09-10T01:13:00,HW,1.68,Angostura Inglesa,2026-09-10T00:13:00,1.68
CUR009,2026-09-10T06:58:00,LW,0.55,Angostura Inglesa,2026-09-10T05:58:00,0.55
CUR009,2026-09-10T13:05:00,HW,2.13,Angostura Inglesa,2026-09-10T12:05:00,2.13
CUR009,2026-09-10T19:45:00,LW,0.31,Angostura Inglesa,2026-09-10T18:45:00,0.31
CUR009,2026-09-11T01:56:00,HW,1.77,Angostura Inglesa,2026-09-11T00:56:00,1.77
CUR009,2026-09-11T07:50:00,LW,0.54,Angostura Inglesa,2026-09-11T06:50:00,0.54
CUR009,2026-09-11T13:50:00,HW,2.01,Angostura Inglesa,2026-09-11T12:50:00,2.01
CUR009,2026-09-11T20:20:00,LW,0.37,Angostura Inglesa,2026-09-11T19:20:00,0.37
CUR009,2026-09-12T02:40:00,HW,1.84,Angostura Inglesa,2026-09-12T01:40:00,1.84
CUR009,2026-09-12T08:44:00,LW,0.56,Angostura Inglesa,2026-09-12T07:44:00,0.56
CUR009,2026-09-12T14:37:00,HW,1.83,Angostura Inglesa,2026-09-12T13:37:00,1.83
CUR009,2026-09-12T20:56:00,LW,0.47,Angostura Inglesa,2026-09-12T19:56:00,0.47
CUR009,2026-09-13T03:25:00,HW,1.88,Angostura Inglesa,2026-09-13T02:25:00,1.88
CUR009,2026-09-13T09:41:00,LW,0.62,Angostura Inglesa,2026-09-13T08:41:00,0.62
CUR009,2026-09-13T15:29:00,HW,1.63,Angostura Inglesa,2026-09-13T14:29:00,1.63
CUR009,2026-09-13T21:33:00,LW,0.59,Angostura Inglesa,2026-09-13T20:33:00,0.59
CUR009,2026-09-14T04:11:00,HW,1.88,Angostura Inglesa,2026-09-14T03:11:00,1.88
CUR009,2026-09-14T10:44:00,LW,0.69,Angostura Inglesa,2026-09-14T09:44:00,0.69
CUR009,2026-09-14T16:23:00,HW,1.43,Angostura Inglesa,2026-09-14T15:23:00,1.43
CUR009,2026-09-14T22:11:00,LW,0.73,Angostura Inglesa,2026-09-14T21:11:00,0.73
CUR009,2026-09-15T05:01:00,HW,1.85,Angostura Inglesa,2026-09-15T04:01:00,1.85
CUR009,2026-09-15T12:04:00,LW,0.75,Angostura Inglesa,2026-09-15T11:04:00,0.75
CUR009,2026-09-15T17:23:00,HW,1.24,Angostura Inglesa,2026-09-15T16:23:00,1.24
CUR009,2026-09-15T22:53:00,LW,0.87,Angostura Inglesa,2026-09-15T21:53:00,0.87
CUR009,2026-09-16T05:54:00,HW,1.81,Angostura Inglesa,2026-09-16T04:54:00,1.81
CUR009,2026-09-16T13:32:00,LW,0.75,Angostura Inglesa,2026-09-16T12:32:00,0.75
CUR009,2026-09-16T19:00:00,HW,1.1,Angostura Inglesa,2026-09-16T18:00:00,1.1
CUR009,2026-09-16T23:37:00,LW,0.99,Angostura Inglesa,2026-09-16T22:37:00,0.99
CUR009,2026-09-17T06:50:00,HW,1.76,Angostura Inglesa,2026-09-17T05:50:00,1.76
CUR009,2026-09-17T14:46:00,LW,0.72,Angostura Inglesa,2026-09-17T13:46:00,0.72
CUR009,2026-09-18T07:46:00,HW,1.72,Angostura Inglesa,2026-09-18T06:46:00,1.72
CUR009,2026-09-18T15:47:00,LW,0.68,Angostura Inglesa,2026-09-18T14:47:00,0.68
CUR009,2026-09-19T08:42:00,HW,1.71,Angostura Inglesa,2026-09-19T07:42:00,1.71
CUR009,2026-09-19T16:36:00,LW,0.65,Angostura Inglesa,2026-09-19T15:36:00,0.65
CUR009,2026-09-19T23:30:00,HW,1.2,Angostura Inglesa,2026-09-19T22:30:00,1.2
CUR009,2026-09-20T02:34:00,LW,1.13,Angostura Inglesa,2026-09-20T01:34:00,1.13
CUR009,2026-09-20T09:33:00,HW,1.72,Angostura Inglesa,2026-09-20T08:33:00,1.72
CUR009,2026-09-20T17:11:00,LW,0.63,Angostura Inglesa,2026-09-20T16:11:00,0.63
CUR009,2026-09-20T23:42:00,HW,1.23,Angostura Inglesa,2026-09-20T22:42:00,1.23
CUR009,2026-09-21T03:35:00,LW,1.09,Angostura Inglesa,2026-09-21T02:35:00,1.09
CUR009,2026-09-21T10:13:00,HW,1.76,Angostura Inglesa,2026-09-21T09:13:00,1.76
CUR009,2026-09-21T17:35:00,LW,0.61,Angostura Inglesa,2026-09-21T16:35:00,0.61
CUR009,2026-09-21T23:41:00,HW,1.27,Angostura Inglesa,2026-09-21T22:41:00,1.27
CUR009,2026-09-22T04:17:00,LW,1.01,Angostura Inglesa,2026-09-22T03:17:00,1.01
CUR009,2026-09-22T10:46:00,HW,1.81,Angostura Inglesa,2026-09-22T09:46:00,1.81
CUR009,2026-09-22T17:53:00,LW,0.57,Angostura Inglesa,2026-09-22T16:53:00,0.57
CUR009,2026-09-22T23:50:00,HW,1.35,Angostura Inglesa,2026-09-22T22:50:00,1.35
CUR009,2026-09-23T04:55:00,LW,0.92,Angostura Inglesa,2026-09-23T03:55:00,0.92
CUR009,2026-09-23T11:17:00,HW,1.87,Angostura Inglesa,2026-09-23T10:17:00,1.87
CUR009,2026-09-23T18:12:00,LW,0.52,Angostura Inglesa,2026-09-23T17:12:00,0.52
CUR009,2026-09-24T00:11:00,HW,1.45,Angostura Inglesa,2026-09-23T23:11:00,1.45
CUR009,2026-09-24T05:35:00,LW,0.82,Angostura Inglesa,2026-09-24T04:35:00,0.82
CUR009,2026-09-24T11:49:00,HW,1.91,Angostura Inglesa,2026-09-24T10:49:00,1.91
CUR009,2026-09-24T18:34:00,LW,0.47,Angostura Inglesa,2026-09-24T17:34:00,0.47
CUR009,2026-09-25T00:40:00,HW,1.58,Angostura Inglesa,2026-09-24T23:40:00,1.58
CUR009,2026-09-25T06:18:00,LW,0.73,Angostura Inglesa,2026-09-25T05:18:00,0.73
CUR009,2026-09-25T12:23:00,HW,1.91,Angostura Inglesa,2026-09-25T11:23:00,1.91
CUR009,2026-09-25T19:00:00,LW,0.42,Angostura Inglesa,2026-09-25T18:00:00,0.42
CUR009,2026-09-26T01:15:00,HW,1.72,Angostura Inglesa,2026-09-26T00:15:00,1.72
CUR009,2026-09-26T07:05:00,LW,0.65,Angostura Inglesa,2026-09-26T06:05:00,0.65
CUR009,2026-09-26T13:01:00,HW,1.87,Angostura Inglesa,2026-09-26T12:01:00,1.87
CUR009,2026-09-26T19:29:00,LW,0.4,Angostura Inglesa,2026-09-26T18:29:00,0.4
CUR009,2026-09-27T01:52:00,HW,1.85,Angostura Inglesa,2026-09-27T00:52:00,1.85
CUR009,2026-09-27T07:55:00,LW,0.59,Angostura Inglesa,2026-09-27T06:55:00,0.59
CUR009,2026-09-27T13:44:00,HW,1.78,Angostura Inglesa,2026-09-27T12:44:00,1.78
CUR009,2026-09-27T20:00:00,LW,0.42,Angostura Inglesa,2026-09-27T19:00:00,0.42
CUR009,2026-09-28T02:33:00,HW,1.96,Angostura Inglesa,2026-09-28T01:33:00,1.96
CUR009,2026-09-28T08:48:00,LW,0.56,Angostura Inglesa,2026-09-28T07:48:00,0.56
CUR009,2026-09-28T14:35:00,HW,1.65,Angostura Inglesa,2026-09-28T13:35:00,1.65
CUR009,2026-09-28T20:35:00,LW,0.49,Angostura Inglesa,2026-09-28T19:35:00,0.49
CUR009,2026-09-29T03:17:00,HW,2.03,Angostura Inglesa,2026-09-29T02:17:00,2.03
CUR009,2026-09-29T09:45:00,LW,0.56,Angostura Inglesa,2026-09-29T08:45:00,0.56
CUR009,2026-09-29T15:34:00,HW,1.5,Angostura Inglesa,2026-09-29T14:34:00,1.5
CUR009,2026-09-29T21:15:00,LW,0.59,Angostura Inglesa,2026-09-29T20:15:00,0.59
CUR009,2026-09-30T04:07:00,HW,2.05,Angostura Inglesa,2026-09-30T03:07:00,2.05
CUR009,2026-09-30T10:53:00,LW,0.58,Angostura Inglesa,2026-09-30T09:53:00,0.58
CUR009,2026-09-30T16:40:00,HW,1.36,Angostura Inglesa,2026-09-30T15:40:00,1.36
CUR009,2026-09-30T22:04:00,LW,0.7,Angostura Inglesa,2026-09-30T21:04:00,0.7
CUR009,2026-10-01T05:05:00,HW,2.04,Angostura Inglesa,2026-10-01T04:05:00,2.04
CUR009,2026-10-01T12:17:00,LW,0.59,Angostura Inglesa,2026-10-01T11:17:00,0.59
CUR009,2026-10-01T17:58:00,HW,1.24,Angostura Inglesa,2026-10-01T16:58:00,1.24
CUR009,2026-10-01T23:06:00,LW,0.81,Angostura Inglesa,2026-10-01T22:06:00,0.81
CUR009,2026-10-02T06:11:00,HW,2.01,Angostura Inglesa,2026-10-02T05:11:00,2.01
CUR009,2026-10-02T13:41:00,LW,0.56,Angostura Inglesa,2026-10-02T12:41:00,0.56
CUR009,2026-10-02T19:40:00,HW,1.19,Angostura Inglesa,2026-10-02T18:40:00,1.19
CUR009,2026-10-03T00:19:00,LW,0.89,Angostura Inglesa,2026-10-02T23:19:00,0.89
CUR009,2026-10-03T07:20:00,HW,1.99,Angostura Inglesa,2026-10-03T06:20:00,1.99
CUR009,2026-10-03T14:50:00,LW,0.51,Angostura Inglesa,2026-10-03T13:50:00,0.51
CUR009,2026-10-03T21:08:00,HW,1.25,Angostura Inglesa,2026-10-03T20:08:00,1.25
CUR009,2026-10-04T01:40:00,LW,0.92,Angostura Inglesa,2026-10-04T00:40:00,0.92
CUR009,2026-10-04T08:32:00,HW,1.99,Angostura Inglesa,2026-10-04T07:32:00,1.99
CUR009,2026-10-04T15:52:00,LW,0.46,Angostura Inglesa,2026-10-04T14:52:00,0.46
CUR009,2026-10-04T22:06:00,HW,1.34,Angostura Inglesa,2026-10-04T21:06:00,1.34
CUR009,2026-10-05T03:06:00,LW,0.88,Angostura Inglesa,2026-10-05T02:06:00,0.88
CUR009,2026-10-05T09:41:00,HW,2.02,Angostura Inglesa,2026-10-05T08:41:00,2.02
CUR009,2026-10-05T16:47:00,LW,0.42,Angostura Inglesa,2026-10-05T15:47:00,0.42
CUR009,2026-10-05T22:52:00,HW,1.45,Angostura Inglesa,2026-10-05T21:52:00,1.45
CUR009,2026-10-06T04:16:00,LW,0.8,Angostura Inglesa,2026-10-06T03:16:00,0.8
CUR009,2026-10-06T10:39:00,HW,2.05,Angostura Inglesa,2026-10-06T09:39:00,2.05
CUR009,2026-10-06T17:33:00,LW,0.38,Angostura Inglesa,2026-10-06T16:33:00,0.38
CUR009,2026-10-06T23:35:00,HW,1.56,Angostura Inglesa,2026-10-06T22:35:00,1.56
CUR009,2026-10-07T05:14:00,LW,0.7,Angostura Inglesa,2026-10-07T04:14:00,0.7
CUR009,2026-10-07T11:27:00,HW,2.05,Angostura Inglesa,2026-10-07T10:27:00,2.05
CUR009,2026-10-07T18:12:00,LW,0.36,Angostura Inglesa,2026-10-07T17:12:00,0.36
CUR009,2026-10-08T00:16:00,HW,1.68,Angostura Inglesa,2026-10-07T23:16:00,1.68
CUR009,2026-10-08T06:08:00,LW,0.62,Angostura Inglesa,2026-10-08T05:08:00,0.62
CUR009,2026-10-08T12:10:00,HW,2.01,Angostura Inglesa,2026-10-08T11:10:00,2.01
CUR009,2026-10-08T18:47:00,LW,0.36,Angostura Inglesa,2026-10-08T17:47:00,0.36
CUR009,2026-10-09T00:56:00,HW,1.81,Angostura Inglesa,2026-10-08T23:56:00,1.81
CUR009,2026-10-09T07:00:00,LW,0.56,Angostura Inglesa,2026-10-09T06:00:00,0.56
CUR009,2026-10-09T12:51:00,HW,1.92,Angostura Inglesa,2026-10-09T11:51:00,1.92
CUR009,2026-10-09T19:18:00,LW,0.39,Angostura Inglesa,2026-10-09T18:18:00,0.39
CUR009,2026-10-10T01:36:00,HW,1.92,Angostura Inglesa,2026-10-10T00:36:00,1.92
CUR009,2026-10-10T07:50:00,LW,0.52,Angostura Inglesa,2026-10-10T06:50:00,0.52
CUR009,2026-10-10T13:34:00,HW,1.79,Angostura Inglesa,2026-10-10T12:34:00,1.79
CUR009,2026-10-10T19:48:00,LW,0.44,Angostura Inglesa,2026-10-10T18:48:00,0.44
CUR009,2026-10-11T02:16:00,HW,1.99,Angostura Inglesa,2026-10-11T01:16:00,1.99
CUR009,2026-10-11T08:40:00,LW,0.52,Angostura Inglesa,2026-10-11T07:40:00,0.52
CUR009,2026-10-11T14:20:00,HW,1.64,Angostura Inglesa,2026-10-11T13:20:00,1.64
CUR009,2026-10-11T20:17:00,LW,0.52,Angostura Inglesa,2026-10-11T19:17:00,0.52
CUR009,2026-10-12T02:55:00,HW,2.02,Angostura Inglesa,2026-10-12T01:55:00,2.02
CUR009,2026-10-12T09:30:00,LW,0.56,Angostura Inglesa,2026-10-12T08:30:00,0.56
CUR009,2026-10-12T15:10:00,HW,1.47,Angostura Inglesa,2026-10-12T14:10:00,1.47
CUR009,2026-10-12T20:45:00,LW,0.63,Angostura Inglesa,2026-10-12T19:45:00,0.63
CUR009,2026-10-13T03:35:00,HW,2.01,Angostura Inglesa,2026-10-13T02:35:00,2.01
CUR009,2026-10-13T10:24:00,LW,0.62,Angostura Inglesa,2026-10-13T09:24:00,0.62
CUR009,2026-10-13T16:01:00,HW,1.31,Angostura Inglesa,2026-10-13T15:01:00,1.31
CUR009,2026-10-13T21:12:00,LW,0.76,Angostura Inglesa,2026-10-13T20:12:00,0.76
CUR009,2026-10-14T04:17:00,HW,1.95,Angostura Inglesa,2026-10-14T03:17:00,1.95
CUR009,2026-10-14T11:29:00,LW,0.7,Angostura Inglesa,2026-10-14T10:29:00,0.7
CUR009,2026-10-14T16:53:00,HW,1.18,Angostura Inglesa,2026-10-14T15:53:00,1.18
CUR009,2026-10-14T21:37:00,LW,0.88,Angostura Inglesa,2026-10-14T20:37:00,0.88
CUR009,2026-10-15T05:00:00,HW,1.86,Angostura Inglesa,2026-10-15T04:00:00,1.86
CUR009,2026-10-15T12:48:00,LW,0.74,Angostura Inglesa,2026-10-15T11:48:00,0.74
CUR009,2026-10-15T17:58:00,HW,1.07,Angostura Inglesa,2026-10-15T16:58:00,1.07
CUR009,2026-10-15T21:56:00,LW,0.99,Angostura Inglesa,2026-10-15T20:56:00,0.99
CUR009,2026-10-16T05:47:00,HW,1.77,Angostura Inglesa,2026-10-16T04:47:00,1.77
CUR009,2026-10-16T14:00:00,LW,0.75,Angostura Inglesa,2026-10-16T13:00:00,0.75
CUR009,2026-10-17T06:36:00,HW,1.7,Angostura Inglesa,2026-10-17T05:36:00,1.7
CUR009,2026-10-17T14:59:00,LW,0.75,Angostura Inglesa,2026-10-17T13:59:00,0.75
CUR009,2026-10-18T07:29:00,HW,1.65,Angostura Inglesa,2026-10-18T06:29:00,1.65
CUR009,2026-10-18T15:47:00,LW,0.73,Angostura Inglesa,2026-10-18T14:47:00,0.73
CUR009,2026-10-19T08:28:00,HW,1.64,Angostura Inglesa,2026-10-19T07:28:00,1.64
CUR009,2026-10-19T16:23:00,LW,0.71,Angostura Inglesa,2026-10-19T15:23:00,0.71
CUR009,2026-10-19T23:07:00,HW,1.21,Angostura Inglesa,2026-10-19T22:07:00,1.21
CUR009,2026-10-20T02:47:00,LW,1.12,Angostura Inglesa,2026-10-20T01:47:00,1.12
CUR009,2026-10-20T09:24:00,HW,1.66,Angostura Inglesa,2026-10-20T08:24:00,1.66
CUR009,2026-10-20T16:48:00,LW,0.68,Angostura Inglesa,2026-10-20T15:48:00,0.68
CUR009,2026-10-20T22:59:00,HW,1.29,Angostura Inglesa,2026-10-20T21:59:00,1.29
CUR009,2026-10-21T03:52:00,LW,1.04,Angostura Inglesa,2026-10-21T02:52:00,1.04
CUR009,2026-10-21T10:09:00,HW,1.71,Angostura Inglesa,2026-10-21T09:09:00,1.71
CUR009,2026-10-21T17:08:00,LW,0.63,Angostura Inglesa,2026-10-21T16:08:00,0.63
CUR009,2026-10-21T23:15:00,HW,1.42,Angostura Inglesa,2026-10-21T22:15:00,1.42
CUR009,2026-10-22T04:41:00,LW,0.93,Angostura Inglesa,2026-10-22T03:41:00,0.93
CUR009,2026-10-22T10:48:00,HW,1.75,Angostura Inglesa,2026-10-22T09:48:00,1.75
CUR009,2026-10-22T17:31:00,LW,0.57,Angostura Inglesa,2026-10-22T16:31:00,0.57
CUR009,2026-10-22T23:41:00,HW,1.57,Angostura Inglesa,2026-10-22T22:41:00,1.57
CUR009,2026-10-23T05:28:00,LW,0.81,Angostura Inglesa,2026-10-23T04:28:00,0.81
CUR009,2026-10-23T11:26:00,HW,1.78,Angostura Inglesa,2026-10-23T10:26:00,1.78
CUR009,2026-10-23T17:57:00,LW,0.5,Angostura Inglesa,2026-10-23T16:57:00,0.5
CUR009,2026-10-24T00:13:00,HW,1.74,Angostura Inglesa,2026-10-23T23:13:00,1.74
CUR009,2026-10-24T06:16:00,LW,0.68,Angostura Inglesa,2026-10-24T05:16:00,0.68
CUR009,2026-10-24T12:04:00,HW,1.78,Angostura Inglesa,2026-10-24T11:04:00,1.78
CUR009,2026-10-24T18:26:00,LW,0.45,Angostura Inglesa,2026-10-24T17:26:00,0.45
CUR009,2026-10-25T00:48:00,HW,1.91,Angostura Inglesa,2026-10-24T23:48:00,1.91
CUR009,2026-10-25T07:05:00,LW,0.56,Angostura Inglesa,2026-10-25T06:05:00,0.56
CUR009,2026-10-25T12:45:00,HW,1.73,Angostura Inglesa,2026-10-25T11:45:00,1.73
CUR009,2026-10-25T18:57:00,LW,0.43,Angostura Inglesa,2026-10-25T17:57:00,0.43
CUR009,2026-10-26T01:27:00,HW,2.06,Angostura Inglesa,2026-10-26T00:27:00,2.06
CUR009,2026-10-26T07:54:00,LW,0.47,Angostura Inglesa,2026-10-26T06:54:00,0.47
CUR009,2026-10-26T13:32:00,HW,1.66,Angostura Inglesa,2026-10-26T12:32:00,1.66
CUR009,2026-10-26T19:31:00,LW,0.44,Angostura Inglesa,2026-10-26T18:31:00,0.44
CUR009,2026-10-27T02:08:00,HW,2.17,Angostura Inglesa,2026-10-27T01:08:00,2.17
CUR009,2026-10-27T08:44:00,LW,0.41,Angostura Inglesa,2026-10-27T07:44:00,0.41
CUR009,2026-10-27T14:27:00,HW,1.56,Angostura Inglesa,2026-10-27T13:27:00,1.56
CUR009,2026-10-27T20:08:00,LW,0.49,Angostura Inglesa,2026-10-27T19:08:00,0.49
CUR009,2026-10-28T02:53:00,HW,2.22,Angostura Inglesa,2026-10-28T01:53:00,2.22
CUR009,2026-10-28T09:37:00,LW,0.41,Angostura Inglesa,2026-10-28T08:37:00,0.41
CUR009,2026-10-28T15:28:00,HW,1.45,Angostura Inglesa,2026-10-28T14:28:00,1.45
CUR009,2026-10-28T20:51:00,LW,0.58,Angostura Inglesa,2026-10-28T19:51:00,0.58
CUR009,2026-10-29T03:43:00,HW,2.2,Angostura Inglesa,2026-10-29T02:43:00,2.2
CUR009,2026-10-29T10:39:00,LW,0.45,Angostura Inglesa,2026-10-29T09:39:00,0.45
CUR009,2026-10-29T16:32:00,HW,1.35,Angostura Inglesa,2026-10-29T15:32:00,1.35
CUR009,2026-10-29T21:43:00,LW,0.69,Angostura Inglesa,2026-10-29T20:43:00,0.69
CUR009,2026-10-30T04:41:00,HW,2.14,Angostura Inglesa,2026-10-30T03:41:00,2.14
CUR009,2026-10-30T11:55:00,LW,0.5,Angostura Inglesa,2026-10-30T10:55:00,0.5
CUR009,2026-10-30T17:44:00,HW,1.26,Angostura Inglesa,2026-10-30T16:44:00,1.26
CUR009,2026-10-30T22:47:00,LW,0.79,Angostura Inglesa,2026-10-30T21:47:00,0.79
CUR009,2026-10-31T05:47:00,HW,2.06,Angostura Inglesa,2026-10-31T04:47:00,2.06
CUR009,2026-10-31T13:14:00,LW,0.53,Angostura Inglesa,2026-10-31T12:14:00,0.53
CUR009,2026-10-31T19:15:00,HW,1.23,Angostura Inglesa,2026-10-31T18:15:00,1.23
CUR009,2026-11-01T00:02:00,LW,0.87,Angostura Inglesa,2026-10-31T23:02:00,0.87
CUR009,2026-11-01T06:57:00,HW,1.98,Angostura Inglesa,2026-11-01T05:57:00,1.98
CUR009,2026-11-01T14:23:00,LW,0.52,Angostura Inglesa,2026-11-01T13:23:00,0.52
CUR009,2026-11-01T20:41:00,HW,1.29,Angostura Inglesa,2026-11-01T19:41:00,1.29
CUR009,2026-11-02T01:32:00,LW,0.91,Angostura Inglesa,2026-11-02T00:32:00,0.91
CUR009,2026-11-02T08:13:00,HW,1.92,Angostura Inglesa,2026-11-02T07:13:00,1.92
CUR009,2026-11-02T15:26:00,LW,0.51,Angostura Inglesa,2026-11-02T14:26:00,0.51
CUR009,2026-11-02T21:45:00,HW,1.39,Angostura Inglesa,2026-11-02T20:45:00,1.39
CUR009,2026-11-03T03:04:00,LW,0.87,Angostura Inglesa,2026-11-03T02:04:00,0.87
CUR009,2026-11-03T09:28:00,HW,1.9,Angostura Inglesa,2026-11-03T08:28:00,1.9
CUR009,2026-11-03T16:22:00,LW,0.49,Angostura Inglesa,2026-11-03T15:22:00,0.49
CUR009,2026-11-03T22:35:00,HW,1.52,Angostura Inglesa,2026-11-03T21:35:00,1.52
CUR009,2026-11-04T04:17:00,LW,0.79,Angostura Inglesa,2026-11-04T03:17:00,0.79
CUR009,2026-11-04T10:29:00,HW,1.89,Angostura Inglesa,2026-11-04T09:29:00,1.89
CUR009,2026-11-04T17:09:00,LW,0.48,Angostura Inglesa,2026-11-04T16:09:00,0.48
CUR009,2026-11-04T23:19:00,HW,1.66,Angostura Inglesa,2026-11-04T22:19:00,1.66
CUR009,2026-11-05T05:17:00,LW,0.69,Angostura Inglesa,2026-11-05T04:17:00,0.69
CUR009,2026-11-05T11:18:00,HW,1.85,Angostura Inglesa,2026-11-05T10:18:00,1.85
CUR009,2026-11-05T17:47:00,LW,0.47,Angostura Inglesa,2026-11-05T16:47:00,0.47
CUR009,2026-11-05T23:59:00,HW,1.8,Angostura Inglesa,2026-11-05T22:59:00,1.8
CUR009,2026-11-06T06:11:00,LW,0.6,Angostura Inglesa,2026-11-06T05:11:00,0.6
CUR009,2026-11-06T12:00:00,HW,1.79,Angostura Inglesa,2026-11-06T11:00:00,1.79
CUR009,2026-11-06T18:19:00,LW,0.48,Angostura Inglesa,2026-11-06T17:19:00,0.48
CUR009,2026-11-07T00:37:00,HW,1.94,Angostura Inglesa,2026-11-06T23:37:00,1.94
CUR009,2026-11-07T07:00:00,LW,0.53,Angostura Inglesa,2026-11-07T06:00:00,0.53
CUR009,2026-11-07T12:40:00,HW,1.69,Angostura Inglesa,2026-11-07T11:40:00,1.69
CUR009,2026-11-07T18:47:00,LW,0.5,Angostura Inglesa,2026-11-07T17:47:00,0.5
CUR009,2026-11-08T01:13:00,HW,2.04,Angostura Inglesa,2026-11-08T00:13:00,2.04
CUR009,2026-11-08T07:46:00,LW,0.48,Angostura Inglesa,2026-11-08T06:46:00,0.48
CUR009,2026-11-08T13:22:00,HW,1.59,Angostura Inglesa,2026-11-08T12:22:00,1.59
CUR009,2026-11-08T19:14:00,LW,0.54,Angostura Inglesa,2026-11-08T18:14:00,0.54
CUR009,2026-11-09T01:48:00,HW,2.1,Angostura Inglesa,2026-11-09T00:48:00,2.1
CUR009,2026-11-09T08:29:00,LW,0.47,Angostura Inglesa,2026-11-09T07:29:00,0.47
CUR009,2026-11-09T14:07:00,HW,1.48,Angostura Inglesa,2026-11-09T13:07:00,1.48
CUR009,2026-11-09T19:39:00,LW,0.6,Angostura Inglesa,2026-11-09T18:39:00,0.6
CUR009,2026-11-10T02:23:00,HW,2.11,Angostura Inglesa,2026-11-10T01:23:00,2.11
CUR009,2026-11-10T09:11:00,LW,0.5,Angostura Inglesa,2026-11-10T08:11:00,0.5
CUR009,2026-11-10T14:52:00,HW,1.37,Angostura Inglesa,2026-11-10T13:52:00,1.37
CUR009,2026-11-10T20:04:00,LW,0.68,Angostura Inglesa,2026-11-10T19:04:00,0.68
CUR009,2026-11-11T02:58:00,HW,2.07,Angostura Inglesa,2026-11-11T01:58:00,2.07
CUR009,2026-11-11T09:53:00,LW,0.57,Angostura Inglesa,2026-11-11T08:53:00,0.57
CUR009,2026-11-11T15:36:00,HW,1.27,Angostura Inglesa,2026-11-11T14:36:00,1.27
CUR009,2026-11-11T20:28:00,LW,0.77,Angostura Inglesa,2026-11-11T19:28:00,0.77
CUR009,2026-11-12T03:33:00,HW,1.99,Angostura Inglesa,2026-11-12T02:33:00,1.99
CUR009,2026-11-12T10:41:00,LW,0.66,Angostura Inglesa,2026-11-12T09:41:00,0.66
CUR009,2026-11-12T16:18:00,HW,1.19,Angostura Inglesa,2026-11-12T15:18:00,1.19
CUR009,2026-11-12T20:51:00,LW,0.86,Angostura Inglesa,2026-11-12T19:51:00,0.86
CUR009,2026-11-13T04:11:00,HW,1.89,Angostura Inglesa,2026-11-13T03:11:00,1.89
CUR009,2026-11-13T11:42:00,LW,0.74,Angostura Inglesa,2026-11-13T10:42:00,0.74
CUR009,2026-11-13T17:01:00,HW,1.11,Angostura Inglesa,2026-11-13T16:01:00,1.11
CUR009,2026-11-13T21:09:00,LW,0.94,Angostura Inglesa,2026-11-13T20:09:00,0.94
CUR009,2026-11-14T04:50:00,HW,1.79,Angostura Inglesa,2026-11-14T03:50:00,1.79
CUR009,2026-11-14T12:51:00,LW,0.79,Angostura Inglesa,2026-11-14T11:51:00,0.79
CUR009,2026-11-14T18:00:00,HW,1.06,Angostura Inglesa,2026-11-14T17:00:00,1.06
CUR009,2026-11-14T21:11:00,LW,1.01,Angostura Inglesa,2026-11-14T20:11:00,1.01
CUR009,2026-11-15T05:34:00,HW,1.7,Angostura Inglesa,2026-11-15T04:34:00,1.7
CUR009,2026-11-15T13:49:00,LW,0.81,Angostura Inglesa,2026-11-15T12:49:00,0.81
CUR009,2026-11-16T06:24:00,HW,1.63,Angostura Inglesa,2026-11-16T05:24:00,1.63
CUR009,2026-11-16T14:35:00,LW,0.8,Angostura Inglesa,2026-11-16T13:35:00,0.8
CUR009,2026-11-17T07:23:00,HW,1.59,Angostura Inglesa,2026-11-17T06:23:00,1.59
CUR009,2026-11-17T15:12:00,LW,0.78,Angostura Inglesa,2026-11-17T14:12:00,0.78
CUR009,2026-11-17T21:44:00,HW,1.23,Angostura Inglesa,2026-11-17T20:44:00,1.23
CUR009,2026-11-18T02:14:00,LW,1.12,Angostura Inglesa,2026-11-18T01:14:00,1.12
CUR009,2026-11-18T08:33:00,HW,1.57,Angostura Inglesa,2026-11-18T07:33:00,1.57
CUR009,2026-11-18T15:44:00,LW,0.74,Angostura Inglesa,2026-11-18T14:44:00,0.74
CUR009,2026-11-18T22:07:00,HW,1.37,Angostura Inglesa,2026-11-18T21:07:00,1.37
CUR009,2026-11-19T03:39:00,LW,1.03,Angostura Inglesa,2026-11-19T02:39:00,1.03
CUR009,2026-11-19T09:36:00,HW,1.58,Angostura Inglesa,2026-11-19T08:36:00,1.58
CUR009,2026-11-19T16:15:00,LW,0.69,Angostura Inglesa,2026-11-19T15:15:00,0.69
CUR009,2026-11-19T22:36:00,HW,1.53,Angostura Inglesa,2026-11-19T21:36:00,1.53
CUR009,2026-11-20T04:36:00,LW,0.89,Angostura Inglesa,2026-11-20T03:36:00,0.89
CUR009,2026-11-20T10:26:00,HW,1.61,Angostura Inglesa,2026-11-20T09:26:00,1.61
CUR009,2026-11-20T16:47:00,LW,0.63,Angostura Inglesa,2026-11-20T15:47:00,0.63
CUR009,2026-11-20T23:09:00,HW,1.72,Angostura Inglesa,2026-11-20T22:09:00,1.72
CUR009,2026-11-21T05:26:00,LW,0.74,Angostura Inglesa,2026-11-21T04:26:00,0.74
CUR009,2026-11-21T11:10:00,HW,1.62,Angostura Inglesa,2026-11-21T10:10:00,1.62
CUR009,2026-11-21T17:20:00,LW,0.57,Angostura Inglesa,2026-11-21T16:20:00,0.57
CUR009,2026-11-21T23:45:00,HW,1.91,Angostura Inglesa,2026-11-21T22:45:00,1.91
CUR009,2026-11-22T06:15:00,LW,0.58,Angostura Inglesa,2026-11-22T05:15:00,0.58
CUR009,2026-11-22T11:52:00,HW,1.62,Angostura Inglesa,2026-11-22T10:52:00,1.62
CUR009,2026-11-22T17:54:00,LW,0.52,Angostura Inglesa,2026-11-22T16:54:00,0.52
CUR009,2026-11-23T00:23:00,HW,2.09,Angostura Inglesa,2026-11-22T23:23:00,2.09
CUR009,2026-11-23T07:01:00,LW,0.44,Angostura Inglesa,2026-11-23T06:01:00,0.44
CUR009,2026-11-23T12:37:00,HW,1.6,Angostura Inglesa,2026-11-23T11:37:00,1.6
CUR009,2026-11-23T18:29:00,LW,0.49,Angostura Inglesa,2026-11-23T17:29:00,0.49
CUR009,2026-11-24T01:03:00,HW,2.23,Angostura Inglesa,2026-11-24T00:03:00,2.23
CUR009,2026-11-24T07:47:00,LW,0.34,Angostura Inglesa,2026-11-24T06:47:00,0.34
CUR009,2026-11-24T13:26:00,HW,1.56,Angostura Inglesa,2026-11-24T12:26:00,1.56
CUR009,2026-11-24T19:08:00,LW,0.48,Angostura Inglesa,2026-11-24T18:08:00,0.48
CUR009,2026-11-25T01:45:00,HW,2.31,Angostura Inglesa,2026-11-25T00:45:00,2.31
CUR009,2026-11-25T08:34:00,LW,0.29,Angostura Inglesa,2026-11-25T07:34:00,0.29
CUR009,2026-11-25T14:22:00,HW,1.51,Angostura Inglesa,2026-11-25T13:22:00,1.51
CUR009,2026-11-25T19:49:00,LW,0.51,Angostura Inglesa,2026-11-25T18:49:00,0.51
CUR009,2026-11-26T02:31:00,HW,2.33,Angostura Inglesa,2026-11-26T01:31:00,2.33
CUR009,2026-11-26T09:23:00,LW,0.31,Angostura Inglesa,2026-11-26T08:23:00,0.31
CUR009,2026-11-26T15:19:00,HW,1.46,Angostura Inglesa,2026-11-26T14:19:00,1.46
CUR009,2026-11-26T20:36:00,LW,0.57,Angostura Inglesa,2026-11-26T19:36:00,0.57
CUR009,2026-11-27T03:23:00,HW,2.27,Angostura Inglesa,2026-11-27T02:23:00,2.27
CUR009,2026-11-27T10:20:00,LW,0.38,Angostura Inglesa,2026-11-27T09:20:00,0.38
CUR009,2026-11-27T16:18:00,HW,1.39,Angostura Inglesa,2026-11-27T15:18:00,1.39
CUR009,2026-11-27T21:31:00,LW,0.66,Angostura Inglesa,2026-11-27T20:31:00,0.66
CUR009,2026-11-28T04:21:00,HW,2.17,Angostura Inglesa,2026-11-28T03:21:00,2.17
CUR009,2026-11-28T11:29:00,LW,0.47,Angostura Inglesa,2026-11-28T10:29:00,0.47
CUR009,2026-11-28T17:24:00,HW,1.33,Angostura Inglesa,2026-11-28T16:24:00,1.33
CUR009,2026-11-28T22:36:00,LW,0.76,Angostura Inglesa,2026-11-28T21:36:00,0.76
CUR009,2026-11-29T05:25:00,HW,2.05,Angostura Inglesa,2026-11-29T04:25:00,2.05
CUR009,2026-11-29T12:44:00,LW,0.53,Angostura Inglesa,2026-11-29T11:44:00,0.53
CUR009,2026-11-29T18:46:00,HW,1.31,Angostura Inglesa,2026-11-29T17:46:00,1.31
CUR009,2026-11-29T23:54:00,LW,0.85,Angostura Inglesa,2026-11-29T22:54:00,0.85
CUR009,2026-11-30T06:35:00,HW,1.91,Angostura Inglesa,2026-11-30T05:35:00,1.91
CUR009,2026-11-30T13:52:00,LW,0.57,Angostura Inglesa,2026-11-30T12:52:00,0.57
CUR009,2026-11-30T20:10:00,HW,1.37,Angostura Inglesa,2026-11-30T19:10:00,1.37
CUR009,2026-12-01T01:31:00,LW,0.89,Angostura Inglesa,2026-12-01T00:31:00,0.89
CUR009,2026-12-01T07:53:00,HW,1.79,Angostura Inglesa,2026-12-01T06:53:00,1.79
CUR009,2026-12-01T14:54:00,LW,0.58,Angostura Inglesa,2026-12-01T13:54:00,0.58
CUR009,2026-12-01T21:19:00,HW,1.49,Angostura Inglesa,2026-12-01T20:19:00,1.49
CUR009,2026-12-02T03:05:00,LW,0.85,Angostura Inglesa,2026-12-02T02:05:00,0.85
CUR009,2026-12-02T09:17:00,HW,1.72,Angostura Inglesa,2026-12-02T08:17:00,1.72
CUR009,2026-12-02T15:50:00,LW,0.59,Angostura Inglesa,2026-12-02T14:50:00,0.59
CUR009,2026-12-02T22:13:00,HW,1.63,Angostura Inglesa,2026-12-02T21:13:00,1.63
CUR009,2026-12-03T04:18:00,LW,0.76,Angostura Inglesa,2026-12-03T03:18:00,0.76
CUR009,2026-12-03T10:23:00,HW,1.68,Angostura Inglesa,2026-12-03T09:23:00,1.68
CUR009,2026-12-03T16:38:00,LW,0.6,Angostura Inglesa,2026-12-03T15:38:00,0.6
CUR009,2026-12-03T22:59:00,HW,1.78,Angostura Inglesa,2026-12-03T21:59:00,1.78
CUR009,2026-12-04T05:18:00,LW,0.65,Angostura Inglesa,2026-12-04T04:18:00,0.65
CUR009,2026-12-04T11:13:00,HW,1.63,Angostura Inglesa,2026-12-04T10:13:00,1.63
CUR009,2026-12-04T17:17:00,LW,0.61,Angostura Inglesa,2026-12-04T16:17:00,0.61
CUR009,2026-12-04T23:38:00,HW,1.91,Angostura Inglesa,2026-12-04T22:38:00,1.91
CUR009,2026-12-05T06:10:00,LW,0.56,Angostura Inglesa,2026-12-05T05:10:00,0.56
CUR009,2026-12-05T11:55:00,HW,1.57,Angostura Inglesa,2026-12-05T10:55:00,1.57
CUR009,2026-12-05T17:49:00,LW,0.62,Angostura Inglesa,2026-12-05T16:49:00,0.62
CUR009,2026-12-06T00:14:00,HW,2.02,Angostura Inglesa,2026-12-05T23:14:00,2.02
CUR009,2026-12-06T06:55:00,LW,0.48,Angostura Inglesa,2026-12-06T05:55:00,0.48
CUR009,2026-12-06T12:35:00,HW,1.5,Angostura Inglesa,2026-12-06T11:35:00,1.5
CUR009,2026-12-06T18:16:00,LW,0.64,Angostura Inglesa,2026-12-06T17:16:00,0.64
CUR009,2026-12-07T00:47:00,HW,2.1,Angostura Inglesa,2026-12-06T23:47:00,2.1
CUR009,2026-12-07T07:35:00,LW,0.44,Angostura Inglesa,2026-12-07T06:35:00,0.44
CUR009,2026-12-07T13:14:00,HW,1.44,Angostura Inglesa,2026-12-07T12:14:00,1.44
CUR009,2026-12-07T18:41:00,LW,0.66,Angostura Inglesa,2026-12-07T17:41:00,0.66
CUR009,2026-12-08T01:18:00,HW,2.13,Angostura Inglesa,2026-12-08T00:18:00,2.13
CUR009,2026-12-08T08:11:00,LW,0.43,Angostura Inglesa,2026-12-08T07:11:00,0.43
CUR009,2026-12-08T13:53:00,HW,1.39,Angostura Inglesa,2026-12-08T12:53:00,1.39
CUR009,2026-12-08T19:05:00,LW,0.69,Angostura Inglesa,2026-12-08T18:05:00,0.69
CUR009,2026-12-09T01:49:00,HW,2.12,Angostura Inglesa,2026-12-09T00:49:00,2.12
CUR009,2026-12-09T08:44:00,LW,0.47,Angostura Inglesa,2026-12-09T07:44:00,0.47
CUR009,2026-12-09T14:31:00,HW,1.34,Angostura Inglesa,2026-12-09T13:31:00,1.34
CUR009,2026-12-09T19:30:00,LW,0.73,Angostura Inglesa,2026-12-09T18:30:00,0.73
CUR009,2026-12-10T02:21:00,HW,2.07,Angostura Inglesa,2026-12-10T01:21:00,2.07
CUR009,2026-12-10T09:16:00,LW,0.53,Angostura Inglesa,2026-12-10T08:16:00,0.53
CUR009,2026-12-10T15:07:00,HW,1.29,Angostura Inglesa,2026-12-10T14:07:00,1.29
CUR009,2026-12-10T19:57:00,LW,0.77,Angostura Inglesa,2026-12-10T18:57:00,0.77
CUR009,2026-12-11T02:52:00,HW,2.0,Angostura Inglesa,2026-12-11T01:52:00,2.0
CUR009,2026-12-11T09:50:00,LW,0.62,Angostura Inglesa,2026-12-11T08:50:00,0.62
CUR009,2026-12-11T15:41:00,HW,1.25,Angostura Inglesa,2026-12-11T14:41:00,1.25
CUR009,2026-12-11T20:23:00,LW,0.83,Angostura Inglesa,2026-12-11T19:23:00,0.83
CUR009,2026-12-12T03:26:00,HW,1.91,Angostura Inglesa,2026-12-12T02:26:00,1.91
CUR009,2026-12-12T10:29:00,LW,0.7,Angostura Inglesa,2026-12-12T09:29:00,0.7
CUR009,2026-12-12T16:16:00,HW,1.21,Angostura Inglesa,2026-12-12T15:16:00,1.21
CUR009,2026-12-12T20:51:00,LW,0.89,Angostura Inglesa,2026-12-12T19:51:00,0.89
CUR009,2026-12-13T04:03:00,HW,1.81,Angostura Inglesa,2026-12-13T03:03:00,1.81
CUR009,2026-12-13T11:20:00,LW,0.77,Angostura Inglesa,2026-12-13T10:20:00,0.77
CUR009,2026-12-13T16:58:00,HW,1.18,Angostura Inglesa,2026-12-13T15:58:00,1.18
CUR009,2026-12-13T21:22:00,LW,0.95,Angostura Inglesa,2026-12-13T20:22:00,0.95
CUR009,2026-12-14T04:44:00,HW,1.72,Angostura Inglesa,2026-12-14T03:44:00,1.72
CUR009,2026-12-14T12:19:00,LW,0.81,Angostura Inglesa,2026-12-14T11:19:00,0.81
CUR009,2026-12-14T18:01:00,HW,1.17,Angostura Inglesa,2026-12-14T17:01:00,1.17
CUR009,2026-12-14T22:08:00,LW,1.03,Angostura Inglesa,2026-12-14T21:08:00,1.03
CUR009,2026-12-15T05:32:00,HW,1.62,Angostura Inglesa,2026-12-15T04:32:00,1.62
CUR009,2026-12-15T13:11:00,LW,0.82,Angostura Inglesa,2026-12-15T12:11:00,0.82
CUR009,2026-12-15T19:23:00,HW,1.22,Angostura Inglesa,2026-12-15T18:23:00,1.22
CUR009,2026-12-15T23:38:00,LW,1.09,Angostura Inglesa,2026-12-15T22:38:00,1.09
CUR009,2026-12-16T06:30:00,HW,1.53,Angostura Inglesa,2026-12-16T05:30:00,1.53
CUR009,2026-12-16T13:55:00,LW,0.81,Angostura Inglesa,2026-12-16T12:55:00,0.81
CUR009,2026-12-16T20:27:00,HW,1.34,Angostura Inglesa,2026-12-16T19:27:00,1.34
CUR009,2026-12-17T02:04:00,LW,1.08,Angostura Inglesa,2026-12-17T01:04:00,1.08
CUR009,2026-12-17T07:48:00,HW,1.46,Angostura Inglesa,2026-12-17T06:48:00,1.46
CUR009,2026-12-17T14:37:00,LW,0.79,Angostura Inglesa,2026-12-17T13:37:00,0.79
CUR009,2026-12-17T21:15:00,HW,1.5,Angostura Inglesa,2026-12-17T20:15:00,1.5
CUR009,2026-12-18T03:33:00,LW,0.96,Angostura Inglesa,2026-12-18T02:33:00,0.96
CUR009,2026-12-18T09:12:00,HW,1.43,Angostura Inglesa,2026-12-18T08:12:00,1.43
CUR009,2026-12-18T15:19:00,LW,0.76,Angostura Inglesa,2026-12-18T14:19:00,0.76
CUR009,2026-12-18T21:57:00,HW,1.68,Angostura Inglesa,2026-12-18T20:57:00,1.68
CUR009,2026-12-19T04:32:00,LW,0.8,Angostura Inglesa,2026-12-19T03:32:00,0.8
CUR009,2026-12-19T10:14:00,HW,1.45,Angostura Inglesa,2026-12-19T09:14:00,1.45
CUR009,2026-12-19T16:02:00,LW,0.72,Angostura Inglesa,2026-12-19T15:02:00,0.72
CUR009,2026-12-19T22:37:00,HW,1.87,Angostura Inglesa,2026-12-19T21:37:00,1.87
CUR009,2026-12-20T05:22:00,LW,0.63,Angostura Inglesa,2026-12-20T04:22:00,0.63
CUR009,2026-12-20T11:02:00,HW,1.48,Angostura Inglesa,2026-12-20T10:02:00,1.48
CUR009,2026-12-20T16:44:00,LW,0.67,Angostura Inglesa,2026-12-20T15:44:00,0.67
CUR009,2026-12-20T23:18:00,HW,2.05,Angostura Inglesa,2026-12-20T22:18:00,2.05
CUR009,2026-12-21T06:09:00,LW,0.46,Angostura Inglesa,2026-12-21T05:09:00,0.46
CUR009,2026-12-21T11:46:00,HW,1.5,Angostura Inglesa,2026-12-21T10:46:00,1.5
CUR009,2026-12-21T17:26:00,LW,0.61,Angostura Inglesa,2026-12-21T16:26:00,0.61
CUR009,2026-12-21T23:59:00,HW,2.21,Angostura Inglesa,2026-12-21T22:59:00,2.21
CUR009,2026-12-22T06:53:00,LW,0.33,Angostura Inglesa,2026-12-22T05:53:00,0.33
CUR009,2026-12-22T12:32:00,HW,1.52,Angostura Inglesa,2026-12-22T11:32:00,1.52
CUR009,2026-12-22T18:07:00,LW,0.55,Angostura Inglesa,2026-12-22T17:07:00,0.55
CUR009,2026-12-23T00:42:00,HW,2.32,Angostura Inglesa,2026-12-22T23:42:00,2.32
CUR009,2026-12-23T07:36:00,LW,0.24,Angostura Inglesa,2026-12-23T06:36:00,0.24
CUR009,2026-12-23T13:21:00,HW,1.53,Angostura Inglesa,2026-12-23T12:21:00,1.53
CUR009,2026-12-23T18:50:00,LW,0.52,Angostura Inglesa,2026-12-23T17:50:00,0.52
CUR009,2026-12-24T01:26:00,HW,2.37,Angostura Inglesa,2026-12-24T00:26:00,2.37
CUR009,2026-12-24T08:19:00,LW,0.22,Angostura Inglesa,2026-12-24T07:19:00,0.22
CUR009,2026-12-24T14:13:00,HW,1.52,Angostura Inglesa,2026-12-24T13:13:00,1.52
CUR009,2026-12-24T19:36:00,LW,0.51,Angostura Inglesa,2026-12-24T18:36:00,0.51
CUR009,2026-12-25T02:13:00,HW,2.36,Angostura Inglesa,2026-12-25T01:13:00,2.36
CUR009,2026-12-25T09:06:00,LW,0.26,Angostura Inglesa,2026-12-25T08:06:00,0.26
CUR009,2026-12-25T15:06:00,HW,1.51,Angostura Inglesa,2026-12-25T14:06:00,1.51
CUR009,2026-12-25T20:27:00,LW,0.55,Angostura Inglesa,2026-12-25T19:27:00,0.55
CUR009,2026-12-26T03:05:00,HW,2.28,Angostura Inglesa,2026-12-26T02:05:00,2.28
CUR009,2026-12-26T09:58:00,LW,0.35,Angostura Inglesa,2026-12-26T08:58:00,0.35
CUR009,2026-12-26T16:01:00,HW,1.48,Angostura Inglesa,2026-12-26T15:01:00,1.48
CUR009,2026-12-26T21:24:00,LW,0.62,Angostura Inglesa,2026-12-26T20:24:00,0.62
CUR009,2026-12-27T04:02:00,HW,2.14,Angostura Inglesa,2026-12-27T03:02:00,2.14
CUR009,2026-12-27T11:00:00,LW,0.46,Angostura Inglesa,2026-12-27T10:00:00,0.46
CUR009,2026-12-27T17:02:00,HW,1.45,Angostura Inglesa,2026-12-27T16:02:00,1.45
CUR009,2026-12-27T22:30:00,LW,0.72,Angostura Inglesa,2026-12-27T21:30:00,0.72
CUR009,2026-12-28T05:04:00,HW,1.97,Angostura Inglesa,2026-12-28T04:04:00,1.97
CUR009,2026-12-28T12:09:00,LW,0.56,Angostura Inglesa,2026-12-28T11:09:00,0.56
CUR009,2026-12-28T18:16:00,HW,1.44,Angostura Inglesa,2026-12-28T17:16:00,1.44
CUR009,2026-12-28T23:51:00,LW,0.82,Angostura Inglesa,2026-12-28T22:51:00,0.82
CUR009,2026-12-29T06:11:00,HW,1.78,Angostura Inglesa,2026-12-29T05:11:00,1.78
CUR009,2026-12-29T13:14:00,LW,0.62,Angostura Inglesa,2026-12-29T12:14:00,0.62
CUR009,2026-12-29T19:35:00,HW,1.5,Angostura Inglesa,2026-12-29T18:35:00,1.5
CUR009,2026-12-30T01:33:00,LW,0.86,Angostura Inglesa,2026-12-30T00:33:00,0.86
CUR009,2026-12-30T07:32:00,HW,1.61,Angostura Inglesa,2026-12-30T06:32:00,1.61
CUR009,2026-12-30T14:14:00,LW,0.68,Angostura Inglesa,2026-12-30T13:14:00,0.68
CUR009,2026-12-30T20:46:00,HW,1.61,Angostura Inglesa,2026-12-30T19:46:00,1.61
CUR009,2026-12-31T03:04:00,LW,0.8,Angostura Inglesa,2026-12-31T02:04:00,0.8
CUR009,2026-12-31T09:10:00,HW,1.51,Angostura Inglesa,2026-12-31T08:10:00,1.51
CUR009,2026-12-31T15:10:00,LW,0.72,Angostura Inglesa,2026-12-31T14:10:00,0.72
CUR009,2026-12-31T21:44:00,HW,1.74,Angostura Inglesa,2026-12-31T20:44:00,1.74
CUR010,2026-01-01T04:07:00,HW,0.8512,Puerto Natales,2026-01-01T03:36:00,0.75
CUR010,2026-01-01T11:09:00,LW,1.0358,Puerto Natales,2026-01-01T10:48:00,0.34
CUR010,2026-01-01T16:24:00,HW,0.9767,Puerto Natales,2026-01-01T15:53:00,0.46
CUR010,2026-01-01T21:10:00,LW,1.0513,Puerto Natales,2026-01-01T20:49:00,0.31
CUR010,2026-01-02T04:49:00,HW,0.8394,Puerto Natales,2026-01-02T04:18:00,0.78
CUR010,2026-01-02T11:52:00,LW,1.0206,Puerto Natales,2026-01-02T11:31:00,0.37
CUR010,2026-01-02T17:07:00,HW,0.9626,Puerto Natales,2026-01-02T16:36:00,0.49
CUR010,2026-01-02T21:59:00,LW,1.0358,Puerto Natales,2026-01-02T21:38:00,0.34
CUR010,2026-01-03T05:32:00,HW,0.8356,Puerto Natales,2026-01-03T05:01:00,0.79
CUR010,2026-01-03T12:36:00,LW,1.0156,Puerto Natales,2026-01-03T12:15:00,0.38
CUR010,2026-01-03T17:50:00,HW,0.9534,Puerto Natales,2026-01-03T17:19:00,0.51
CUR010,2026-01-03T22:50:00,LW,1.0307,Puerto Natales,2026-01-03T22:29:00,0.35
CUR010,2026-01-04T06:16:00,HW,0.8472,Puerto Natales,2026-01-04T05:45:00,0.76
CUR010,2026-01-04T13:22:00,LW,1.0156,Puerto Natales,2026-01-04T13:01:00,0.38
CUR010,2026-01-04T18:38:00,HW,0.958,Puerto Natales,2026-01-04T18:07:00,0.5
CUR010,2026-01-04T23:37:00,LW,1.0307,Puerto Natales,2026-01-04T23:16:00,0.35
CUR010,2026-01-05T07:02:00,HW,0.8631,Puerto Natales,2026-01-05T06:31:00,0.72
CUR010,2026-01-05T14:10:00,LW,1.0257,Puerto Natales,2026-01-05T13:49:00,0.36
CUR010,2026-01-05T19:37:00,HW,0.9767,Puerto Natales,2026-01-05T19:06:00,0.46
CUR010,2026-01-06T00:22:00,LW,1.0358,Puerto Natales,2026-01-06T00:01:00,0.34
CUR010,2026-01-06T07:50:00,HW,0.8877,Puerto Natales,2026-01-06T07:19:00,0.66
CUR010,2026-01-06T15:01:00,LW,1.041,Puerto Natales,2026-01-06T14:40:00,0.33
CUR010,2026-01-06T20:48:00,HW,0.9959,Puerto Natales,2026-01-06T20:17:00,0.42
CUR010,2026-01-07T01:10:00,LW,1.0461,Puerto Natales,2026-01-07T00:49:00,0.32
CUR010,2026-01-07T08:43:00,HW,0.922,Puerto Natales,2026-01-07T08:12:00,0.58
CUR010,2026-01-07T15:56:00,LW,1.0566,Puerto Natales,2026-01-07T15:35:00,0.3
CUR010,2026-01-07T21:59:00,HW,1.0156,Puerto Natales,2026-01-07T21:28:00,0.38
CUR010,2026-01-08T02:29:00,LW,1.0566,Puerto Natales,2026-01-08T02:08:00,0.3
CUR010,2026-01-08T09:43:00,HW,0.958,Puerto Natales,2026-01-08T09:12:00,0.5
CUR010,2026-01-08T16:55:00,LW,1.0725,Puerto Natales,2026-01-08T16:34:00,0.27
CUR010,2026-01-08T23:07:00,HW,1.0257,Puerto Natales,2026-01-08T22:36:00,0.36
CUR010,2026-01-09T04:35:00,LW,1.0671,Puerto Natales,2026-01-09T04:14:00,0.28
CUR010,2026-01-09T10:50:00,HW,1.0008,Puerto Natales,2026-01-09T10:19:00,0.41
CUR010,2026-01-09T17:45:00,LW,1.0887,Puerto Natales,2026-01-09T17:24:00,0.24
CUR010,2026-01-10T00:18:00,HW,1.0206,Puerto Natales,2026-01-09T23:47:00,0.37
CUR010,2026-01-10T06:12:00,LW,1.0832,Puerto Natales,2026-01-10T05:51:00,0.25
CUR010,2026-01-10T11:54:00,HW,1.0307,Puerto Natales,2026-01-10T11:23:00,0.35
CUR010,2026-01-10T18:20:00,LW,1.0996,Puerto Natales,2026-01-10T17:59:00,0.22
CUR010,2026-01-11T01:19:00,HW,1.0057,Puerto Natales,2026-01-11T00:48:00,0.4
CUR010,2026-01-11T07:43:00,LW,1.0941,Puerto Natales,2026-01-11T07:22:00,0.23
CUR010,2026-01-11T12:54:00,HW,1.0513,Puerto Natales,2026-01-11T12:23:00,0.31
CUR010,2026-01-11T18:52:00,LW,1.1108,Puerto Natales,2026-01-11T18:31:00,0.2
CUR010,2026-01-12T02:07:00,HW,0.9863,Puerto Natales,2026-01-12T01:36:00,0.44
CUR010,2026-01-12T08:45:00,LW,1.0996,Puerto Natales,2026-01-12T08:24:00,0.22
CUR010,2026-01-12T13:54:00,HW,1.0513,Puerto Natales,2026-01-12T13:23:00,0.31
CUR010,2026-01-12T19:23:00,LW,1.1108,Puerto Natales,2026-01-12T19:02:00,0.2
CUR010,2026-01-13T02:47:00,HW,0.9626,Puerto Natales,2026-01-13T02:16:00,0.49
CUR010,2026-01-13T09:26:00,LW,1.0887,Puerto Natales,2026-01-13T09:05:00,0.24
CUR010,2026-01-13T14:49:00,HW,1.041,Puerto Natales,2026-01-13T14:18:00,0.33
CUR010,2026-01-13T19:54:00,LW,1.0996,Puerto Natales,2026-01-13T19:33:00,0.22
CUR010,2026-01-14T03:23:00,HW,0.9353,Puerto Natales,2026-01-14T02:52:00,0.55
CUR010,2026-01-14T10:02:00,LW,1.0671,Puerto Natales,2026-01-14T09:41:00,0.28
CUR010,2026-01-14T15:33:00,HW,1.0206,Puerto Natales,2026-01-14T15:02:00,0.37
CUR010,2026-01-14T20:22:00,LW,1.0832,Puerto Natales,2026-01-14T20:01:00,0.25
CUR010,2026-01-15T03:54:00,HW,0.9132,Puerto Natales,2026-01-15T03:23:00,0.6
CUR010,2026-01-15T10:38:00,LW,1.0513,Puerto Natales,2026-01-15T10:17:00,0.31
CUR010,2026-01-15T16:09:00,HW,1.0057,Puerto Natales,2026-01-15T15:38:00,0.4
CUR010,2026-01-15T20:47:00,LW,1.0671,Puerto Natales,2026-01-15T20:26:00,0.28
CUR010,2026-01-16T04:21:00,HW,0.8877,Puerto Natales,2026-01-16T03:50:00,0.66
CUR010,2026-01-16T11:18:00,LW,1.041,Puerto Natales,2026-01-16T10:57:00,0.33
CUR010,2026-01-16T16:40:00,HW,0.9911,Puerto Natales,2026-01-16T16:09:00,0.43
CUR010,2026-01-16T21:12:00,LW,1.0461,Puerto Natales,2026-01-16T20:51:00,0.32
CUR010,2026-01-17T04:48:00,HW,0.8671,Puerto Natales,2026-01-17T04:17:00,0.71
CUR010,2026-01-17T11:59:00,LW,1.0307,Puerto Natales,2026-01-17T11:38:00,0.35
CUR010,2026-01-17T17:06:00,HW,0.9863,Puerto Natales,2026-01-17T16:35:00,0.44
CUR010,2026-01-17T21:41:00,LW,1.0358,Puerto Natales,2026-01-17T21:20:00,0.34
CUR010,2026-01-18T05:16:00,HW,0.8591,Puerto Natales,2026-01-18T04:45:00,0.73
CUR010,2026-01-18T12:36:00,LW,1.0257,Puerto Natales,2026-01-18T12:15:00,0.36
CUR010,2026-01-18T17:28:00,HW,0.9863,Puerto Natales,2026-01-18T16:57:00,0.44
CUR010,2026-01-18T22:19:00,LW,1.0307,Puerto Natales,2026-01-18T21:58:00,0.35
CUR010,2026-01-19T05:49:00,HW,0.8631,Puerto Natales,2026-01-19T05:18:00,0.72
CUR010,2026-01-19T13:04:00,LW,1.0206,Puerto Natales,2026-01-19T12:43:00,0.37
CUR010,2026-01-19T17:48:00,HW,0.9815,Puerto Natales,2026-01-19T17:17:00,0.45
CUR010,2026-01-19T23:04:00,LW,1.0358,Puerto Natales,2026-01-19T22:43:00,0.34
CUR010,2026-01-20T06:26:00,HW,0.8794,Puerto Natales,2026-01-20T05:55:00,0.68
CUR010,2026-01-20T13:26:00,LW,1.0206,Puerto Natales,2026-01-20T13:05:00,0.37
CUR010,2026-01-20T18:11:00,HW,0.9815,Puerto Natales,2026-01-20T17:40:00,0.45
CUR010,2026-01-20T23:55:00,LW,1.0461,Puerto Natales,2026-01-20T23:34:00,0.32
CUR010,2026-01-21T07:09:00,HW,0.9089,Puerto Natales,2026-01-21T06:38:00,0.61
CUR010,2026-01-21T13:48:00,LW,1.0307,Puerto Natales,2026-01-21T13:27:00,0.35
CUR010,2026-01-21T18:48:00,HW,0.9863,Puerto Natales,2026-01-21T18:17:00,0.44
CUR010,2026-01-22T00:53:00,LW,1.0566,Puerto Natales,2026-01-22T00:32:00,0.3
CUR010,2026-01-22T07:59:00,HW,0.9488,Puerto Natales,2026-01-22T07:28:00,0.52
CUR010,2026-01-22T14:17:00,LW,1.041,Puerto Natales,2026-01-22T13:56:00,0.33
CUR010,2026-01-22T20:05:00,HW,0.9959,Puerto Natales,2026-01-22T19:34:00,0.42
CUR010,2026-01-23T02:13:00,LW,1.0671,Puerto Natales,2026-01-23T01:52:00,0.28
CUR010,2026-01-23T09:01:00,HW,0.9815,Puerto Natales,2026-01-23T08:30:00,0.45
CUR010,2026-01-23T14:56:00,LW,1.0566,Puerto Natales,2026-01-23T14:35:00,0.3
CUR010,2026-01-23T21:40:00,HW,1.0008,Puerto Natales,2026-01-23T21:09:00,0.41
CUR010,2026-01-24T04:10:00,LW,1.0725,Puerto Natales,2026-01-24T03:49:00,0.27
CUR010,2026-01-24T10:14:00,HW,1.0107,Puerto Natales,2026-01-24T09:43:00,0.39
CUR010,2026-01-24T15:46:00,LW,1.0725,Puerto Natales,2026-01-24T15:25:00,0.27
CUR010,2026-01-24T23:08:00,HW,0.9959,Puerto Natales,2026-01-24T22:37:00,0.42
CUR010,2026-01-25T05:54:00,LW,1.0832,Puerto Natales,2026-01-25T05:33:00,0.25
CUR010,2026-01-25T11:21:00,HW,1.0307,Puerto Natales,2026-01-25T10:50:00,0.35
CUR010,2026-01-25T16:46:00,LW,1.0887,Puerto Natales,2026-01-25T16:25:00,0.24
CUR010,2026-01-26T00:29:00,HW,0.9767,Puerto Natales,2026-01-25T23:58:00,0.46
CUR010,2026-01-26T07:38:00,LW,1.0887,Puerto Natales,2026-01-26T07:17:00,0.24
CUR010,2026-01-26T12:22:00,HW,1.041,Puerto Natales,2026-01-26T11:51:00,0.33
CUR010,2026-01-26T17:40:00,LW,1.0941,Puerto Natales,2026-01-26T17:19:00,0.23
CUR010,2026-01-27T01:30:00,HW,0.9398,Puerto Natales,2026-01-27T00:59:00,0.54
CUR010,2026-01-27T08:49:00,LW,1.0941,Puerto Natales,2026-01-27T08:28:00,0.23
CUR010,2026-01-27T13:29:00,HW,1.0461,Puerto Natales,2026-01-27T12:58:00,0.32
CUR010,2026-01-27T18:26:00,LW,1.0941,Puerto Natales,2026-01-27T18:05:00,0.23
CUR010,2026-01-28T02:17:00,HW,0.9089,Puerto Natales,2026-01-28T01:46:00,0.61
CUR010,2026-01-28T09:38:00,LW,1.0887,Puerto Natales,2026-01-28T09:17:00,0.24
CUR010,2026-01-28T14:43:00,HW,1.0358,Puerto Natales,2026-01-28T14:12:00,0.34
CUR010,2026-01-28T19:11:00,LW,1.0832,Puerto Natales,2026-01-28T18:50:00,0.25
CUR010,2026-01-29T03:00:00,HW,0.8794,Puerto Natales,2026-01-29T02:29:00,0.68
CUR010,2026-01-29T10:18:00,LW,1.0778,Puerto Natales,2026-01-29T09:57:00,0.26
CUR010,2026-01-29T15:40:00,HW,1.0107,Puerto Natales,2026-01-29T15:09:00,0.39
CUR010,2026-01-29T20:01:00,LW,1.0671,Puerto Natales,2026-01-29T19:40:00,0.28
CUR010,2026-01-30T03:43:00,HW,0.8591,Puerto Natales,2026-01-30T03:12:00,0.73
CUR010,2026-01-30T10:53:00,LW,1.0566,Puerto Natales,2026-01-30T10:32:00,0.3
CUR010,2026-01-30T16:24:00,HW,0.9815,Puerto Natales,2026-01-30T15:53:00,0.45
CUR010,2026-01-30T20:58:00,LW,1.0461,Puerto Natales,2026-01-30T20:37:00,0.32
CUR010,2026-01-31T04:27:00,HW,0.8512,Puerto Natales,2026-01-31T03:56:00,0.75
CUR010,2026-01-31T11:27:00,LW,1.0358,Puerto Natales,2026-01-31T11:06:00,0.34
CUR010,2026-01-31T17:03:00,HW,0.958,Puerto Natales,2026-01-31T16:32:00,0.5
CUR010,2026-01-31T21:55:00,LW,1.0307,Puerto Natales,2026-01-31T21:34:00,0.35
CUR010,2026-02-01T05:12:00,HW,0.8512,Puerto Natales,2026-02-01T04:41:00,0.75
CUR010,2026-02-01T12:05:00,LW,1.0206,Puerto Natales,2026-02-01T11:44:00,0.37
CUR010,2026-02-01T17:44:00,HW,0.9443,Puerto Natales,2026-02-01T17:13:00,0.53
CUR010,2026-02-01T22:46:00,LW,1.0257,Puerto Natales,2026-02-01T22:25:00,0.36
CUR010,2026-02-02T05:56:00,HW,0.8551,Puerto Natales,2026-02-02T05:25:00,0.74
CUR010,2026-02-02T12:47:00,LW,1.0206,Puerto Natales,2026-02-02T12:26:00,0.37
CUR010,2026-02-02T18:29:00,HW,0.9443,Puerto Natales,2026-02-02T17:58:00,0.53
CUR010,2026-02-02T23:31:00,LW,1.0206,Puerto Natales,2026-02-02T23:10:00,0.37
CUR010,2026-02-03T06:39:00,HW,0.8671,Puerto Natales,2026-02-03T06:08:00,0.71
CUR010,2026-02-03T13:29:00,LW,1.0257,Puerto Natales,2026-02-03T13:08:00,0.36
CUR010,2026-02-03T19:23:00,HW,0.958,Puerto Natales,2026-02-03T18:52:00,0.5
CUR010,2026-02-04T00:15:00,LW,1.0257,Puerto Natales,2026-02-03T23:54:00,0.36
CUR010,2026-02-04T07:20:00,HW,0.8961,Puerto Natales,2026-02-04T06:49:00,0.64
CUR010,2026-02-04T14:08:00,LW,1.0358,Puerto Natales,2026-02-04T13:47:00,0.34
CUR010,2026-02-04T20:25:00,HW,0.972,Puerto Natales,2026-02-04T19:54:00,0.47
CUR010,2026-02-05T01:12:00,LW,1.0307,Puerto Natales,2026-02-05T00:51:00,0.35
CUR010,2026-02-05T08:04:00,HW,0.9308,Puerto Natales,2026-02-05T07:33:00,0.56
CUR010,2026-02-05T14:43:00,LW,1.0513,Puerto Natales,2026-02-05T14:22:00,0.31
CUR010,2026-02-05T21:27:00,HW,0.9815,Puerto Natales,2026-02-05T20:56:00,0.45
CUR010,2026-02-06T03:00:00,LW,1.041,Puerto Natales,2026-02-06T02:39:00,0.33
CUR010,2026-02-06T08:55:00,HW,0.9815,Puerto Natales,2026-02-06T08:24:00,0.45
CUR010,2026-02-06T15:13:00,LW,1.0671,Puerto Natales,2026-02-06T14:52:00,0.28
CUR010,2026-02-06T22:28:00,HW,0.9911,Puerto Natales,2026-02-06T21:57:00,0.43
CUR010,2026-02-07T04:46:00,LW,1.0618,Puerto Natales,2026-02-07T04:25:00,0.29
CUR010,2026-02-07T10:03:00,HW,1.0257,Puerto Natales,2026-02-07T09:32:00,0.36
CUR010,2026-02-07T15:43:00,LW,1.0832,Puerto Natales,2026-02-07T15:22:00,0.25
CUR010,2026-02-07T23:35:00,HW,0.9959,Puerto Natales,2026-02-07T23:04:00,0.42
CUR010,2026-02-08T06:26:00,LW,1.0778,Puerto Natales,2026-02-08T06:05:00,0.26
CUR010,2026-02-08T11:16:00,HW,1.0618,Puerto Natales,2026-02-08T10:45:00,0.29
CUR010,2026-02-08T16:26:00,LW,1.0996,Puerto Natales,2026-02-08T16:05:00,0.22
CUR010,2026-02-09T00:41:00,HW,0.9911,Puerto Natales,2026-02-09T00:10:00,0.43
CUR010,2026-02-09T08:11:00,LW,1.0996,Puerto Natales,2026-02-09T07:50:00,0.22
CUR010,2026-02-09T12:21:00,HW,1.0778,Puerto Natales,2026-02-09T11:50:00,0.26
CUR010,2026-02-09T17:28:00,LW,1.1108,Puerto Natales,2026-02-09T17:07:00,0.2
CUR010,2026-02-10T01:35:00,HW,0.9815,Puerto Natales,2026-02-10T01:04:00,0.45
CUR010,2026-02-10T08:55:00,LW,1.0996,Puerto Natales,2026-02-10T08:34:00,0.22
CUR010,2026-02-10T13:27:00,HW,1.0778,Puerto Natales,2026-02-10T12:56:00,0.26
CUR010,2026-02-10T18:19:00,LW,1.1164,Puerto Natales,2026-02-10T17:58:00,0.19
CUR010,2026-02-11T02:15:00,HW,0.9626,Puerto Natales,2026-02-11T01:44:00,0.49
CUR010,2026-02-11T09:24:00,LW,1.0996,Puerto Natales,2026-02-11T09:03:00,0.22
CUR010,2026-02-11T14:36:00,HW,1.0671,Puerto Natales,2026-02-11T14:05:00,0.28
CUR010,2026-02-11T18:55:00,LW,1.1052,Puerto Natales,2026-02-11T18:34:00,0.21
CUR010,2026-02-12T02:47:00,HW,0.9398,Puerto Natales,2026-02-12T02:16:00,0.54
CUR010,2026-02-12T09:52:00,LW,1.0887,Puerto Natales,2026-02-12T09:31:00,0.24
CUR010,2026-02-12T15:28:00,HW,1.0461,Puerto Natales,2026-02-12T14:57:00,0.32
CUR010,2026-02-12T19:25:00,LW,1.0887,Puerto Natales,2026-02-12T19:04:00,0.24
CUR010,2026-02-13T03:13:00,HW,0.9132,Puerto Natales,2026-02-13T02:42:00,0.6
CUR010,2026-02-13T10:23:00,LW,1.0778,Puerto Natales,2026-02-13T10:02:00,0.26
CUR010,2026-02-13T16:08:00,HW,1.0257,Puerto Natales,2026-02-13T15:37:00,0.36
CUR010,2026-02-13T19:55:00,LW,1.0618,Puerto Natales,2026-02-13T19:34:00,0.29
CUR010,2026-02-14T03:38:00,HW,0.8877,Puerto Natales,2026-02-14T03:07:00,0.66
CUR010,2026-02-14T10:53:00,LW,1.0618,Puerto Natales,2026-02-14T10:32:00,0.29
CUR010,2026-02-14T16:38:00,HW,1.0057,Puerto Natales,2026-02-14T16:07:00,0.4
CUR010,2026-02-14T20:31:00,LW,1.041,Puerto Natales,2026-02-14T20:10:00,0.33
CUR010,2026-02-15T04:08:00,HW,0.8712,Puerto Natales,2026-02-15T03:37:00,0.7
CUR010,2026-02-15T11:22:00,LW,1.041,Puerto Natales,2026-02-15T11:01:00,0.33
CUR010,2026-02-15T17:00:00,HW,0.9815,Puerto Natales,2026-02-15T16:29:00,0.45
CUR010,2026-02-15T21:19:00,LW,1.0257,Puerto Natales,2026-02-15T20:58:00,0.36
CUR010,2026-02-16T04:43:00,HW,0.8631,Puerto Natales,2026-02-16T04:12:00,0.72
CUR010,2026-02-16T11:46:00,LW,1.0257,Puerto Natales,2026-02-16T11:25:00,0.36
CUR010,2026-02-16T17:16:00,HW,0.9626,Puerto Natales,2026-02-16T16:45:00,0.49
CUR010,2026-02-16T22:14:00,LW,1.0206,Puerto Natales,2026-02-16T21:53:00,0.37
CUR010,2026-02-17T05:25:00,HW,0.8712,Puerto Natales,2026-02-17T04:54:00,0.7
CUR010,2026-02-17T12:06:00,LW,1.0107,Puerto Natales,2026-02-17T11:45:00,0.39
CUR010,2026-02-17T17:34:00,HW,0.9488,Puerto Natales,2026-02-17T17:03:00,0.52
CUR010,2026-02-17T23:08:00,LW,1.0257,Puerto Natales,2026-02-17T22:47:00,0.36
CUR010,2026-02-18T06:08:00,HW,0.8919,Puerto Natales,2026-02-18T05:37:00,0.65
CUR010,2026-02-18T12:28:00,LW,1.0057,Puerto Natales,2026-02-18T12:07:00,0.4
CUR010,2026-02-18T18:02:00,HW,0.9443,Puerto Natales,2026-02-18T17:31:00,0.53
CUR010,2026-02-19T00:02:00,LW,1.0358,Puerto Natales,2026-02-18T23:41:00,0.34
CUR010,2026-02-19T06:52:00,HW,0.9176,Puerto Natales,2026-02-19T06:21:00,0.59
CUR010,2026-02-19T12:55:00,LW,1.0156,Puerto Natales,2026-02-19T12:34:00,0.38
CUR010,2026-02-19T18:51:00,HW,0.9488,Puerto Natales,2026-02-19T18:20:00,0.52
CUR010,2026-02-20T01:05:00,LW,1.041,Puerto Natales,2026-02-20T00:44:00,0.33
CUR010,2026-02-20T07:35:00,HW,0.9488,Puerto Natales,2026-02-20T07:04:00,0.52
CUR010,2026-02-20T13:29:00,LW,1.0358,Puerto Natales,2026-02-20T13:08:00,0.34
CUR010,2026-02-20T20:09:00,HW,0.9534,Puerto Natales,2026-02-20T19:38:00,0.51
CUR010,2026-02-21T02:41:00,LW,1.0461,Puerto Natales,2026-02-21T02:20:00,0.32
CUR010,2026-02-21T08:22:00,HW,0.9863,Puerto Natales,2026-02-21T07:51:00,0.44
CUR010,2026-02-21T14:07:00,LW,1.0671,Puerto Natales,2026-02-21T13:46:00,0.28
CUR010,2026-02-21T21:30:00,HW,0.9626,Puerto Natales,2026-02-21T20:59:00,0.49
CUR010,2026-02-22T04:30:00,LW,1.0566,Puerto Natales,2026-02-22T04:09:00,0.3
CUR010,2026-02-22T09:23:00,HW,1.0206,Puerto Natales,2026-02-22T08:52:00,0.37
CUR010,2026-02-22T14:48:00,LW,1.0887,Puerto Natales,2026-02-22T14:27:00,0.24
CUR010,2026-02-22T22:47:00,HW,0.958,Puerto Natales,2026-02-22T22:16:00,0.5
CUR010,2026-02-23T06:21:00,LW,1.0778,Puerto Natales,2026-02-23T06:00:00,0.26
CUR010,2026-02-23T10:39:00,HW,1.0566,Puerto Natales,2026-02-23T10:08:00,0.3
CUR010,2026-02-23T15:36:00,LW,1.1052,Puerto Natales,2026-02-23T15:15:00,0.21
CUR010,2026-02-23T23:58:00,HW,0.9443,Puerto Natales,2026-02-23T23:27:00,0.53
CUR010,2026-02-24T08:05:00,LW,1.0996,Puerto Natales,2026-02-24T07:44:00,0.22
CUR010,2026-02-24T11:58:00,HW,1.0725,Puerto Natales,2026-02-24T11:27:00,0.27
CUR010,2026-02-24T16:36:00,LW,1.1052,Puerto Natales,2026-02-24T16:15:00,0.21
CUR010,2026-02-25T00:57:00,HW,0.9264,Puerto Natales,2026-02-25T00:26:00,0.57
CUR010,2026-02-25T08:54:00,LW,1.1108,Puerto Natales,2026-02-25T08:33:00,0.2
CUR010,2026-02-25T13:33:00,HW,1.0725,Puerto Natales,2026-02-25T13:02:00,0.27
CUR010,2026-02-25T17:43:00,LW,1.0996,Puerto Natales,2026-02-25T17:22:00,0.22
CUR010,2026-02-26T01:48:00,HW,0.9089,Puerto Natales,2026-02-26T01:17:00,0.61
CUR010,2026-02-26T09:28:00,LW,1.1108,Puerto Natales,2026-02-26T09:07:00,0.2
CUR010,2026-02-26T14:54:00,HW,1.0461,Puerto Natales,2026-02-26T14:23:00,0.32
CUR010,2026-02-26T18:49:00,LW,1.0832,Puerto Natales,2026-02-26T18:28:00,0.25
CUR010,2026-02-27T02:35:00,HW,0.8919,Puerto Natales,2026-02-27T02:04:00,0.65
CUR010,2026-02-27T09:58:00,LW,1.0941,Puerto Natales,2026-02-27T09:37:00,0.23
CUR010,2026-02-27T15:39:00,HW,1.0156,Puerto Natales,2026-02-27T15:08:00,0.38
CUR010,2026-02-27T19:55:00,LW,1.0671,Puerto Natales,2026-02-27T19:34:00,0.28
CUR010,2026-02-28T03:22:00,HW,0.8794,Puerto Natales,2026-02-28T02:51:00,0.68
CUR010,2026-02-28T10:28:00,LW,1.0671,Puerto Natales,2026-02-28T10:07:00,0.28
CUR010,2026-02-28T16:15:00,HW,0.9815,Puerto Natales,2026-02-28T15:44:00,0.45
CUR010,2026-02-28T21:00:00,LW,1.0513,Puerto Natales,2026-02-28T20:39:00,0.31
CUR010,2026-03-01T04:09:00,HW,0.8712,Puerto Natales,2026-03-01T03:38:00,0.7
CUR010,2026-03-01T11:00:00,LW,1.0461,Puerto Natales,2026-03-01T10:39:00,0.32
CUR010,2026-03-01T16:52:00,HW,0.9534,Puerto Natales,2026-03-01T16:21:00,0.51
CUR010,2026-03-01T21:55:00,LW,1.0358,Puerto Natales,2026-03-01T21:34:00,0.34
CUR010,2026-03-02T04:53:00,HW,0.8671,Puerto Natales,2026-03-02T04:22:00,0.71
CUR010,2026-03-02T11:34:00,LW,1.0307,Puerto Natales,2026-03-02T11:13:00,0.35
CUR010,2026-03-02T17:32:00,HW,0.9398,Puerto Natales,2026-03-02T17:01:00,0.54
CUR010,2026-03-02T22:42:00,LW,1.0206,Puerto Natales,2026-03-02T22:21:00,0.37
CUR010,2026-03-03T05:33:00,HW,0.8712,Puerto Natales,2026-03-03T05:02:00,0.7
CUR010,2026-03-03T12:09:00,LW,1.0257,Puerto Natales,2026-03-03T11:48:00,0.36
CUR010,2026-03-03T18:16:00,HW,0.9308,Puerto Natales,2026-03-03T17:45:00,0.56
CUR010,2026-03-03T23:28:00,LW,1.0156,Puerto Natales,2026-03-03T23:07:00,0.38
CUR010,2026-03-04T06:12:00,HW,0.8835,Puerto Natales,2026-03-04T05:41:00,0.67
CUR010,2026-03-04T12:41:00,LW,1.0257,Puerto Natales,2026-03-04T12:20:00,0.36
CUR010,2026-03-04T19:05:00,HW,0.9308,Puerto Natales,2026-03-04T18:34:00,0.56
CUR010,2026-03-05T00:19:00,LW,1.0107,Puerto Natales,2026-03-04T23:58:00,0.39
CUR010,2026-03-05T06:48:00,HW,0.9132,Puerto Natales,2026-03-05T06:17:00,0.6
CUR010,2026-03-05T13:10:00,LW,1.0358,Puerto Natales,2026-03-05T12:49:00,0.34
CUR010,2026-03-05T19:58:00,HW,0.9398,Puerto Natales,2026-03-05T19:27:00,0.54
CUR010,2026-03-06T01:32:00,LW,1.0156,Puerto Natales,2026-03-06T01:11:00,0.38
CUR010,2026-03-06T07:24:00,HW,0.9488,Puerto Natales,2026-03-06T06:53:00,0.52
CUR010,2026-03-06T13:34:00,LW,1.0461,Puerto Natales,2026-03-06T13:13:00,0.32
CUR010,2026-03-06T20:51:00,HW,0.9488,Puerto Natales,2026-03-06T20:20:00,0.52
CUR010,2026-03-07T03:15:00,LW,1.0307,Puerto Natales,2026-03-07T02:54:00,0.35
CUR010,2026-03-07T07:59:00,HW,0.9959,Puerto Natales,2026-03-07T07:28:00,0.42
CUR010,2026-03-07T13:55:00,LW,1.0671,Puerto Natales,2026-03-07T13:34:00,0.28
CUR010,2026-03-07T21:47:00,HW,0.9626,Puerto Natales,2026-03-07T21:16:00,0.49
CUR010,2026-03-08T04:45:00,LW,1.0513,Puerto Natales,2026-03-08T04:24:00,0.31
CUR010,2026-03-08T08:27:00,HW,1.041,Puerto Natales,2026-03-08T07:56:00,0.33
CUR010,2026-03-08T14:20:00,LW,1.0887,Puerto Natales,2026-03-08T13:59:00,0.24
CUR010,2026-03-08T22:51:00,HW,0.9767,Puerto Natales,2026-03-08T22:20:00,0.46
CUR010,2026-03-09T09:05:00,LW,1.0832,Puerto Natales,2026-03-09T08:44:00,0.25
CUR010,2026-03-09T10:01:00,HW,1.0778,Puerto Natales,2026-03-09T09:30:00,0.26
CUR010,2026-03-09T14:56:00,LW,1.1052,Puerto Natales,2026-03-09T14:35:00,0.21
CUR010,2026-03-09T23:58:00,HW,0.9815,Puerto Natales,2026-03-09T23:27:00,0.45
CUR010,2026-03-10T09:21:00,LW,1.0996,Puerto Natales,2026-03-10T09:00:00,0.22
CUR010,2026-03-10T11:25:00,HW,1.0941,Puerto Natales,2026-03-10T10:54:00,0.23
CUR010,2026-03-10T15:51:00,LW,1.1164,Puerto Natales,2026-03-10T15:30:00,0.19
CUR010,2026-03-11T00:52:00,HW,0.9767,Puerto Natales,2026-03-11T00:21:00,0.46
CUR010,2026-03-11T09:19:00,LW,1.1108,Puerto Natales,2026-03-11T08:58:00,0.2
CUR010,2026-03-11T13:04:00,HW,1.0996,Puerto Natales,2026-03-11T12:33:00,0.22
CUR010,2026-03-11T16:55:00,LW,1.1164,Puerto Natales,2026-03-11T16:34:00,0.19
CUR010,2026-03-12T01:29:00,HW,0.9626,Puerto Natales,2026-03-12T00:58:00,0.49
CUR010,2026-03-12T09:19:00,LW,1.1108,Puerto Natales,2026-03-12T08:58:00,0.2
CUR010,2026-03-12T14:44:00,HW,1.0887,Puerto Natales,2026-03-12T14:13:00,0.24
CUR010,2026-03-12T17:45:00,LW,1.1052,Puerto Natales,2026-03-12T17:24:00,0.21
CUR010,2026-03-13T01:57:00,HW,0.9443,Puerto Natales,2026-03-13T01:26:00,0.53
CUR010,2026-03-13T09:34:00,LW,1.1108,Puerto Natales,2026-03-13T09:13:00,0.2
CUR010,2026-03-13T15:33:00,HW,1.0618,Puerto Natales,2026-03-13T15:02:00,0.29
CUR010,2026-03-13T18:29:00,LW,1.0832,Puerto Natales,2026-03-13T18:08:00,0.25
CUR010,2026-03-14T02:25:00,HW,0.922,Puerto Natales,2026-03-14T01:54:00,0.58
CUR010,2026-03-14T09:55:00,LW,1.0941,Puerto Natales,2026-03-14T09:34:00,0.23
CUR010,2026-03-14T16:03:00,HW,1.0307,Puerto Natales,2026-03-14T15:32:00,0.35
CUR010,2026-03-14T19:17:00,LW,1.0566,Puerto Natales,2026-03-14T18:56:00,0.3
CUR010,2026-03-15T02:58:00,HW,0.9003,Puerto Natales,2026-03-15T02:27:00,0.63
CUR010,2026-03-15T10:17:00,LW,1.0725,Puerto Natales,2026-03-15T09:56:00,0.27
CUR010,2026-03-15T16:21:00,HW,1.0008,Puerto Natales,2026-03-15T15:50:00,0.41
CUR010,2026-03-15T20:18:00,LW,1.041,Puerto Natales,2026-03-15T19:57:00,0.33
CUR010,2026-03-16T03:38:00,HW,0.8877,Puerto Natales,2026-03-16T03:07:00,0.66
CUR010,2026-03-16T10:38:00,LW,1.041,Puerto Natales,2026-03-16T10:17:00,0.33
CUR010,2026-03-16T16:34:00,HW,0.9673,Puerto Natales,2026-03-16T16:03:00,0.48
CUR010,2026-03-16T21:25:00,LW,1.0307,Puerto Natales,2026-03-16T21:04:00,0.35
CUR010,2026-03-17T04:25:00,HW,0.8835,Puerto Natales,2026-03-17T03:54:00,0.67
CUR010,2026-03-17T10:57:00,LW,1.0156,Puerto Natales,2026-03-17T10:36:00,0.38
CUR010,2026-03-17T16:51:00,HW,0.9398,Puerto Natales,2026-03-17T16:20:00,0.54
CUR010,2026-03-17T22:24:00,LW,1.0257,Puerto Natales,2026-03-17T22:03:00,0.36
CUR010,2026-03-18T05:11:00,HW,0.8877,Puerto Natales,2026-03-18T04:40:00,0.66
CUR010,2026-03-18T11:18:00,LW,1.0008,Puerto Natales,2026-03-18T10:57:00,0.41
CUR010,2026-03-18T17:17:00,HW,0.9176,Puerto Natales,2026-03-18T16:46:00,0.59
CUR010,2026-03-18T23:17:00,LW,1.0257,Puerto Natales,2026-03-18T22:56:00,0.36
CUR010,2026-03-19T05:52:00,HW,0.9003,Puerto Natales,2026-03-19T05:21:00,0.63
CUR010,2026-03-19T11:43:00,LW,1.0008,Puerto Natales,2026-03-19T11:22:00,0.41
CUR010,2026-03-19T17:59:00,HW,0.9089,Puerto Natales,2026-03-19T17:28:00,0.61
CUR010,2026-03-20T00:12:00,LW,1.0206,Puerto Natales,2026-03-19T23:51:00,0.37
CUR010,2026-03-20T06:28:00,HW,0.9264,Puerto Natales,2026-03-20T05:57:00,0.57
CUR010,2026-03-20T12:14:00,LW,1.0206,Puerto Natales,2026-03-20T11:53:00,0.37
CUR010,2026-03-20T18:58:00,HW,0.9089,Puerto Natales,2026-03-20T18:27:00,0.61
CUR010,2026-03-21T01:26:00,LW,1.0206,Puerto Natales,2026-03-21T01:05:00,0.37
CUR010,2026-03-21T07:01:00,HW,0.9534,Puerto Natales,2026-03-21T06:30:00,0.51
CUR010,2026-03-21T12:48:00,LW,1.0513,Puerto Natales,2026-03-21T12:27:00,0.31
CUR010,2026-03-21T20:07:00,HW,0.9132,Puerto Natales,2026-03-21T19:36:00,0.6
CUR010,2026-03-22T03:09:00,LW,1.0257,Puerto Natales,2026-03-22T02:48:00,0.36
CUR010,2026-03-22T07:36:00,HW,0.9911,Puerto Natales,2026-03-22T07:05:00,0.43
CUR010,2026-03-22T13:23:00,LW,1.0778,Puerto Natales,2026-03-22T13:02:00,0.26
CUR010,2026-03-22T21:12:00,HW,0.922,Puerto Natales,2026-03-22T20:41:00,0.58
CUR010,2026-03-23T04:45:00,LW,1.0461,Puerto Natales,2026-03-23T04:24:00,0.32
CUR010,2026-03-23T08:29:00,HW,1.0358,Puerto Natales,2026-03-23T07:58:00,0.34
CUR010,2026-03-23T13:59:00,LW,1.0996,Puerto Natales,2026-03-23T13:38:00,0.22
CUR010,2026-03-23T22:16:00,HW,0.9264,Puerto Natales,2026-03-23T21:45:00,0.57
CUR010,2026-03-24T07:02:00,LW,1.0778,Puerto Natales,2026-03-24T06:41:00,0.26
CUR010,2026-03-24T10:16:00,HW,1.0671,Puerto Natales,2026-03-24T09:45:00,0.28
CUR010,2026-03-24T14:41:00,LW,1.1052,Puerto Natales,2026-03-24T14:20:00,0.21
CUR010,2026-03-24T23:21:00,HW,0.9308,Puerto Natales,2026-03-24T22:50:00,0.56
CUR010,2026-03-25T08:05:00,LW,1.1052,Puerto Natales,2026-03-25T07:44:00,0.21
CUR010,2026-03-25T11:58:00,HW,1.0832,Puerto Natales,2026-03-25T11:27:00,0.25
CUR010,2026-03-25T15:51:00,LW,1.0996,Puerto Natales,2026-03-25T15:30:00,0.22
CUR010,2026-03-26T00:24:00,HW,0.9308,Puerto Natales,2026-03-25T23:53:00,0.56
CUR010,2026-03-26T08:38:00,LW,1.122,Puerto Natales,2026-03-26T08:17:00,0.18
CUR010,2026-03-26T13:45:00,HW,1.0725,Puerto Natales,2026-03-26T13:14:00,0.27
CUR010,2026-03-26T17:26:00,LW,1.0941,Puerto Natales,2026-03-26T17:05:00,0.23
CUR010,2026-03-27T01:21:00,HW,0.9264,Puerto Natales,2026-03-27T00:50:00,0.57
CUR010,2026-03-27T09:07:00,LW,1.1164,Puerto Natales,2026-03-27T08:46:00,0.19
CUR010,2026-03-27T14:45:00,HW,1.0461,Puerto Natales,2026-03-27T14:14:00,0.32
CUR010,2026-03-27T18:47:00,LW,1.0832,Puerto Natales,2026-03-27T18:26:00,0.25
CUR010,2026-03-28T02:14:00,HW,0.9176,Puerto Natales,2026-03-28T01:43:00,0.59
CUR010,2026-03-28T09:34:00,LW,1.0996,Puerto Natales,2026-03-28T09:13:00,0.22
CUR010,2026-03-28T15:24:00,HW,1.0156,Puerto Natales,2026-03-28T14:53:00,0.38
CUR010,2026-03-28T20:00:00,LW,1.0725,Puerto Natales,2026-03-28T19:39:00,0.27
CUR010,2026-03-29T03:03:00,HW,0.9046,Puerto Natales,2026-03-29T02:32:00,0.62
CUR010,2026-03-29T10:01:00,LW,1.0778,Puerto Natales,2026-03-29T09:40:00,0.26
CUR010,2026-03-29T16:00:00,HW,0.9815,Puerto Natales,2026-03-29T15:29:00,0.45
CUR010,2026-03-29T21:02:00,LW,1.0566,Puerto Natales,2026-03-29T20:41:00,0.3
CUR010,2026-03-30T03:49:00,HW,0.8961,Puerto Natales,2026-03-30T03:18:00,0.64
CUR010,2026-03-30T10:29:00,LW,1.0618,Puerto Natales,2026-03-30T10:08:00,0.29
CUR010,2026-03-30T16:37:00,HW,0.9534,Puerto Natales,2026-03-30T16:06:00,0.51
CUR010,2026-03-30T21:55:00,LW,1.041,Puerto Natales,2026-03-30T21:34:00,0.33
CUR010,2026-03-31T04:30:00,HW,0.8919,Puerto Natales,2026-03-31T03:59:00,0.65
CUR010,2026-03-31T10:57:00,LW,1.0461,Puerto Natales,2026-03-31T10:36:00,0.32
CUR010,2026-03-31T17:17:00,HW,0.9264,Puerto Natales,2026-03-31T16:46:00,0.57
CUR010,2026-03-31T22:43:00,LW,1.0206,Puerto Natales,2026-03-31T22:22:00,0.37
CUR010,2026-04-01T05:09:00,HW,0.8961,Puerto Natales,2026-04-01T04:38:00,0.64
CUR010,2026-04-01T11:25:00,LW,1.0358,Puerto Natales,2026-04-01T11:04:00,0.34
CUR010,2026-04-01T17:58:00,HW,0.9132,Puerto Natales,2026-04-01T17:27:00,0.6
CUR010,2026-04-01T23:32:00,LW,1.0107,Puerto Natales,2026-04-01T23:11:00,0.39
CUR010,2026-04-02T05:45:00,HW,0.9089,Puerto Natales,2026-04-02T05:14:00,0.61
CUR010,2026-04-02T11:51:00,LW,1.0307,Puerto Natales,2026-04-02T11:30:00,0.35
CUR010,2026-04-02T18:41:00,HW,0.9089,Puerto Natales,2026-04-02T18:10:00,0.61
CUR010,2026-04-03T00:29:00,LW,1.0057,Puerto Natales,2026-04-03T00:08:00,0.4
CUR010,2026-04-03T06:18:00,HW,0.9308,Puerto Natales,2026-04-03T05:47:00,0.56
CUR010,2026-04-03T12:16:00,LW,1.0358,Puerto Natales,2026-04-03T11:55:00,0.34
CUR010,2026-04-03T19:27:00,HW,0.9132,Puerto Natales,2026-04-03T18:56:00,0.6
CUR010,2026-04-04T01:45:00,LW,1.0107,Puerto Natales,2026-04-04T01:24:00,0.39
CUR010,2026-04-04T06:46:00,HW,0.9673,Puerto Natales,2026-04-04T06:15:00,0.48
CUR010,2026-04-04T12:39:00,LW,1.0461,Puerto Natales,2026-04-04T12:18:00,0.32
CUR010,2026-04-04T20:14:00,HW,0.922,Puerto Natales,2026-04-04T19:43:00,0.58
CUR010,2026-04-05T03:10:00,LW,1.0206,Puerto Natales,2026-04-05T02:49:00,0.37
CUR010,2026-04-05T06:57:00,HW,1.0008,Puerto Natales,2026-04-05T06:26:00,0.41
CUR010,2026-04-05T13:03:00,LW,1.0671,Puerto Natales,2026-04-05T12:42:00,0.28
CUR010,2026-04-05T21:06:00,HW,0.9398,Puerto Natales,2026-04-05T20:35:00,0.54
CUR010,2026-04-06T04:35:00,LW,1.041,Puerto Natales,2026-04-06T04:14:00,0.33
CUR010,2026-04-06T06:25:00,HW,1.0358,Puerto Natales,2026-04-06T05:54:00,0.34
CUR010,2026-04-06T13:29:00,LW,1.0941,Puerto Natales,2026-04-06T13:08:00,0.23
CUR010,2026-04-06T22:02:00,HW,0.9534,Puerto Natales,2026-04-06T21:31:00,0.51
CUR010,2026-04-07T13:59:00,LW,1.1108,Puerto Natales,2026-04-07T13:38:00,0.2
CUR010,2026-04-07T22:59:00,HW,0.9673,Puerto Natales,2026-04-07T22:28:00,0.48
CUR010,2026-04-08T14:35:00,LW,1.1164,Puerto Natales,2026-04-08T14:14:00,0.19
CUR010,2026-04-08T23:48:00,HW,0.972,Puerto Natales,2026-04-08T23:17:00,0.47
CUR010,2026-04-09T09:21:00,LW,1.1164,Puerto Natales,2026-04-09T09:00:00,0.19
CUR010,2026-04-09T13:33:00,HW,1.1108,Puerto Natales,2026-04-09T13:02:00,0.2
CUR010,2026-04-09T15:30:00,LW,1.1164,Puerto Natales,2026-04-09T15:09:00,0.19
CUR010,2026-04-10T00:26:00,HW,0.9673,Puerto Natales,2026-04-09T23:55:00,0.48
CUR010,2026-04-10T08:52:00,LW,1.122,Puerto Natales,2026-04-10T08:31:00,0.18
CUR010,2026-04-10T14:51:00,HW,1.0887,Puerto Natales,2026-04-10T14:20:00,0.24
CUR010,2026-04-10T16:47:00,LW,1.0941,Puerto Natales,2026-04-10T16:26:00,0.23
CUR010,2026-04-11T01:03:00,HW,0.958,Puerto Natales,2026-04-11T00:32:00,0.5
CUR010,2026-04-11T08:59:00,LW,1.1164,Puerto Natales,2026-04-11T08:38:00,0.19
CUR010,2026-04-11T15:19:00,HW,1.0618,Puerto Natales,2026-04-11T14:48:00,0.29
CUR010,2026-04-11T17:59:00,LW,1.0778,Puerto Natales,2026-04-11T17:38:00,0.26
CUR010,2026-04-12T01:43:00,HW,0.9443,Puerto Natales,2026-04-12T01:12:00,0.53
CUR010,2026-04-12T09:16:00,LW,1.0996,Puerto Natales,2026-04-12T08:55:00,0.22
CUR010,2026-04-12T15:33:00,HW,1.0257,Puerto Natales,2026-04-12T15:02:00,0.36
CUR010,2026-04-12T19:13:00,LW,1.0618,Puerto Natales,2026-04-12T18:52:00,0.29
CUR010,2026-04-13T02:30:00,HW,0.9264,Puerto Natales,2026-04-13T01:59:00,0.57
CUR010,2026-04-13T09:35:00,LW,1.0671,Puerto Natales,2026-04-13T09:14:00,0.28
CUR010,2026-04-13T15:45:00,HW,0.9911,Puerto Natales,2026-04-13T15:14:00,0.43
CUR010,2026-04-13T20:36:00,LW,1.0461,Puerto Natales,2026-04-13T20:15:00,0.32
CUR010,2026-04-14T03:23:00,HW,0.9132,Puerto Natales,2026-04-14T02:52:00,0.6
CUR010,2026-04-14T09:54:00,LW,1.0307,Puerto Natales,2026-04-14T09:33:00,0.35
CUR010,2026-04-14T16:02:00,HW,0.9488,Puerto Natales,2026-04-14T15:31:00,0.52
CUR010,2026-04-14T21:41:00,LW,1.041,Puerto Natales,2026-04-14T21:20:00,0.33
CUR010,2026-04-15T04:13:00,HW,0.9046,Puerto Natales,2026-04-15T03:42:00,0.62
CUR010,2026-04-15T10:13:00,LW,1.0107,Puerto Natales,2026-04-15T09:52:00,0.39
CUR010,2026-04-15T16:30:00,HW,0.9176,Puerto Natales,2026-04-15T15:59:00,0.59
CUR010,2026-04-15T22:34:00,LW,1.0307,Puerto Natales,2026-04-15T22:13:00,0.35
CUR010,2026-04-16T04:55:00,HW,0.9089,Puerto Natales,2026-04-16T04:24:00,0.61
CUR010,2026-04-16T10:36:00,LW,1.0057,Puerto Natales,2026-04-16T10:15:00,0.4
CUR010,2026-04-16T17:09:00,HW,0.8919,Puerto Natales,2026-04-16T16:38:00,0.65
CUR010,2026-04-16T23:26:00,LW,1.0156,Puerto Natales,2026-04-16T23:05:00,0.38
CUR010,2026-04-17T05:29:00,HW,0.9176,Puerto Natales,2026-04-17T04:58:00,0.59
CUR010,2026-04-17T11:04:00,LW,1.0156,Puerto Natales,2026-04-17T10:43:00,0.38
CUR010,2026-04-17T17:59:00,HW,0.8753,Puerto Natales,2026-04-17T17:28:00,0.69
CUR010,2026-04-18T00:28:00,LW,1.0057,Puerto Natales,2026-04-18T00:07:00,0.4
CUR010,2026-04-18T05:58:00,HW,0.9353,Puerto Natales,2026-04-18T05:27:00,0.55
CUR010,2026-04-18T11:35:00,LW,1.0358,Puerto Natales,2026-04-18T11:14:00,0.34
CUR010,2026-04-18T18:55:00,HW,0.8712,Puerto Natales,2026-04-18T18:24:00,0.7
CUR010,2026-04-19T01:51:00,LW,1.0057,Puerto Natales,2026-04-19T01:30:00,0.4
CUR010,2026-04-19T06:28:00,HW,0.9626,Puerto Natales,2026-04-19T05:57:00,0.49
CUR010,2026-04-19T12:09:00,LW,1.0618,Puerto Natales,2026-04-19T11:48:00,0.29
CUR010,2026-04-19T19:50:00,HW,0.8753,Puerto Natales,2026-04-19T19:19:00,0.69
CUR010,2026-04-20T03:17:00,LW,1.0206,Puerto Natales,2026-04-20T02:56:00,0.37
CUR010,2026-04-20T07:03:00,HW,1.0008,Puerto Natales,2026-04-20T06:32:00,0.41
CUR010,2026-04-20T12:44:00,LW,1.0778,Puerto Natales,2026-04-20T12:23:00,0.26
CUR010,2026-04-20T20:44:00,HW,0.8919,Puerto Natales,2026-04-20T20:13:00,0.65
CUR010,2026-04-21T04:36:00,LW,1.0461,Puerto Natales,2026-04-21T04:15:00,0.32
CUR010,2026-04-21T08:13:00,HW,1.0358,Puerto Natales,2026-04-21T07:42:00,0.34
CUR010,2026-04-21T13:23:00,LW,1.0887,Puerto Natales,2026-04-21T13:02:00,0.24
CUR010,2026-04-21T21:41:00,HW,0.9089,Puerto Natales,2026-04-21T21:10:00,0.61
CUR010,2026-04-22T06:32:00,LW,1.0778,Puerto Natales,2026-04-22T06:11:00,0.26
CUR010,2026-04-22T10:17:00,HW,1.0618,Puerto Natales,2026-04-22T09:46:00,0.29
CUR010,2026-04-22T14:12:00,LW,1.0887,Puerto Natales,2026-04-22T13:51:00,0.24
CUR010,2026-04-22T22:46:00,HW,0.9308,Puerto Natales,2026-04-22T22:15:00,0.56
CUR010,2026-04-23T07:36:00,LW,1.1052,Puerto Natales,2026-04-23T07:15:00,0.21
CUR010,2026-04-23T11:55:00,HW,1.0725,Puerto Natales,2026-04-23T11:24:00,0.27
CUR010,2026-04-23T15:40:00,LW,1.0887,Puerto Natales,2026-04-23T15:19:00,0.24
CUR010,2026-04-23T23:55:00,HW,0.9398,Puerto Natales,2026-04-23T23:24:00,0.54
CUR010,2026-04-24T08:12:00,LW,1.1164,Puerto Natales,2026-04-24T07:51:00,0.19
CUR010,2026-04-24T13:24:00,HW,1.0618,Puerto Natales,2026-04-24T12:53:00,0.29
CUR010,2026-04-24T17:28:00,LW,1.0887,Puerto Natales,2026-04-24T17:07:00,0.24
CUR010,2026-04-25T00:58:00,HW,0.9443,Puerto Natales,2026-04-25T00:27:00,0.53
CUR010,2026-04-25T08:41:00,LW,1.1164,Puerto Natales,2026-04-25T08:20:00,0.19
CUR010,2026-04-25T14:21:00,HW,1.041,Puerto Natales,2026-04-25T13:50:00,0.33
CUR010,2026-04-25T18:50:00,LW,1.0887,Puerto Natales,2026-04-25T18:29:00,0.24
CUR010,2026-04-26T01:52:00,HW,0.9398,Puerto Natales,2026-04-26T01:21:00,0.54
CUR010,2026-04-26T09:05:00,LW,1.1052,Puerto Natales,2026-04-26T08:44:00,0.21
CUR010,2026-04-26T15:03:00,HW,1.0107,Puerto Natales,2026-04-26T14:32:00,0.39
CUR010,2026-04-26T20:03:00,LW,1.0832,Puerto Natales,2026-04-26T19:42:00,0.25
CUR010,2026-04-27T02:41:00,HW,0.9353,Puerto Natales,2026-04-27T02:10:00,0.55
CUR010,2026-04-27T09:27:00,LW,1.0887,Puerto Natales,2026-04-27T09:06:00,0.24
CUR010,2026-04-27T15:42:00,HW,0.9767,Puerto Natales,2026-04-27T15:11:00,0.46
CUR010,2026-04-27T21:05:00,LW,1.0671,Puerto Natales,2026-04-27T20:44:00,0.28
CUR010,2026-04-28T03:26:00,HW,0.9308,Puerto Natales,2026-04-28T02:55:00,0.56
CUR010,2026-04-28T09:50:00,LW,1.0725,Puerto Natales,2026-04-28T09:29:00,0.27
CUR010,2026-04-28T16:19:00,HW,0.9443,Puerto Natales,2026-04-28T15:48:00,0.53
CUR010,2026-04-28T21:59:00,LW,1.0461,Puerto Natales,2026-04-28T21:38:00,0.32
CUR010,2026-04-29T04:07:00,HW,0.9308,Puerto Natales,2026-04-29T03:36:00,0.56
CUR010,2026-04-29T10:14:00,LW,1.0566,Puerto Natales,2026-04-29T09:53:00,0.3
CUR010,2026-04-29T16:57:00,HW,0.9176,Puerto Natales,2026-04-29T16:26:00,0.59
CUR010,2026-04-29T22:47:00,LW,1.0257,Puerto Natales,2026-04-29T22:26:00,0.36
CUR010,2026-04-30T04:46:00,HW,0.9308,Puerto Natales,2026-04-30T04:15:00,0.56
CUR010,2026-04-30T10:39:00,LW,1.0461,Puerto Natales,2026-04-30T10:18:00,0.32
CUR010,2026-04-30T17:35:00,HW,0.9003,Puerto Natales,2026-04-30T17:04:00,0.63
CUR010,2026-04-30T23:36:00,LW,1.0107,Puerto Natales,2026-04-30T23:15:00,0.39
CUR010,2026-05-01T05:22:00,HW,0.9353,Puerto Natales,2026-05-01T04:51:00,0.55
CUR010,2026-05-01T11:05:00,LW,1.041,Puerto Natales,2026-05-01T10:44:00,0.33
CUR010,2026-05-01T18:15:00,HW,0.8919,Puerto Natales,2026-05-01T17:44:00,0.65
CUR010,2026-05-02T00:31:00,LW,1.0057,Puerto Natales,2026-05-02T00:10:00,0.4
CUR010,2026-05-02T05:52:00,HW,0.9534,Puerto Natales,2026-05-02T05:21:00,0.51
CUR010,2026-05-02T11:31:00,LW,1.041,Puerto Natales,2026-05-02T11:10:00,0.33
CUR010,2026-05-02T18:56:00,HW,0.8919,Puerto Natales,2026-05-02T18:25:00,0.65
CUR010,2026-05-03T01:39:00,LW,1.0057,Puerto Natales,2026-05-03T01:18:00,0.4
CUR010,2026-05-03T06:11:00,HW,0.9767,Puerto Natales,2026-05-03T05:40:00,0.46
CUR010,2026-05-03T11:56:00,LW,1.0513,Puerto Natales,2026-05-03T11:35:00,0.31
CUR010,2026-05-03T19:39:00,HW,0.9003,Puerto Natales,2026-05-03T19:08:00,0.63
CUR010,2026-05-04T02:54:00,LW,1.0156,Puerto Natales,2026-05-04T02:33:00,0.38
CUR010,2026-05-04T06:06:00,HW,1.0008,Puerto Natales,2026-05-04T05:35:00,0.41
CUR010,2026-05-04T12:21:00,LW,1.0725,Puerto Natales,2026-05-04T12:00:00,0.27
CUR010,2026-05-04T20:22:00,HW,0.9176,Puerto Natales,2026-05-04T19:51:00,0.59
CUR010,2026-05-05T04:13:00,LW,1.0358,Puerto Natales,2026-05-05T03:52:00,0.34
CUR010,2026-05-05T05:40:00,HW,1.0307,Puerto Natales,2026-05-05T05:09:00,0.35
CUR010,2026-05-05T12:46:00,LW,1.0887,Puerto Natales,2026-05-05T12:25:00,0.24
CUR010,2026-05-05T21:03:00,HW,0.9353,Puerto Natales,2026-05-05T20:32:00,0.55
CUR010,2026-05-06T13:11:00,LW,1.1052,Puerto Natales,2026-05-06T12:50:00,0.21
CUR010,2026-05-06T21:45:00,HW,0.9488,Puerto Natales,2026-05-06T21:14:00,0.52
CUR010,2026-05-07T13:35:00,LW,1.1052,Puerto Natales,2026-05-07T13:14:00,0.21
CUR010,2026-05-07T22:31:00,HW,0.9673,Puerto Natales,2026-05-07T22:00:00,0.48
CUR010,2026-05-08T08:31:00,LW,1.1108,Puerto Natales,2026-05-08T08:10:00,0.2
CUR010,2026-05-08T13:41:00,HW,1.0996,Puerto Natales,2026-05-08T13:10:00,0.22
CUR010,2026-05-08T14:18:00,LW,1.1052,Puerto Natales,2026-05-08T13:57:00,0.21
CUR010,2026-05-08T23:23:00,HW,0.9767,Puerto Natales,2026-05-08T22:52:00,0.46
CUR010,2026-05-09T08:03:00,LW,1.1164,Puerto Natales,2026-05-09T07:42:00,0.19
CUR010,2026-05-09T14:15:00,HW,1.0778,Puerto Natales,2026-05-09T13:44:00,0.26
CUR010,2026-05-09T16:26:00,LW,1.0887,Puerto Natales,2026-05-09T16:05:00,0.24
CUR010,2026-05-10T00:19:00,HW,0.9767,Puerto Natales,2026-05-09T23:48:00,0.46
CUR010,2026-05-10T08:14:00,LW,1.1052,Puerto Natales,2026-05-10T07:53:00,0.21
CUR010,2026-05-10T14:30:00,HW,1.0513,Puerto Natales,2026-05-10T13:59:00,0.31
CUR010,2026-05-10T18:02:00,LW,1.0778,Puerto Natales,2026-05-10T17:41:00,0.26
CUR010,2026-05-11T01:17:00,HW,0.9673,Puerto Natales,2026-05-11T00:46:00,0.48
CUR010,2026-05-11T08:32:00,LW,1.0832,Puerto Natales,2026-05-11T08:11:00,0.25
CUR010,2026-05-11T14:45:00,HW,1.0156,Puerto Natales,2026-05-11T14:14:00,0.38
CUR010,2026-05-11T19:39:00,LW,1.0725,Puerto Natales,2026-05-11T19:18:00,0.27
CUR010,2026-05-12T02:15:00,HW,0.958,Puerto Natales,2026-05-12T01:44:00,0.5
CUR010,2026-05-12T08:51:00,LW,1.0566,Puerto Natales,2026-05-12T08:30:00,0.3
CUR010,2026-05-12T15:07:00,HW,0.9767,Puerto Natales,2026-05-12T14:36:00,0.46
CUR010,2026-05-12T20:54:00,LW,1.0671,Puerto Natales,2026-05-12T20:33:00,0.28
CUR010,2026-05-13T03:10:00,HW,0.9443,Puerto Natales,2026-05-13T02:39:00,0.53
CUR010,2026-05-13T09:09:00,LW,1.0358,Puerto Natales,2026-05-13T08:48:00,0.34
CUR010,2026-05-13T15:39:00,HW,0.9353,Puerto Natales,2026-05-13T15:08:00,0.55
CUR010,2026-05-13T21:50:00,LW,1.0513,Puerto Natales,2026-05-13T21:29:00,0.31
CUR010,2026-05-14T03:55:00,HW,0.9353,Puerto Natales,2026-05-14T03:24:00,0.55
CUR010,2026-05-14T09:30:00,LW,1.0257,Puerto Natales,2026-05-14T09:09:00,0.36
CUR010,2026-05-14T16:18:00,HW,0.8919,Puerto Natales,2026-05-14T15:47:00,0.65
CUR010,2026-05-14T22:43:00,LW,1.0257,Puerto Natales,2026-05-14T22:22:00,0.36
CUR010,2026-05-15T04:31:00,HW,0.9308,Puerto Natales,2026-05-15T04:00:00,0.56
CUR010,2026-05-15T09:54:00,LW,1.0257,Puerto Natales,2026-05-15T09:33:00,0.36
CUR010,2026-05-15T17:02:00,HW,0.8631,Puerto Natales,2026-05-15T16:31:00,0.72
CUR010,2026-05-15T23:39:00,LW,1.0057,Puerto Natales,2026-05-15T23:18:00,0.4
CUR010,2026-05-16T05:03:00,HW,0.9398,Puerto Natales,2026-05-16T04:32:00,0.54
CUR010,2026-05-16T10:24:00,LW,1.0358,Puerto Natales,2026-05-16T10:03:00,0.34
CUR010,2026-05-16T17:49:00,HW,0.8472,Puerto Natales,2026-05-16T17:18:00,0.76
CUR010,2026-05-17T00:43:00,LW,0.9959,Puerto Natales,2026-05-17T00:22:00,0.42
CUR010,2026-05-17T05:35:00,HW,0.9534,Puerto Natales,2026-05-17T05:04:00,0.51
CUR010,2026-05-17T10:59:00,LW,1.0461,Puerto Natales,2026-05-17T10:38:00,0.32
CUR010,2026-05-17T18:37:00,HW,0.8433,Puerto Natales,2026-05-17T18:06:00,0.77
CUR010,2026-05-18T01:53:00,LW,1.0008,Puerto Natales,2026-05-18T01:32:00,0.41
CUR010,2026-05-18T06:12:00,HW,0.972,Puerto Natales,2026-05-18T05:41:00,0.47
CUR010,2026-05-18T11:38:00,LW,1.0566,Puerto Natales,2026-05-18T11:17:00,0.3
CUR010,2026-05-18T19:24:00,HW,0.8551,Puerto Natales,2026-05-18T18:53:00,0.74
CUR010,2026-05-19T02:55:00,LW,1.0206,Puerto Natales,2026-05-19T02:34:00,0.37
CUR010,2026-05-19T07:03:00,HW,0.9959,Puerto Natales,2026-05-19T06:32:00,0.42
CUR010,2026-05-19T12:20:00,LW,1.0618,Puerto Natales,2026-05-19T11:59:00,0.29
CUR010,2026-05-19T20:13:00,HW,0.8794,Puerto Natales,2026-05-19T19:42:00,0.68
CUR010,2026-05-20T03:53:00,LW,1.041,Puerto Natales,2026-05-20T03:32:00,0.33
CUR010,2026-05-20T08:30:00,HW,1.0206,Puerto Natales,2026-05-20T07:59:00,0.37
CUR010,2026-05-20T13:07:00,LW,1.0671,Puerto Natales,2026-05-20T12:46:00,0.28
CUR010,2026-05-20T21:09:00,HW,0.9089,Puerto Natales,2026-05-20T20:38:00,0.61
CUR010,2026-05-21T05:07:00,LW,1.0671,Puerto Natales,2026-05-21T04:46:00,0.28
CUR010,2026-05-21T10:09:00,HW,1.041,Puerto Natales,2026-05-21T09:38:00,0.33
CUR010,2026-05-21T14:06:00,LW,1.0725,Puerto Natales,2026-05-21T13:45:00,0.27
CUR010,2026-05-21T22:16:00,HW,0.9353,Puerto Natales,2026-05-21T21:45:00,0.55
CUR010,2026-05-22T06:52:00,LW,1.0887,Puerto Natales,2026-05-22T06:31:00,0.24
CUR010,2026-05-22T11:31:00,HW,1.0513,Puerto Natales,2026-05-22T11:00:00,0.31
CUR010,2026-05-22T15:46:00,LW,1.0832,Puerto Natales,2026-05-22T15:25:00,0.25
CUR010,2026-05-22T23:28:00,HW,0.9534,Puerto Natales,2026-05-22T22:57:00,0.51
CUR010,2026-05-23T07:39:00,LW,1.1108,Puerto Natales,2026-05-23T07:18:00,0.2
CUR010,2026-05-23T12:51:00,HW,1.0513,Puerto Natales,2026-05-23T12:20:00,0.31
CUR010,2026-05-23T17:30:00,LW,1.0887,Puerto Natales,2026-05-23T17:09:00,0.24
CUR010,2026-05-24T00:31:00,HW,0.9673,Puerto Natales,2026-05-24T00:00:00,0.48
CUR010,2026-05-24T08:05:00,LW,1.1164,Puerto Natales,2026-05-24T07:44:00,0.19
CUR010,2026-05-24T13:54:00,HW,1.0358,Puerto Natales,2026-05-24T13:23:00,0.34
CUR010,2026-05-24T18:54:00,LW,1.0941,Puerto Natales,2026-05-24T18:33:00,0.23
CUR010,2026-05-25T01:26:00,HW,0.972,Puerto Natales,2026-05-25T00:55:00,0.47
CUR010,2026-05-25T08:25:00,LW,1.1108,Puerto Natales,2026-05-25T08:04:00,0.2
CUR010,2026-05-25T14:40:00,HW,1.0057,Puerto Natales,2026-05-25T14:09:00,0.4
CUR010,2026-05-25T20:10:00,LW,1.0887,Puerto Natales,2026-05-25T19:49:00,0.24
CUR010,2026-05-26T02:16:00,HW,0.9767,Puerto Natales,2026-05-26T01:45:00,0.46
CUR010,2026-05-26T08:44:00,LW,1.0996,Puerto Natales,2026-05-26T08:23:00,0.22
CUR010,2026-05-26T15:20:00,HW,0.9673,Puerto Natales,2026-05-26T14:49:00,0.48
CUR010,2026-05-26T21:12:00,LW,1.0725,Puerto Natales,2026-05-26T20:51:00,0.27
CUR010,2026-05-27T03:04:00,HW,0.9767,Puerto Natales,2026-05-27T02:33:00,0.46
CUR010,2026-05-27T09:05:00,LW,1.0832,Puerto Natales,2026-05-27T08:44:00,0.25
CUR010,2026-05-27T15:57:00,HW,0.9353,Puerto Natales,2026-05-27T15:26:00,0.55
CUR010,2026-05-27T22:02:00,LW,1.0566,Puerto Natales,2026-05-27T21:41:00,0.3
CUR010,2026-05-28T03:50:00,HW,0.972,Puerto Natales,2026-05-28T03:19:00,0.47
CUR010,2026-05-28T09:30:00,LW,1.0725,Puerto Natales,2026-05-28T09:09:00,0.27
CUR010,2026-05-28T16:33:00,HW,0.9089,Puerto Natales,2026-05-28T16:02:00,0.61
CUR010,2026-05-28T22:47:00,LW,1.0358,Puerto Natales,2026-05-28T22:26:00,0.34
CUR010,2026-05-29T04:30:00,HW,0.9626,Puerto Natales,2026-05-29T03:59:00,0.49
CUR010,2026-05-29T09:57:00,LW,1.0566,Puerto Natales,2026-05-29T09:36:00,0.3
CUR010,2026-05-29T17:10:00,HW,0.8919,Puerto Natales,2026-05-29T16:39:00,0.65
CUR010,2026-05-29T23:32:00,LW,1.0206,Puerto Natales,2026-05-29T23:11:00,0.37
CUR010,2026-05-30T05:03:00,HW,0.9626,Puerto Natales,2026-05-30T04:32:00,0.49
CUR010,2026-05-30T10:25:00,LW,1.0461,Puerto Natales,2026-05-30T10:04:00,0.32
CUR010,2026-05-30T17:48:00,HW,0.8794,Puerto Natales,2026-05-30T17:17:00,0.68
CUR010,2026-05-31T00:23:00,LW,1.0057,Puerto Natales,2026-05-31T00:02:00,0.4
CUR010,2026-05-31T05:28:00,HW,0.9673,Puerto Natales,2026-05-31T04:57:00,0.48
CUR010,2026-05-31T10:52:00,LW,1.0461,Puerto Natales,2026-05-31T10:31:00,0.32
CUR010,2026-05-31T18:25:00,HW,0.8794,Puerto Natales,2026-05-31T17:54:00,0.68
CUR010,2026-06-01T01:24:00,LW,1.0057,Puerto Natales,2026-06-01T01:03:00,0.4
CUR010,2026-06-01T05:43:00,HW,0.9815,Puerto Natales,2026-06-01T05:12:00,0.45
CUR010,2026-06-01T11:17:00,LW,1.0513,Puerto Natales,2026-06-01T10:56:00,0.31
CUR010,2026-06-01T19:00:00,HW,0.8835,Puerto Natales,2026-06-01T18:29:00,0.67
CUR010,2026-06-02T02:27:00,LW,1.0156,Puerto Natales,2026-06-02T02:06:00,0.38
CUR010,2026-06-02T05:40:00,HW,1.0008,Puerto Natales,2026-06-02T05:09:00,0.41
CUR010,2026-06-02T11:41:00,LW,1.0618,Puerto Natales,2026-06-02T11:20:00,0.29
CUR010,2026-06-02T19:32:00,HW,0.8919,Puerto Natales,2026-06-02T19:01:00,0.65
CUR010,2026-06-03T03:24:00,LW,1.0307,Puerto Natales,2026-06-03T03:03:00,0.35
CUR010,2026-06-03T05:39:00,HW,1.0257,Puerto Natales,2026-06-03T05:08:00,0.36
CUR010,2026-06-03T12:07:00,LW,1.0778,Puerto Natales,2026-06-03T11:46:00,0.26
CUR010,2026-06-03T20:03:00,HW,0.9132,Puerto Natales,2026-06-03T19:32:00,0.6
CUR010,2026-06-04T04:14:00,LW,1.0566,Puerto Natales,2026-06-04T03:53:00,0.3
CUR010,2026-06-04T05:52:00,HW,1.0513,Puerto Natales,2026-06-04T05:21:00,0.31
CUR010,2026-06-04T12:36:00,LW,1.0832,Puerto Natales,2026-06-04T12:15:00,0.25
CUR010,2026-06-04T20:39:00,HW,0.9398,Puerto Natales,2026-06-04T20:08:00,0.54
CUR010,2026-06-05T05:08:00,LW,1.0778,Puerto Natales,2026-06-05T04:47:00,0.26
CUR010,2026-06-05T06:20:00,HW,1.0725,Puerto Natales,2026-06-05T05:49:00,0.27
CUR010,2026-06-05T13:15:00,LW,1.0887,Puerto Natales,2026-06-05T12:54:00,0.24
CUR010,2026-06-05T21:28:00,HW,0.9673,Puerto Natales,2026-06-05T20:57:00,0.48
CUR010,2026-06-06T06:09:00,LW,1.0832,Puerto Natales,2026-06-06T05:48:00,0.25
CUR010,2026-06-06T11:00:00,HW,1.0778,Puerto Natales,2026-06-06T10:29:00,0.26
CUR010,2026-06-06T14:37:00,LW,1.0832,Puerto Natales,2026-06-06T14:16:00,0.25
CUR010,2026-06-06T22:38:00,HW,0.9863,Puerto Natales,2026-06-06T22:07:00,0.44
CUR010,2026-06-07T06:45:00,LW,1.0887,Puerto Natales,2026-06-07T06:24:00,0.24
CUR010,2026-06-07T12:19:00,HW,1.0618,Puerto Natales,2026-06-07T11:48:00,0.29
CUR010,2026-06-07T16:40:00,LW,1.0887,Puerto Natales,2026-06-07T16:19:00,0.24
CUR010,2026-06-07T23:52:00,HW,0.9959,Puerto Natales,2026-06-07T23:21:00,0.42
CUR010,2026-06-08T07:13:00,LW,1.0832,Puerto Natales,2026-06-08T06:52:00,0.25
CUR010,2026-06-08T13:15:00,HW,1.041,Puerto Natales,2026-06-08T12:44:00,0.33
CUR010,2026-06-08T18:26:00,LW,1.0887,Puerto Natales,2026-06-08T18:05:00,0.24
CUR010,2026-06-09T00:58:00,HW,0.9959,Puerto Natales,2026-06-09T00:27:00,0.42
CUR010,2026-06-09T07:37:00,LW,1.0725,Puerto Natales,2026-06-09T07:16:00,0.27
CUR010,2026-06-09T13:59:00,HW,1.0008,Puerto Natales,2026-06-09T13:28:00,0.41
CUR010,2026-06-09T19:58:00,LW,1.0887,Puerto Natales,2026-06-09T19:37:00,0.24
CUR010,2026-06-10T01:56:00,HW,0.9863,Puerto Natales,2026-06-10T01:25:00,0.44
CUR010,2026-06-10T07:57:00,LW,1.0618,Puerto Natales,2026-06-10T07:36:00,0.29
CUR010,2026-06-10T14:40:00,HW,0.958,Puerto Natales,2026-06-10T14:09:00,0.5
CUR010,2026-06-10T21:04:00,LW,1.0725,Puerto Natales,2026-06-10T20:43:00,0.27
CUR010,2026-06-11T02:47:00,HW,0.9767,Puerto Natales,2026-06-11T02:16:00,0.46
CUR010,2026-06-11T08:18:00,LW,1.0513,Puerto Natales,2026-06-11T07:57:00,0.31
CUR010,2026-06-11T15:22:00,HW,0.9132,Puerto Natales,2026-06-11T14:51:00,0.6
CUR010,2026-06-11T21:59:00,LW,1.0513,Puerto Natales,2026-06-11T21:38:00,0.31
CUR010,2026-06-12T03:31:00,HW,0.972,Puerto Natales,2026-06-12T03:00:00,0.47
CUR010,2026-06-12T08:42:00,LW,1.0461,Puerto Natales,2026-06-12T08:21:00,0.32
CUR010,2026-06-12T16:04:00,HW,0.8712,Puerto Natales,2026-06-12T15:33:00,0.7
CUR010,2026-06-12T22:52:00,LW,1.0307,Puerto Natales,2026-06-12T22:31:00,0.35
CUR010,2026-06-13T04:10:00,HW,0.9626,Puerto Natales,2026-06-13T03:39:00,0.49
CUR010,2026-06-13T09:12:00,LW,1.0461,Puerto Natales,2026-06-13T08:51:00,0.32
CUR010,2026-06-13T16:46:00,HW,0.8433,Puerto Natales,2026-06-13T16:15:00,0.77
CUR010,2026-06-13T23:45:00,LW,1.0156,Puerto Natales,2026-06-13T23:24:00,0.38
CUR010,2026-06-14T04:48:00,HW,0.9626,Puerto Natales,2026-06-14T04:17:00,0.49
CUR010,2026-06-14T09:50:00,LW,1.0461,Puerto Natales,2026-06-14T09:29:00,0.32
CUR010,2026-06-14T17:29:00,HW,0.8318,Puerto Natales,2026-06-14T16:58:00,0.8
CUR010,2026-06-15T00:37:00,LW,1.0057,Puerto Natales,2026-06-15T00:16:00,0.4
CUR010,2026-06-15T05:29:00,HW,0.958,Puerto Natales,2026-06-15T04:58:00,0.5
CUR010,2026-06-15T10:34:00,LW,1.041,Puerto Natales,2026-06-15T10:13:00,0.33
CUR010,2026-06-15T18:13:00,HW,0.8356,Puerto Natales,2026-06-15T17:42:00,0.79
CUR010,2026-06-16T01:27:00,LW,1.0057,Puerto Natales,2026-06-16T01:06:00,0.4
CUR010,2026-06-16T06:14:00,HW,0.9673,Puerto Natales,2026-06-16T05:43:00,0.48
CUR010,2026-06-16T11:22:00,LW,1.041,Puerto Natales,2026-06-16T11:01:00,0.33
CUR010,2026-06-16T18:58:00,HW,0.8512,Puerto Natales,2026-06-16T18:27:00,0.75
CUR010,2026-06-17T02:15:00,LW,1.0206,Puerto Natales,2026-06-17T01:54:00,0.37
CUR010,2026-06-17T07:10:00,HW,0.9767,Puerto Natales,2026-06-17T06:39:00,0.46
CUR010,2026-06-17T12:11:00,LW,1.041,Puerto Natales,2026-06-17T11:50:00,0.33
CUR010,2026-06-17T19:47:00,HW,0.8794,Puerto Natales,2026-06-17T19:16:00,0.68
CUR010,2026-06-18T03:05:00,LW,1.0358,Puerto Natales,2026-06-18T02:44:00,0.34
CUR010,2026-06-18T08:27:00,HW,1.0008,Puerto Natales,2026-06-18T07:56:00,0.41
CUR010,2026-06-18T13:01:00,LW,1.0513,Puerto Natales,2026-06-18T12:40:00,0.31
CUR010,2026-06-18T20:42:00,HW,0.9089,Puerto Natales,2026-06-18T20:11:00,0.61
CUR010,2026-06-19T04:06:00,LW,1.0566,Puerto Natales,2026-06-19T03:45:00,0.3
CUR010,2026-06-19T09:48:00,HW,1.0206,Puerto Natales,2026-06-19T09:17:00,0.37
CUR010,2026-06-19T14:04:00,LW,1.0618,Puerto Natales,2026-06-19T13:43:00,0.29
CUR010,2026-06-19T21:46:00,HW,0.9398,Puerto Natales,2026-06-19T21:15:00,0.54
CUR010,2026-06-20T05:31:00,LW,1.0778,Puerto Natales,2026-06-20T05:10:00,0.26
CUR010,2026-06-20T11:02:00,HW,1.0358,Puerto Natales,2026-06-20T10:31:00,0.34
CUR010,2026-06-20T15:53:00,LW,1.0725,Puerto Natales,2026-06-20T15:32:00,0.27
CUR010,2026-06-20T22:56:00,HW,0.9673,Puerto Natales,2026-06-20T22:25:00,0.48
CUR010,2026-06-21T06:38:00,LW,1.0941,Puerto Natales,2026-06-21T06:17:00,0.23
CUR010,2026-06-21T12:18:00,HW,1.0358,Puerto Natales,2026-06-21T11:47:00,0.34
CUR010,2026-06-21T17:34:00,LW,1.0832,Puerto Natales,2026-06-21T17:13:00,0.25
CUR010,2026-06-22T00:00:00,HW,0.9911,Puerto Natales,2026-06-21T23:29:00,0.43
CUR010,2026-06-22T07:07:00,LW,1.1052,Puerto Natales,2026-06-22T06:46:00,0.21
CUR010,2026-06-22T13:24:00,HW,1.0206,Puerto Natales,2026-06-22T12:53:00,0.37
CUR010,2026-06-22T19:04:00,LW,1.0941,Puerto Natales,2026-06-22T18:43:00,0.23
CUR010,2026-06-23T00:57:00,HW,1.0107,Puerto Natales,2026-06-23T00:26:00,0.39
CUR010,2026-06-23T07:30:00,LW,1.1108,Puerto Natales,2026-06-23T07:09:00,0.2
CUR010,2026-06-23T14:13:00,HW,0.9911,Puerto Natales,2026-06-23T13:42:00,0.43
CUR010,2026-06-23T20:22:00,LW,1.0941,Puerto Natales,2026-06-23T20:01:00,0.23
CUR010,2026-06-24T01:54:00,HW,1.0206,Puerto Natales,2026-06-24T01:23:00,0.37
CUR010,2026-06-24T07:53:00,LW,1.1052,Puerto Natales,2026-06-24T07:32:00,0.21
CUR010,2026-06-24T14:54:00,HW,0.9626,Puerto Natales,2026-06-24T14:23:00,0.49
CUR010,2026-06-24T21:18:00,LW,1.0887,Puerto Natales,2026-06-24T20:57:00,0.24
CUR010,2026-06-25T02:50:00,HW,1.0206,Puerto Natales,2026-06-25T02:19:00,0.37
CUR010,2026-06-25T08:19:00,LW,1.0941,Puerto Natales,2026-06-25T07:58:00,0.23
CUR010,2026-06-25T15:32:00,HW,0.9353,Puerto Natales,2026-06-25T15:01:00,0.55
CUR010,2026-06-25T22:01:00,LW,1.0671,Puerto Natales,2026-06-25T21:40:00,0.28
CUR010,2026-06-26T03:37:00,HW,1.0057,Puerto Natales,2026-06-26T03:06:00,0.4
CUR010,2026-06-26T08:48:00,LW,1.0832,Puerto Natales,2026-06-26T08:27:00,0.25
CUR010,2026-06-26T16:09:00,HW,0.9089,Puerto Natales,2026-06-26T15:38:00,0.61
CUR010,2026-06-26T22:40:00,LW,1.0461,Puerto Natales,2026-06-26T22:19:00,0.32
CUR010,2026-06-27T04:15:00,HW,0.9911,Puerto Natales,2026-06-27T03:44:00,0.43
CUR010,2026-06-27T09:18:00,LW,1.0671,Puerto Natales,2026-06-27T08:57:00,0.28
CUR010,2026-06-27T16:44:00,HW,0.8919,Puerto Natales,2026-06-27T16:13:00,0.65
CUR010,2026-06-27T23:22:00,LW,1.0307,Puerto Natales,2026-06-27T23:01:00,0.35
CUR010,2026-06-28T04:45:00,HW,0.9815,Puerto Natales,2026-06-28T04:14:00,0.45
CUR010,2026-06-28T09:46:00,LW,1.0566,Puerto Natales,2026-06-28T09:25:00,0.3
CUR010,2026-06-28T17:17:00,HW,0.8753,Puerto Natales,2026-06-28T16:46:00,0.69
CUR010,2026-06-29T00:08:00,LW,1.0156,Puerto Natales,2026-06-28T23:47:00,0.38
CUR010,2026-06-29T05:11:00,HW,0.9815,Puerto Natales,2026-06-29T04:40:00,0.45
CUR010,2026-06-29T10:12:00,LW,1.0461,Puerto Natales,2026-06-29T09:51:00,0.32
CUR010,2026-06-29T17:47:00,HW,0.8671,Puerto Natales,2026-06-29T17:16:00,0.71
CUR010,2026-06-30T00:58:00,LW,1.0156,Puerto Natales,2026-06-30T00:37:00,0.38
CUR010,2026-06-30T05:31:00,HW,0.9863,Puerto Natales,2026-06-30T05:00:00,0.44
CUR010,2026-06-30T10:38:00,LW,1.0461,Puerto Natales,2026-06-30T10:17:00,0.32
CUR010,2026-06-30T18:15:00,HW,0.8671,Puerto Natales,2026-06-30T17:44:00,0.71
CUR010,2026-07-01T01:43:00,LW,1.0206,Puerto Natales,2026-07-01T01:22:00,0.37
CUR010,2026-07-01T05:46:00,HW,0.9959,Puerto Natales,2026-07-01T05:15:00,0.42
CUR010,2026-07-01T11:07:00,LW,1.0461,Puerto Natales,2026-07-01T10:46:00,0.32
CUR010,2026-07-01T18:44:00,HW,0.8794,Puerto Natales,2026-07-01T18:13:00,0.68
CUR010,2026-07-02T02:16:00,LW,1.0307,Puerto Natales,2026-07-02T01:55:00,0.35
CUR010,2026-07-02T06:02:00,HW,1.0107,Puerto Natales,2026-07-02T05:31:00,0.39
CUR010,2026-07-02T11:43:00,LW,1.0513,Puerto Natales,2026-07-02T11:22:00,0.31
CUR010,2026-07-02T19:16:00,HW,0.9046,Puerto Natales,2026-07-02T18:45:00,0.62
CUR010,2026-07-03T02:40:00,LW,1.041,Puerto Natales,2026-07-03T02:19:00,0.33
CUR010,2026-07-03T06:30:00,HW,1.0206,Puerto Natales,2026-07-03T05:59:00,0.37
CUR010,2026-07-03T12:26:00,LW,1.0618,Puerto Natales,2026-07-03T12:05:00,0.29
CUR010,2026-07-03T19:56:00,HW,0.9353,Puerto Natales,2026-07-03T19:25:00,0.55
CUR010,2026-07-04T03:00:00,LW,1.0513,Puerto Natales,2026-07-04T02:39:00,0.31
CUR010,2026-07-04T07:27:00,HW,1.0307,Puerto Natales,2026-07-04T06:56:00,0.35
CUR010,2026-07-04T13:25:00,LW,1.0725,Puerto Natales,2026-07-04T13:04:00,0.27
CUR010,2026-07-04T20:51:00,HW,0.972,Puerto Natales,2026-07-04T20:20:00,0.47
CUR010,2026-07-05T03:29:00,LW,1.0618,Puerto Natales,2026-07-05T03:08:00,0.29
CUR010,2026-07-05T09:30:00,HW,1.0358,Puerto Natales,2026-07-05T08:59:00,0.34
CUR010,2026-07-05T15:03:00,LW,1.0778,Puerto Natales,2026-07-05T14:42:00,0.26
CUR010,2026-07-05T22:08:00,HW,1.0008,Puerto Natales,2026-07-05T21:37:00,0.41
CUR010,2026-07-06T04:17:00,LW,1.0671,Puerto Natales,2026-07-06T03:56:00,0.28
CUR010,2026-07-06T10:55:00,HW,1.0358,Puerto Natales,2026-07-06T10:24:00,0.34
CUR010,2026-07-06T17:01:00,LW,1.0887,Puerto Natales,2026-07-06T16:40:00,0.24
CUR010,2026-07-06T23:25:00,HW,1.0156,Puerto Natales,2026-07-06T22:54:00,0.38
CUR010,2026-07-07T05:24:00,LW,1.0725,Puerto Natales,2026-07-07T05:03:00,0.27
CUR010,2026-07-07T12:21:00,HW,1.0156,Puerto Natales,2026-07-07T11:50:00,0.38
CUR010,2026-07-07T18:45:00,LW,1.0941,Puerto Natales,2026-07-07T18:24:00,0.23
CUR010,2026-07-08T00:28:00,HW,1.0206,Puerto Natales,2026-07-07T23:57:00,0.37
CUR010,2026-07-08T06:16:00,LW,1.0778,Puerto Natales,2026-07-08T05:55:00,0.26
CUR010,2026-07-08T13:28:00,HW,0.9815,Puerto Natales,2026-07-08T12:57:00,0.45
CUR010,2026-07-08T20:12:00,LW,1.0887,Puerto Natales,2026-07-08T19:51:00,0.24
CUR010,2026-07-09T01:24:00,HW,1.0206,Puerto Natales,2026-07-09T00:53:00,0.37
CUR010,2026-07-09T06:51:00,LW,1.0778,Puerto Natales,2026-07-09T06:30:00,0.26
CUR010,2026-07-09T14:18:00,HW,0.9353,Puerto Natales,2026-07-09T13:47:00,0.55
CUR010,2026-07-09T21:15:00,LW,1.0832,Puerto Natales,2026-07-09T20:54:00,0.25
CUR010,2026-07-10T02:21:00,HW,1.0156,Puerto Natales,2026-07-10T01:50:00,0.38
CUR010,2026-07-10T07:23:00,LW,1.0778,Puerto Natales,2026-07-10T07:02:00,0.26
CUR010,2026-07-10T15:01:00,HW,0.8919,Puerto Natales,2026-07-10T14:30:00,0.65
CUR010,2026-07-10T22:07:00,LW,1.0671,Puerto Natales,2026-07-10T21:46:00,0.28
CUR010,2026-07-11T03:16:00,HW,1.0057,Puerto Natales,2026-07-11T02:45:00,0.4
CUR010,2026-07-11T07:58:00,LW,1.0671,Puerto Natales,2026-07-11T07:37:00,0.28
CUR010,2026-07-11T15:42:00,HW,0.8591,Puerto Natales,2026-07-11T15:11:00,0.73
CUR010,2026-07-11T22:52:00,LW,1.0461,Puerto Natales,2026-07-11T22:31:00,0.32
CUR010,2026-07-12T04:04:00,HW,0.9911,Puerto Natales,2026-07-12T03:33:00,0.43
CUR010,2026-07-12T08:40:00,LW,1.0513,Puerto Natales,2026-07-12T08:19:00,0.31
CUR010,2026-07-12T16:24:00,HW,0.8394,Puerto Natales,2026-07-12T15:53:00,0.78
CUR010,2026-07-12T23:32:00,LW,1.0257,Puerto Natales,2026-07-12T23:11:00,0.36
CUR010,2026-07-13T04:47:00,HW,0.9673,Puerto Natales,2026-07-13T04:16:00,0.48
CUR010,2026-07-13T09:32:00,LW,1.041,Puerto Natales,2026-07-13T09:11:00,0.33
CUR010,2026-07-13T17:07:00,HW,0.8356,Puerto Natales,2026-07-13T16:36:00,0.79
CUR010,2026-07-14T00:10:00,LW,1.0156,Puerto Natales,2026-07-13T23:49:00,0.38
CUR010,2026-07-14T05:29:00,HW,0.9534,Puerto Natales,2026-07-14T04:58:00,0.51
CUR010,2026-07-14T10:27:00,LW,1.0307,Puerto Natales,2026-07-14T10:06:00,0.35
CUR010,2026-07-14T17:51:00,HW,0.8433,Puerto Natales,2026-07-14T17:20:00,0.77
CUR010,2026-07-15T00:50:00,LW,1.0107,Puerto Natales,2026-07-15T00:29:00,0.39
CUR010,2026-07-15T06:13:00,HW,0.9488,Puerto Natales,2026-07-15T05:42:00,0.52
CUR010,2026-07-15T11:19:00,LW,1.0257,Puerto Natales,2026-07-15T10:58:00,0.36
CUR010,2026-07-15T18:37:00,HW,0.8591,Puerto Natales,2026-07-15T18:06:00,0.73
CUR010,2026-07-16T01:34:00,LW,1.0156,Puerto Natales,2026-07-16T01:13:00,0.38
CUR010,2026-07-16T07:06:00,HW,0.958,Puerto Natales,2026-07-16T06:35:00,0.5
CUR010,2026-07-16T12:07:00,LW,1.0307,Puerto Natales,2026-07-16T11:46:00,0.35
CUR010,2026-07-16T19:24:00,HW,0.8794,Puerto Natales,2026-07-16T18:53:00,0.68
CUR010,2026-07-17T02:21:00,LW,1.0307,Puerto Natales,2026-07-17T02:00:00,0.35
CUR010,2026-07-17T08:13:00,HW,0.9767,Puerto Natales,2026-07-17T07:42:00,0.46
CUR010,2026-07-17T12:57:00,LW,1.0358,Puerto Natales,2026-07-17T12:36:00,0.34
CUR010,2026-07-17T20:13:00,HW,0.9089,Puerto Natales,2026-07-17T19:42:00,0.61
CUR010,2026-07-18T03:11:00,LW,1.0461,Puerto Natales,2026-07-18T02:50:00,0.32
CUR010,2026-07-18T09:24:00,HW,0.9959,Puerto Natales,2026-07-18T08:53:00,0.42
CUR010,2026-07-18T14:08:00,LW,1.0461,Puerto Natales,2026-07-18T13:47:00,0.32
CUR010,2026-07-18T21:10:00,HW,0.9488,Puerto Natales,2026-07-18T20:39:00,0.52
CUR010,2026-07-19T04:03:00,LW,1.0671,Puerto Natales,2026-07-19T03:42:00,0.28
CUR010,2026-07-19T10:32:00,HW,1.0057,Puerto Natales,2026-07-19T10:01:00,0.4
CUR010,2026-07-19T16:07:00,LW,1.0618,Puerto Natales,2026-07-19T15:46:00,0.29
CUR010,2026-07-19T22:17:00,HW,0.9911,Puerto Natales,2026-07-19T21:46:00,0.43
CUR010,2026-07-20T04:56:00,LW,1.0832,Puerto Natales,2026-07-20T04:35:00,0.25
CUR010,2026-07-20T11:41:00,HW,1.0057,Puerto Natales,2026-07-20T11:10:00,0.4
CUR010,2026-07-20T17:45:00,LW,1.0778,Puerto Natales,2026-07-20T17:24:00,0.26
CUR010,2026-07-20T23:26:00,HW,1.0257,Puerto Natales,2026-07-20T22:55:00,0.36
CUR010,2026-07-21T05:42:00,LW,1.0941,Puerto Natales,2026-07-21T05:21:00,0.23
CUR010,2026-07-21T12:48:00,HW,0.9959,Puerto Natales,2026-07-21T12:17:00,0.42
CUR010,2026-07-21T19:24:00,LW,1.0941,Puerto Natales,2026-07-21T19:03:00,0.23
CUR010,2026-07-22T00:32:00,HW,1.0513,Puerto Natales,2026-07-22T00:01:00,0.31
CUR010,2026-07-22T06:21:00,LW,1.1052,Puerto Natales,2026-07-22T06:00:00,0.21
CUR010,2026-07-22T13:42:00,HW,0.9815,Puerto Natales,2026-07-22T13:11:00,0.45
CUR010,2026-07-22T20:37:00,LW,1.1052,Puerto Natales,2026-07-22T20:16:00,0.21
CUR010,2026-07-23T01:38:00,HW,1.0618,Puerto Natales,2026-07-23T01:07:00,0.29
CUR010,2026-07-23T06:57:00,LW,1.1108,Puerto Natales,2026-07-23T06:36:00,0.2
CUR010,2026-07-23T14:26:00,HW,0.958,Puerto Natales,2026-07-23T13:55:00,0.5
CUR010,2026-07-23T21:21:00,LW,1.0996,Puerto Natales,2026-07-23T21:00:00,0.22
CUR010,2026-07-24T02:39:00,HW,1.0566,Puerto Natales,2026-07-24T02:08:00,0.3
CUR010,2026-07-24T07:32:00,LW,1.1052,Puerto Natales,2026-07-24T07:11:00,0.21
CUR010,2026-07-24T15:06:00,HW,0.9353,Puerto Natales,2026-07-24T14:35:00,0.55
CUR010,2026-07-24T21:56:00,LW,1.0832,Puerto Natales,2026-07-24T21:35:00,0.25
CUR010,2026-07-25T03:25:00,HW,1.0358,Puerto Natales,2026-07-25T02:54:00,0.34
CUR010,2026-07-25T08:04:00,LW,1.0941,Puerto Natales,2026-07-25T07:43:00,0.23
CUR010,2026-07-25T15:40:00,HW,0.9132,Puerto Natales,2026-07-25T15:09:00,0.6
CUR010,2026-07-25T22:30:00,LW,1.0618,Puerto Natales,2026-07-25T22:09:00,0.29
CUR010,2026-07-26T04:03:00,HW,1.0156,Puerto Natales,2026-07-26T03:32:00,0.38
CUR010,2026-07-26T08:34:00,LW,1.0725,Puerto Natales,2026-07-26T08:13:00,0.27
CUR010,2026-07-26T16:11:00,HW,0.8919,Puerto Natales,2026-07-26T15:40:00,0.65
CUR010,2026-07-26T23:06:00,LW,1.0461,Puerto Natales,2026-07-26T22:45:00,0.32
CUR010,2026-07-27T04:37:00,HW,1.0008,Puerto Natales,2026-07-27T04:06:00,0.41
CUR010,2026-07-27T09:02:00,LW,1.0566,Puerto Natales,2026-07-27T08:41:00,0.3
CUR010,2026-07-27T16:38:00,HW,0.8753,Puerto Natales,2026-07-27T16:07:00,0.69
CUR010,2026-07-27T23:43:00,LW,1.0358,Puerto Natales,2026-07-27T23:22:00,0.34
CUR010,2026-07-28T05:06:00,HW,0.9911,Puerto Natales,2026-07-28T04:35:00,0.43
CUR010,2026-07-28T09:32:00,LW,1.0358,Puerto Natales,2026-07-28T09:11:00,0.34
CUR010,2026-07-28T17:05:00,HW,0.8631,Puerto Natales,2026-07-28T16:34:00,0.72
CUR010,2026-07-29T00:18:00,LW,1.0257,Puerto Natales,2026-07-28T23:57:00,0.36
CUR010,2026-07-29T05:30:00,HW,0.9815,Puerto Natales,2026-07-29T04:59:00,0.45
CUR010,2026-07-29T10:08:00,LW,1.0307,Puerto Natales,2026-07-29T09:47:00,0.35
CUR010,2026-07-29T17:34:00,HW,0.8671,Puerto Natales,2026-07-29T17:03:00,0.71
CUR010,2026-07-30T00:46:00,LW,1.0206,Puerto Natales,2026-07-30T00:25:00,0.37
CUR010,2026-07-30T05:48:00,HW,0.9815,Puerto Natales,2026-07-30T05:17:00,0.45
CUR010,2026-07-30T10:51:00,LW,1.0307,Puerto Natales,2026-07-30T10:30:00,0.35
CUR010,2026-07-30T18:08:00,HW,0.8794,Puerto Natales,2026-07-30T17:37:00,0.68
CUR010,2026-07-31T01:07:00,LW,1.0206,Puerto Natales,2026-07-31T00:46:00,0.37
CUR010,2026-07-31T06:05:00,HW,0.9767,Puerto Natales,2026-07-31T05:34:00,0.46
CUR010,2026-07-31T11:38:00,LW,1.0358,Puerto Natales,2026-07-31T11:17:00,0.34
CUR010,2026-07-31T18:47:00,HW,0.9089,Puerto Natales,2026-07-31T18:16:00,0.61
CUR010,2026-08-01T01:26:00,LW,1.0257,Puerto Natales,2026-08-01T01:05:00,0.36
CUR010,2026-08-01T06:31:00,HW,0.9815,Puerto Natales,2026-08-01T06:00:00,0.45
CUR010,2026-08-01T12:31:00,LW,1.0461,Puerto Natales,2026-08-01T12:10:00,0.32
CUR010,2026-08-01T19:32:00,HW,0.9398,Puerto Natales,2026-08-01T19:01:00,0.54
CUR010,2026-08-02T01:51:00,LW,1.0358,Puerto Natales,2026-08-02T01:30:00,0.34
CUR010,2026-08-02T07:26:00,HW,0.9911,Puerto Natales,2026-08-02T06:55:00,0.43
CUR010,2026-08-02T13:40:00,LW,1.0566,Puerto Natales,2026-08-02T13:19:00,0.3
CUR010,2026-08-02T20:25:00,HW,0.9767,Puerto Natales,2026-08-02T19:54:00,0.46
CUR010,2026-08-03T02:24:00,LW,1.0513,Puerto Natales,2026-08-03T02:03:00,0.31
CUR010,2026-08-03T08:59:00,HW,0.9959,Puerto Natales,2026-08-03T08:28:00,0.42
CUR010,2026-08-03T15:31:00,LW,1.0671,Puerto Natales,2026-08-03T15:10:00,0.28
CUR010,2026-08-03T21:32:00,HW,1.0057,Puerto Natales,2026-08-03T21:01:00,0.4
CUR010,2026-08-04T03:07:00,LW,1.0725,Puerto Natales,2026-08-04T02:46:00,0.27
CUR010,2026-08-04T10:27:00,HW,0.9959,Puerto Natales,2026-08-04T09:56:00,0.42
CUR010,2026-08-04T17:20:00,LW,1.0778,Puerto Natales,2026-08-04T16:59:00,0.26
CUR010,2026-08-04T22:43:00,HW,1.0358,Puerto Natales,2026-08-04T22:12:00,0.34
CUR010,2026-08-05T03:59:00,LW,1.0887,Puerto Natales,2026-08-05T03:38:00,0.24
CUR010,2026-08-05T11:51:00,HW,0.9815,Puerto Natales,2026-08-05T11:20:00,0.45
CUR010,2026-08-05T19:10:00,LW,1.0887,Puerto Natales,2026-08-05T18:49:00,0.24
CUR010,2026-08-05T23:48:00,HW,1.0513,Puerto Natales,2026-08-05T23:17:00,0.31
CUR010,2026-08-06T04:55:00,LW,1.0941,Puerto Natales,2026-08-06T04:34:00,0.23
CUR010,2026-08-06T12:58:00,HW,0.9488,Puerto Natales,2026-08-06T12:27:00,0.52
CUR010,2026-08-06T20:31:00,LW,1.0996,Puerto Natales,2026-08-06T20:10:00,0.22
CUR010,2026-08-07T00:55:00,HW,1.0566,Puerto Natales,2026-08-07T00:24:00,0.3
CUR010,2026-08-07T05:47:00,LW,1.0996,Puerto Natales,2026-08-07T05:26:00,0.22
CUR010,2026-08-07T13:49:00,HW,0.9176,Puerto Natales,2026-08-07T13:18:00,0.59
CUR010,2026-08-07T21:23:00,LW,1.0996,Puerto Natales,2026-08-07T21:02:00,0.22
CUR010,2026-08-08T02:15:00,HW,1.0513,Puerto Natales,2026-08-08T01:44:00,0.31
CUR010,2026-08-08T06:36:00,LW,1.0887,Puerto Natales,2026-08-08T06:15:00,0.24
CUR010,2026-08-08T14:34:00,HW,0.8877,Puerto Natales,2026-08-08T14:03:00,0.66
CUR010,2026-08-08T22:01:00,LW,1.0832,Puerto Natales,2026-08-08T21:40:00,0.25
CUR010,2026-08-09T03:21:00,HW,1.0257,Puerto Natales,2026-08-09T02:50:00,0.36
CUR010,2026-08-09T07:29:00,LW,1.0725,Puerto Natales,2026-08-09T07:08:00,0.27
CUR010,2026-08-09T15:17:00,HW,0.8671,Puerto Natales,2026-08-09T14:46:00,0.71
CUR010,2026-08-09T22:34:00,LW,1.0618,Puerto Natales,2026-08-09T22:13:00,0.29
CUR010,2026-08-10T04:05:00,HW,0.9959,Puerto Natales,2026-08-10T03:34:00,0.42
CUR010,2026-08-10T08:29:00,LW,1.0513,Puerto Natales,2026-08-10T08:08:00,0.31
CUR010,2026-08-10T16:02:00,HW,0.8551,Puerto Natales,2026-08-10T15:31:00,0.74
CUR010,2026-08-10T23:05:00,LW,1.041,Puerto Natales,2026-08-10T22:44:00,0.33
CUR010,2026-08-11T04:43:00,HW,0.9626,Puerto Natales,2026-08-11T04:12:00,0.49
CUR010,2026-08-11T09:32:00,LW,1.0358,Puerto Natales,2026-08-11T09:11:00,0.34
CUR010,2026-08-11T16:48:00,HW,0.8512,Puerto Natales,2026-08-11T16:17:00,0.75
CUR010,2026-08-11T23:38:00,LW,1.0257,Puerto Natales,2026-08-11T23:17:00,0.36
CUR010,2026-08-12T05:22:00,HW,0.9443,Puerto Natales,2026-08-12T04:51:00,0.53
CUR010,2026-08-12T10:28:00,LW,1.0257,Puerto Natales,2026-08-12T10:07:00,0.36
CUR010,2026-08-12T17:33:00,HW,0.8551,Puerto Natales,2026-08-12T17:02:00,0.74
CUR010,2026-08-13T00:16:00,LW,1.0156,Puerto Natales,2026-08-12T23:55:00,0.38
CUR010,2026-08-13T06:05:00,HW,0.9353,Puerto Natales,2026-08-13T05:34:00,0.55
CUR010,2026-08-13T11:17:00,LW,1.0206,Puerto Natales,2026-08-13T10:56:00,0.37
CUR010,2026-08-13T18:16:00,HW,0.8671,Puerto Natales,2026-08-13T17:45:00,0.71
CUR010,2026-08-14T00:56:00,LW,1.0206,Puerto Natales,2026-08-14T00:35:00,0.37
CUR010,2026-08-14T06:55:00,HW,0.9398,Puerto Natales,2026-08-14T06:24:00,0.54
CUR010,2026-08-14T12:03:00,LW,1.0156,Puerto Natales,2026-08-14T11:42:00,0.38
CUR010,2026-08-14T18:57:00,HW,0.8877,Puerto Natales,2026-08-14T18:26:00,0.66
CUR010,2026-08-15T01:36:00,LW,1.0307,Puerto Natales,2026-08-15T01:15:00,0.35
CUR010,2026-08-15T07:55:00,HW,0.9488,Puerto Natales,2026-08-15T07:24:00,0.52
CUR010,2026-08-15T12:58:00,LW,1.0206,Puerto Natales,2026-08-15T12:37:00,0.37
CUR010,2026-08-15T19:40:00,HW,0.922,Puerto Natales,2026-08-15T19:09:00,0.58
CUR010,2026-08-16T02:12:00,LW,1.0461,Puerto Natales,2026-08-16T01:51:00,0.32
CUR010,2026-08-16T08:57:00,HW,0.9626,Puerto Natales,2026-08-16T08:26:00,0.49
CUR010,2026-08-16T14:33:00,LW,1.0307,Puerto Natales,2026-08-16T14:12:00,0.35
CUR010,2026-08-16T20:28:00,HW,0.9626,Puerto Natales,2026-08-16T19:57:00,0.49
CUR010,2026-08-17T02:43:00,LW,1.0618,Puerto Natales,2026-08-17T02:22:00,0.29
CUR010,2026-08-17T09:57:00,HW,0.972,Puerto Natales,2026-08-17T09:26:00,0.47
CUR010,2026-08-17T16:19:00,LW,1.0513,Puerto Natales,2026-08-17T15:58:00,0.31
CUR010,2026-08-17T21:32:00,HW,1.0156,Puerto Natales,2026-08-17T21:01:00,0.38
CUR010,2026-08-18T03:12:00,LW,1.0778,Puerto Natales,2026-08-18T02:51:00,0.26
CUR010,2026-08-18T11:01:00,HW,0.9815,Puerto Natales,2026-08-18T10:30:00,0.45
CUR010,2026-08-18T17:59:00,LW,1.0725,Puerto Natales,2026-08-18T17:38:00,0.27
CUR010,2026-08-18T22:52:00,HW,1.0566,Puerto Natales,2026-08-18T22:21:00,0.3
CUR010,2026-08-19T03:47:00,LW,1.0941,Puerto Natales,2026-08-19T03:26:00,0.23
CUR010,2026-08-19T12:09:00,HW,0.9815,Puerto Natales,2026-08-19T11:38:00,0.45
CUR010,2026-08-19T20:10:00,LW,1.0996,Puerto Natales,2026-08-19T19:49:00,0.22
CUR010,2026-08-20T00:04:00,HW,1.0832,Puerto Natales,2026-08-19T23:33:00,0.25
CUR010,2026-08-20T04:45:00,LW,1.1108,Puerto Natales,2026-08-20T04:24:00,0.2
CUR010,2026-08-20T13:09:00,HW,0.972,Puerto Natales,2026-08-20T12:38:00,0.47
CUR010,2026-08-20T21:00:00,LW,1.1108,Puerto Natales,2026-08-20T20:39:00,0.2
CUR010,2026-08-21T01:17:00,HW,1.0887,Puerto Natales,2026-08-21T00:46:00,0.24
CUR010,2026-08-21T05:49:00,LW,1.1164,Puerto Natales,2026-08-21T05:28:00,0.19
CUR010,2026-08-21T13:56:00,HW,0.9626,Puerto Natales,2026-08-21T13:25:00,0.49
CUR010,2026-08-21T21:26:00,LW,1.1052,Puerto Natales,2026-08-21T21:05:00,0.21
CUR010,2026-08-22T02:27:00,HW,1.0778,Puerto Natales,2026-08-22T01:56:00,0.26
CUR010,2026-08-22T06:35:00,LW,1.1164,Puerto Natales,2026-08-22T06:14:00,0.19
CUR010,2026-08-22T14:32:00,HW,0.9443,Puerto Natales,2026-08-22T14:01:00,0.53
CUR010,2026-08-22T21:48:00,LW,1.0996,Puerto Natales,2026-08-22T21:27:00,0.22
CUR010,2026-08-23T03:19:00,HW,1.0618,Puerto Natales,2026-08-23T02:48:00,0.29
CUR010,2026-08-23T07:11:00,LW,1.0996,Puerto Natales,2026-08-23T06:50:00,0.22
CUR010,2026-08-23T15:02:00,HW,0.922,Puerto Natales,2026-08-23T14:31:00,0.58
CUR010,2026-08-23T22:13:00,LW,1.0832,Puerto Natales,2026-08-23T21:52:00,0.25
CUR010,2026-08-24T04:00:00,HW,1.0358,Puerto Natales,2026-08-24T03:29:00,0.34
CUR010,2026-08-24T07:45:00,LW,1.0725,Puerto Natales,2026-08-24T07:24:00,0.27
CUR010,2026-08-24T15:28:00,HW,0.9003,Puerto Natales,2026-08-24T14:57:00,0.63
CUR010,2026-08-24T22:39:00,LW,1.0725,Puerto Natales,2026-08-24T22:18:00,0.27
CUR010,2026-08-25T04:33:00,HW,1.0107,Puerto Natales,2026-08-25T04:02:00,0.39
CUR010,2026-08-25T08:22:00,LW,1.0461,Puerto Natales,2026-08-25T08:01:00,0.32
CUR010,2026-08-25T15:55:00,HW,0.8835,Puerto Natales,2026-08-25T15:24:00,0.67
CUR010,2026-08-25T23:06:00,LW,1.0513,Puerto Natales,2026-08-25T22:45:00,0.31
CUR010,2026-08-26T04:58:00,HW,0.9863,Puerto Natales,2026-08-26T04:27:00,0.44
CUR010,2026-08-26T09:09:00,LW,1.0307,Puerto Natales,2026-08-26T08:48:00,0.35
CUR010,2026-08-26T16:28:00,HW,0.8753,Puerto Natales,2026-08-26T15:57:00,0.69
CUR010,2026-08-26T23:30:00,LW,1.0307,Puerto Natales,2026-08-26T23:09:00,0.35
CUR010,2026-08-27T05:15:00,HW,0.9673,Puerto Natales,2026-08-27T04:44:00,0.48
CUR010,2026-08-27T10:01:00,LW,1.0206,Puerto Natales,2026-08-27T09:40:00,0.37
CUR010,2026-08-27T17:06:00,HW,0.8753,Puerto Natales,2026-08-27T16:35:00,0.69
CUR010,2026-08-27T23:50:00,LW,1.0156,Puerto Natales,2026-08-27T23:29:00,0.38
CUR010,2026-08-28T05:29:00,HW,0.9534,Puerto Natales,2026-08-28T04:58:00,0.51
CUR010,2026-08-28T10:53:00,LW,1.0206,Puerto Natales,2026-08-28T10:32:00,0.37
CUR010,2026-08-28T17:48:00,HW,0.8919,Puerto Natales,2026-08-28T17:17:00,0.65
CUR010,2026-08-29T00:09:00,LW,1.0107,Puerto Natales,2026-08-28T23:48:00,0.39
CUR010,2026-08-29T05:49:00,HW,0.9443,Puerto Natales,2026-08-29T05:18:00,0.53
CUR010,2026-08-29T11:43:00,LW,1.0307,Puerto Natales,2026-08-29T11:22:00,0.35
CUR010,2026-08-29T18:29:00,HW,0.9132,Puerto Natales,2026-08-29T17:58:00,0.6
CUR010,2026-08-30T00:33:00,LW,1.0156,Puerto Natales,2026-08-30T00:12:00,0.38
CUR010,2026-08-30T06:26:00,HW,0.9398,Puerto Natales,2026-08-30T05:55:00,0.54
CUR010,2026-08-30T12:40:00,LW,1.0358,Puerto Natales,2026-08-30T12:19:00,0.34
CUR010,2026-08-30T19:09:00,HW,0.9443,Puerto Natales,2026-08-30T18:38:00,0.53
CUR010,2026-08-31T01:03:00,LW,1.0307,Puerto Natales,2026-08-31T00:42:00,0.35
CUR010,2026-08-31T07:33:00,HW,0.9488,Puerto Natales,2026-08-31T07:02:00,0.52
CUR010,2026-08-31T14:03:00,LW,1.041,Puerto Natales,2026-08-31T13:42:00,0.33
CUR010,2026-08-31T19:50:00,HW,0.9767,Puerto Natales,2026-08-31T19:19:00,0.46
CUR010,2026-09-01T01:38:00,LW,1.0566,Puerto Natales,2026-09-01T01:17:00,0.3
CUR010,2026-09-01T08:52:00,HW,0.9534,Puerto Natales,2026-09-01T08:21:00,0.51
CUR010,2026-09-01T15:56:00,LW,1.0513,Puerto Natales,2026-09-01T15:35:00,0.31
CUR010,2026-09-01T20:38:00,HW,1.0156,Puerto Natales,2026-09-01T20:07:00,0.38
CUR010,2026-09-02T02:14:00,LW,1.0832,Puerto Natales,2026-09-02T01:53:00,0.25
CUR010,2026-09-02T10:08:00,HW,0.9534,Puerto Natales,2026-09-02T09:37:00,0.51
CUR010,2026-09-02T17:44:00,LW,1.0671,Puerto Natales,2026-09-02T17:23:00,0.28
CUR010,2026-09-02T21:51:00,HW,1.0513,Puerto Natales,2026-09-02T21:20:00,0.31
CUR010,2026-09-03T02:54:00,LW,1.1052,Puerto Natales,2026-09-03T02:33:00,0.21
CUR010,2026-09-03T11:19:00,HW,0.9443,Puerto Natales,2026-09-03T10:48:00,0.53
CUR010,2026-09-03T19:47:00,LW,1.0941,Puerto Natales,2026-09-03T19:26:00,0.23
CUR010,2026-09-03T23:17:00,HW,1.0778,Puerto Natales,2026-09-03T22:46:00,0.26
CUR010,2026-09-04T03:47:00,LW,1.1108,Puerto Natales,2026-09-04T03:26:00,0.2
CUR010,2026-09-04T12:23:00,HW,0.9308,Puerto Natales,2026-09-04T11:52:00,0.56
CUR010,2026-09-04T20:39:00,LW,1.1108,Puerto Natales,2026-09-04T20:18:00,0.2
CUR010,2026-09-05T00:51:00,HW,1.0832,Puerto Natales,2026-09-05T00:20:00,0.25
CUR010,2026-09-05T04:59:00,LW,1.0996,Puerto Natales,2026-09-05T04:38:00,0.22
CUR010,2026-09-05T13:17:00,HW,0.9176,Puerto Natales,2026-09-05T12:46:00,0.59
CUR010,2026-09-05T21:12:00,LW,1.1164,Puerto Natales,2026-09-05T20:51:00,0.19
CUR010,2026-09-06T02:29:00,HW,1.0618,Puerto Natales,2026-09-06T01:58:00,0.29
CUR010,2026-09-06T06:13:00,LW,1.0887,Puerto Natales,2026-09-06T05:52:00,0.24
CUR010,2026-09-06T14:07:00,HW,0.9046,Puerto Natales,2026-09-06T13:36:00,0.62
CUR010,2026-09-06T21:40:00,LW,1.0996,Puerto Natales,2026-09-06T21:19:00,0.22
CUR010,2026-09-07T03:19:00,HW,1.0257,Puerto Natales,2026-09-07T02:48:00,0.36
CUR010,2026-09-07T07:25:00,LW,1.0725,Puerto Natales,2026-09-07T07:04:00,0.27
CUR010,2026-09-07T14:56:00,HW,0.8919,Puerto Natales,2026-09-07T14:25:00,0.65
CUR010,2026-09-07T22:07:00,LW,1.0725,Puerto Natales,2026-09-07T21:46:00,0.27
CUR010,2026-09-08T03:55:00,HW,0.9911,Puerto Natales,2026-09-08T03:24:00,0.43
CUR010,2026-09-08T08:37:00,LW,1.0566,Puerto Natales,2026-09-08T08:16:00,0.3
CUR010,2026-09-08T15:44:00,HW,0.8794,Puerto Natales,2026-09-08T15:13:00,0.68
CUR010,2026-09-08T22:35:00,LW,1.0513,Puerto Natales,2026-09-08T22:14:00,0.31
CUR010,2026-09-09T04:31:00,HW,0.958,Puerto Natales,2026-09-09T04:00:00,0.5
CUR010,2026-09-09T09:38:00,LW,1.041,Puerto Natales,2026-09-09T09:17:00,0.33
CUR010,2026-09-09T16:30:00,HW,0.8753,Puerto Natales,2026-09-09T15:59:00,0.69
CUR010,2026-09-09T23:07:00,LW,1.0358,Puerto Natales,2026-09-09T22:46:00,0.34
CUR010,2026-09-10T05:10:00,HW,0.9353,Puerto Natales,2026-09-10T04:39:00,0.55
CUR010,2026-09-10T10:29:00,LW,1.0257,Puerto Natales,2026-09-10T10:08:00,0.36
CUR010,2026-09-10T17:13:00,HW,0.8712,Puerto Natales,2026-09-10T16:42:00,0.7
CUR010,2026-09-10T23:41:00,LW,1.0257,Puerto Natales,2026-09-10T23:20:00,0.36
CUR010,2026-09-11T05:53:00,HW,0.922,Puerto Natales,2026-09-11T05:22:00,0.58
CUR010,2026-09-11T11:15:00,LW,1.0156,Puerto Natales,2026-09-11T10:54:00,0.38
CUR010,2026-09-11T17:52:00,HW,0.8835,Puerto Natales,2026-09-11T17:21:00,0.67
CUR010,2026-09-12T00:15:00,LW,1.0257,Puerto Natales,2026-09-11T23:54:00,0.36
CUR010,2026-09-12T06:41:00,HW,0.9176,Puerto Natales,2026-09-12T06:10:00,0.59
CUR010,2026-09-12T12:06:00,LW,1.0057,Puerto Natales,2026-09-12T11:45:00,0.4
CUR010,2026-09-12T18:29:00,HW,0.9046,Puerto Natales,2026-09-12T17:58:00,0.62
CUR010,2026-09-13T00:45:00,LW,1.0307,Puerto Natales,2026-09-13T00:24:00,0.35
CUR010,2026-09-13T07:33:00,HW,0.922,Puerto Natales,2026-09-13T07:02:00,0.58
CUR010,2026-09-13T13:14:00,LW,1.0107,Puerto Natales,2026-09-13T12:53:00,0.39
CUR010,2026-09-13T19:06:00,HW,0.9398,Puerto Natales,2026-09-13T18:35:00,0.54
CUR010,2026-09-14T01:12:00,LW,1.0461,Puerto Natales,2026-09-14T00:51:00,0.32
CUR010,2026-09-14T08:26:00,HW,0.9308,Puerto Natales,2026-09-14T07:55:00,0.56
CUR010,2026-09-14T14:50:00,LW,1.0206,Puerto Natales,2026-09-14T14:29:00,0.37
CUR010,2026-09-14T19:44:00,HW,0.9815,Puerto Natales,2026-09-14T19:13:00,0.45
CUR010,2026-09-15T01:36:00,LW,1.0618,Puerto Natales,2026-09-15T01:15:00,0.29
CUR010,2026-09-15T09:20:00,HW,0.9443,Puerto Natales,2026-09-15T08:49:00,0.53
CUR010,2026-09-15T16:21:00,LW,1.0461,Puerto Natales,2026-09-15T16:00:00,0.32
CUR010,2026-09-15T20:27:00,HW,1.0307,Puerto Natales,2026-09-15T19:56:00,0.35
CUR010,2026-09-16T01:59:00,LW,1.0832,Puerto Natales,2026-09-16T01:38:00,0.25
CUR010,2026-09-16T10:20:00,HW,0.958,Puerto Natales,2026-09-16T09:49:00,0.5
CUR010,2026-09-16T20:28:00,LW,1.0778,Puerto Natales,2026-09-16T20:07:00,0.26
CUR010,2026-09-16T21:56:00,HW,1.0725,Puerto Natales,2026-09-16T21:25:00,0.27
CUR010,2026-09-17T02:30:00,LW,1.0996,Puerto Natales,2026-09-17T02:09:00,0.22
CUR010,2026-09-17T11:28:00,HW,0.9673,Puerto Natales,2026-09-17T10:57:00,0.48
CUR010,2026-09-17T21:09:00,LW,1.1052,Puerto Natales,2026-09-17T20:48:00,0.21
CUR010,2026-09-17T23:21:00,HW,1.0996,Puerto Natales,2026-09-17T22:50:00,0.22
CUR010,2026-09-18T03:17:00,LW,1.1164,Puerto Natales,2026-09-18T02:56:00,0.19
CUR010,2026-09-18T12:29:00,HW,0.972,Puerto Natales,2026-09-18T11:58:00,0.47
CUR010,2026-09-18T21:29:00,LW,1.1164,Puerto Natales,2026-09-18T21:08:00,0.19
CUR010,2026-09-19T00:52:00,HW,1.1052,Puerto Natales,2026-09-19T00:21:00,0.21
CUR010,2026-09-19T04:25:00,LW,1.122,Puerto Natales,2026-09-19T04:04:00,0.18
CUR010,2026-09-19T13:13:00,HW,0.9673,Puerto Natales,2026-09-19T12:42:00,0.48
CUR010,2026-09-19T21:25:00,LW,1.1164,Puerto Natales,2026-09-19T21:04:00,0.19
CUR010,2026-09-20T02:27:00,HW,1.0941,Puerto Natales,2026-09-20T01:56:00,0.23
CUR010,2026-09-20T05:27:00,LW,1.1108,Puerto Natales,2026-09-20T05:06:00,0.2
CUR010,2026-09-20T13:45:00,HW,0.9534,Puerto Natales,2026-09-20T13:14:00,0.51
CUR010,2026-09-20T21:27:00,LW,1.1164,Puerto Natales,2026-09-20T21:06:00,0.19
CUR010,2026-09-21T03:19:00,HW,1.0725,Puerto Natales,2026-09-21T02:48:00,0.27
CUR010,2026-09-21T06:17:00,LW,1.0887,Puerto Natales,2026-09-21T05:56:00,0.24
CUR010,2026-09-21T14:13:00,HW,0.9398,Puerto Natales,2026-09-21T13:42:00,0.54
CUR010,2026-09-21T21:42:00,LW,1.1052,Puerto Natales,2026-09-21T21:21:00,0.21
CUR010,2026-09-22T03:54:00,HW,1.041,Puerto Natales,2026-09-22T03:23:00,0.33
CUR010,2026-09-22T07:07:00,LW,1.0671,Puerto Natales,2026-09-22T06:46:00,0.28
CUR010,2026-09-22T14:43:00,HW,0.9176,Puerto Natales,2026-09-22T14:12:00,0.59
CUR010,2026-09-22T22:01:00,LW,1.0832,Puerto Natales,2026-09-22T21:40:00,0.25
CUR010,2026-09-23T04:17:00,HW,1.0057,Puerto Natales,2026-09-23T03:46:00,0.4
CUR010,2026-09-23T08:06:00,LW,1.041,Puerto Natales,2026-09-23T07:45:00,0.33
CUR010,2026-09-23T15:21:00,HW,0.9046,Puerto Natales,2026-09-23T14:50:00,0.62
CUR010,2026-09-23T22:22:00,LW,1.0566,Puerto Natales,2026-09-23T22:01:00,0.3
CUR010,2026-09-24T04:31:00,HW,0.9767,Puerto Natales,2026-09-24T04:00:00,0.46
CUR010,2026-09-24T09:13:00,LW,1.0307,Puerto Natales,2026-09-24T08:52:00,0.35
CUR010,2026-09-24T16:05:00,HW,0.8961,Puerto Natales,2026-09-24T15:34:00,0.64
CUR010,2026-09-24T22:42:00,LW,1.0257,Puerto Natales,2026-09-24T22:21:00,0.36
CUR010,2026-09-25T04:44:00,HW,0.9488,Puerto Natales,2026-09-25T04:13:00,0.52
CUR010,2026-09-25T10:09:00,LW,1.0257,Puerto Natales,2026-09-25T09:48:00,0.36
CUR010,2026-09-25T16:51:00,HW,0.8961,Puerto Natales,2026-09-25T16:20:00,0.64
CUR010,2026-09-25T23:01:00,LW,1.0057,Puerto Natales,2026-09-25T22:40:00,0.4
CUR010,2026-09-26T05:05:00,HW,0.9264,Puerto Natales,2026-09-26T04:34:00,0.57
CUR010,2026-09-26T11:00:00,LW,1.0206,Puerto Natales,2026-09-26T10:39:00,0.37
CUR010,2026-09-26T17:33:00,HW,0.9046,Puerto Natales,2026-09-26T17:02:00,0.62
CUR010,2026-09-26T23:24:00,LW,1.0008,Puerto Natales,2026-09-26T23:03:00,0.41
CUR010,2026-09-27T05:39:00,HW,0.9089,Puerto Natales,2026-09-27T05:08:00,0.61
CUR010,2026-09-27T11:52:00,LW,1.0206,Puerto Natales,2026-09-27T11:31:00,0.37
CUR010,2026-09-27T18:08:00,HW,0.922,Puerto Natales,2026-09-27T17:37:00,0.58
CUR010,2026-09-27T23:51:00,LW,1.0156,Puerto Natales,2026-09-27T23:30:00,0.38
CUR010,2026-09-28T06:30:00,HW,0.9046,Puerto Natales,2026-09-28T05:59:00,0.62
CUR010,2026-09-28T12:58:00,LW,1.0156,Puerto Natales,2026-09-28T12:37:00,0.38
CUR010,2026-09-28T18:38:00,HW,0.9488,Puerto Natales,2026-09-28T18:07:00,0.52
CUR010,2026-09-29T00:22:00,LW,1.041,Puerto Natales,2026-09-29T00:01:00,0.33
CUR010,2026-09-29T07:34:00,HW,0.9046,Puerto Natales,2026-09-29T07:03:00,0.62
CUR010,2026-09-29T14:35:00,LW,1.0206,Puerto Natales,2026-09-29T14:14:00,0.37
CUR010,2026-09-29T19:07:00,HW,0.9863,Puerto Natales,2026-09-29T18:36:00,0.44
CUR010,2026-09-30T00:55:00,LW,1.0725,Puerto Natales,2026-09-30T00:34:00,0.27
CUR010,2026-09-30T08:38:00,HW,0.9089,Puerto Natales,2026-09-30T08:07:00,0.61
CUR010,2026-09-30T16:12:00,LW,1.041,Puerto Natales,2026-09-30T15:51:00,0.33
CUR010,2026-09-30T19:39:00,HW,1.0257,Puerto Natales,2026-09-30T19:08:00,0.36
CUR010,2026-10-01T01:28:00,LW,1.0941,Puerto Natales,2026-10-01T01:07:00,0.23
CUR010,2026-10-01T09:39:00,HW,0.9176,Puerto Natales,2026-10-01T09:08:00,0.59
CUR010,2026-10-01T18:14:00,LW,1.0671,Puerto Natales,2026-10-01T17:53:00,0.28
CUR010,2026-10-01T21:14:00,HW,1.0618,Puerto Natales,2026-10-01T20:43:00,0.29
CUR010,2026-10-02T02:05:00,LW,1.1052,Puerto Natales,2026-10-02T01:44:00,0.21
CUR010,2026-10-02T10:42:00,HW,0.9264,Puerto Natales,2026-10-02T10:11:00,0.57
CUR010,2026-10-02T19:49:00,LW,1.0996,Puerto Natales,2026-10-02T19:28:00,0.22
CUR010,2026-10-02T23:11:00,HW,1.0832,Puerto Natales,2026-10-02T22:40:00,0.25
CUR010,2026-10-03T03:03:00,LW,1.1052,Puerto Natales,2026-10-03T02:42:00,0.21
CUR010,2026-10-03T11:47:00,HW,0.9308,Puerto Natales,2026-10-03T11:16:00,0.56
CUR010,2026-10-03T20:19:00,LW,1.1164,Puerto Natales,2026-10-03T19:58:00,0.19
CUR010,2026-10-04T00:59:00,HW,1.0778,Puerto Natales,2026-10-04T00:28:00,0.26
CUR010,2026-10-04T04:42:00,LW,1.0941,Puerto Natales,2026-10-04T04:21:00,0.23
CUR010,2026-10-04T12:49:00,HW,0.9308,Puerto Natales,2026-10-04T12:18:00,0.56
CUR010,2026-10-04T20:46:00,LW,1.1164,Puerto Natales,2026-10-04T20:25:00,0.19
CUR010,2026-10-05T02:17:00,HW,1.0513,Puerto Natales,2026-10-05T01:46:00,0.31
CUR010,2026-10-05T06:15:00,LW,1.0887,Puerto Natales,2026-10-05T05:54:00,0.24
CUR010,2026-10-05T13:46:00,HW,0.9264,Puerto Natales,2026-10-05T13:15:00,0.57
CUR010,2026-10-05T21:12:00,LW,1.1052,Puerto Natales,2026-10-05T20:51:00,0.21
CUR010,2026-10-06T03:01:00,HW,1.0206,Puerto Natales,2026-10-06T02:30:00,0.37
CUR010,2026-10-06T07:35:00,LW,1.0778,Puerto Natales,2026-10-06T07:14:00,0.26
CUR010,2026-10-06T14:38:00,HW,0.9176,Puerto Natales,2026-10-06T14:07:00,0.59
CUR010,2026-10-06T21:38:00,LW,1.0832,Puerto Natales,2026-10-06T21:17:00,0.25
CUR010,2026-10-07T03:38:00,HW,0.9863,Puerto Natales,2026-10-07T03:07:00,0.44
CUR010,2026-10-07T08:44:00,LW,1.0671,Puerto Natales,2026-10-07T08:23:00,0.28
CUR010,2026-10-07T15:26:00,HW,0.9089,Puerto Natales,2026-10-07T14:55:00,0.61
CUR010,2026-10-07T22:05:00,LW,1.0618,Puerto Natales,2026-10-07T21:44:00,0.29
CUR010,2026-10-08T04:16:00,HW,0.9534,Puerto Natales,2026-10-08T03:45:00,0.51
CUR010,2026-10-08T09:40:00,LW,1.0461,Puerto Natales,2026-10-08T09:19:00,0.32
CUR010,2026-10-08T16:10:00,HW,0.9003,Puerto Natales,2026-10-08T15:39:00,0.63
CUR010,2026-10-08T22:33:00,LW,1.0513,Puerto Natales,2026-10-08T22:12:00,0.31
CUR010,2026-10-09T04:56:00,HW,0.9264,Puerto Natales,2026-10-09T04:25:00,0.57
CUR010,2026-10-09T10:30:00,LW,1.0257,Puerto Natales,2026-10-09T10:09:00,0.36
CUR010,2026-10-09T16:50:00,HW,0.9003,Puerto Natales,2026-10-09T16:19:00,0.63
CUR010,2026-10-09T23:01:00,LW,1.041,Puerto Natales,2026-10-09T22:40:00,0.33
CUR010,2026-10-10T05:37:00,HW,0.9046,Puerto Natales,2026-10-10T05:06:00,0.62
CUR010,2026-10-10T11:19:00,LW,1.0107,Puerto Natales,2026-10-10T10:58:00,0.39
CUR010,2026-10-10T17:27:00,HW,0.9089,Puerto Natales,2026-10-10T16:56:00,0.61
CUR010,2026-10-10T23:29:00,LW,1.0358,Puerto Natales,2026-10-10T23:08:00,0.34
CUR010,2026-10-11T06:21:00,HW,0.8961,Puerto Natales,2026-10-11T05:50:00,0.64
CUR010,2026-10-11T12:15:00,LW,1.0057,Puerto Natales,2026-10-11T11:54:00,0.4
CUR010,2026-10-11T18:03:00,HW,0.9264,Puerto Natales,2026-10-11T17:32:00,0.57
CUR010,2026-10-11T23:56:00,LW,1.0358,Puerto Natales,2026-10-11T23:35:00,0.34
CUR010,2026-10-12T07:06:00,HW,0.8961,Puerto Natales,2026-10-12T06:35:00,0.64
CUR010,2026-10-12T13:26:00,LW,1.0057,Puerto Natales,2026-10-12T13:05:00,0.4
CUR010,2026-10-12T18:37:00,HW,0.958,Puerto Natales,2026-10-12T18:06:00,0.5
CUR010,2026-10-13T00:21:00,LW,1.0461,Puerto Natales,2026-10-13T00:00:00,0.32
CUR010,2026-10-13T07:53:00,HW,0.9046,Puerto Natales,2026-10-13T07:22:00,0.62
CUR010,2026-10-13T14:49:00,LW,1.0156,Puerto Natales,2026-10-13T14:28:00,0.38
CUR010,2026-10-13T19:01:00,HW,0.9959,Puerto Natales,2026-10-13T18:30:00,0.42
CUR010,2026-10-14T00:46:00,LW,1.0618,Puerto Natales,2026-10-14T00:25:00,0.29
CUR010,2026-10-14T08:43:00,HW,0.922,Puerto Natales,2026-10-14T08:12:00,0.58
CUR010,2026-10-14T16:13:00,LW,1.0358,Puerto Natales,2026-10-14T15:52:00,0.34
CUR010,2026-10-14T18:31:00,HW,1.0307,Puerto Natales,2026-10-14T18:00:00,0.35
CUR010,2026-10-15T01:12:00,LW,1.0832,Puerto Natales,2026-10-15T00:51:00,0.25
CUR010,2026-10-15T09:38:00,HW,0.9398,Puerto Natales,2026-10-15T09:07:00,0.54
CUR010,2026-10-16T01:41:00,LW,1.1052,Puerto Natales,2026-10-16T01:20:00,0.21
CUR010,2026-10-16T10:36:00,HW,0.9534,Puerto Natales,2026-10-16T10:05:00,0.51
CUR010,2026-10-17T02:15:00,LW,1.1164,Puerto Natales,2026-10-17T01:54:00,0.19
CUR010,2026-10-17T11:30:00,HW,0.9673,Puerto Natales,2026-10-17T10:59:00,0.48
CUR010,2026-10-17T21:26:00,LW,1.1164,Puerto Natales,2026-10-17T21:05:00,0.19
CUR010,2026-10-18T00:52:00,HW,1.1108,Puerto Natales,2026-10-18T00:21:00,0.2
CUR010,2026-10-18T03:05:00,LW,1.1164,Puerto Natales,2026-10-18T02:44:00,0.19
CUR010,2026-10-18T12:12:00,HW,0.972,Puerto Natales,2026-10-18T11:41:00,0.47
CUR010,2026-10-18T20:53:00,LW,1.122,Puerto Natales,2026-10-18T20:32:00,0.18
CUR010,2026-10-19T02:31:00,HW,1.0941,Puerto Natales,2026-10-19T02:00:00,0.23
CUR010,2026-10-19T04:27:00,LW,1.0996,Puerto Natales,2026-10-19T04:06:00,0.22
CUR010,2026-10-19T12:48:00,HW,0.972,Puerto Natales,2026-10-19T12:17:00,0.47
CUR010,2026-10-19T20:47:00,LW,1.122,Puerto Natales,2026-10-19T20:26:00,0.18
CUR010,2026-10-20T03:06:00,HW,1.0671,Puerto Natales,2026-10-20T02:35:00,0.28
CUR010,2026-10-20T05:43:00,LW,1.0778,Puerto Natales,2026-10-20T05:22:00,0.26
CUR010,2026-10-20T13:26:00,HW,0.958,Puerto Natales,2026-10-20T12:55:00,0.5
CUR010,2026-10-20T21:01:00,LW,1.1052,Puerto Natales,2026-10-20T20:40:00,0.21
CUR010,2026-10-21T03:26:00,HW,1.0358,Puerto Natales,2026-10-21T02:55:00,0.34
CUR010,2026-10-21T06:59:00,LW,1.0618,Puerto Natales,2026-10-21T06:38:00,0.29
CUR010,2026-10-21T14:10:00,HW,0.9443,Puerto Natales,2026-10-21T13:39:00,0.53
CUR010,2026-10-21T21:19:00,LW,1.0778,Puerto Natales,2026-10-21T20:58:00,0.26
CUR010,2026-10-22T03:40:00,HW,1.0008,Puerto Natales,2026-10-22T03:09:00,0.41
CUR010,2026-10-22T08:24:00,LW,1.0513,Puerto Natales,2026-10-22T08:03:00,0.31
CUR010,2026-10-22T15:01:00,HW,0.9308,Puerto Natales,2026-10-22T14:30:00,0.56
CUR010,2026-10-22T21:39:00,LW,1.0461,Puerto Natales,2026-10-22T21:18:00,0.32
CUR010,2026-10-23T03:55:00,HW,0.9626,Puerto Natales,2026-10-23T03:24:00,0.49
CUR010,2026-10-23T09:27:00,LW,1.041,Puerto Natales,2026-10-23T09:06:00,0.33
CUR010,2026-10-23T15:53:00,HW,0.9176,Puerto Natales,2026-10-23T15:22:00,0.59
CUR010,2026-10-23T21:58:00,LW,1.0206,Puerto Natales,2026-10-23T21:37:00,0.37
CUR010,2026-10-24T04:17:00,HW,0.9264,Puerto Natales,2026-10-24T03:46:00,0.57
CUR010,2026-10-24T10:18:00,LW,1.0307,Puerto Natales,2026-10-24T09:57:00,0.35
CUR010,2026-10-24T16:36:00,HW,0.9132,Puerto Natales,2026-10-24T16:05:00,0.6
CUR010,2026-10-24T22:18:00,LW,1.0107,Puerto Natales,2026-10-24T21:57:00,0.39
CUR010,2026-10-25T04:51:00,HW,0.9003,Puerto Natales,2026-10-25T04:20:00,0.63
CUR010,2026-10-25T11:08:00,LW,1.0206,Puerto Natales,2026-10-25T10:47:00,0.37
CUR010,2026-10-25T17:10:00,HW,0.922,Puerto Natales,2026-10-25T16:39:00,0.58
CUR010,2026-10-25T22:42:00,LW,1.0156,Puerto Natales,2026-10-25T22:21:00,0.38
CUR010,2026-10-26T05:35:00,HW,0.8794,Puerto Natales,2026-10-26T05:04:00,0.68
CUR010,2026-10-26T12:06:00,LW,1.0057,Puerto Natales,2026-10-26T11:45:00,0.4
CUR010,2026-10-26T17:39:00,HW,0.9353,Puerto Natales,2026-10-26T17:08:00,0.55
CUR010,2026-10-26T23:11:00,LW,1.0307,Puerto Natales,2026-10-26T22:50:00,0.35
CUR010,2026-10-27T06:27:00,HW,0.8671,Puerto Natales,2026-10-27T05:56:00,0.71
CUR010,2026-10-27T13:22:00,LW,1.0008,Puerto Natales,2026-10-27T13:01:00,0.41
CUR010,2026-10-27T18:06:00,HW,0.9626,Puerto Natales,2026-10-27T17:35:00,0.49
CUR010,2026-10-27T23:43:00,LW,1.0566,Puerto Natales,2026-10-27T23:22:00,0.3
CUR010,2026-10-28T07:20:00,HW,0.8671,Puerto Natales,2026-10-28T06:49:00,0.71
CUR010,2026-10-28T14:47:00,LW,1.0107,Puerto Natales,2026-10-28T14:26:00,0.39
CUR010,2026-10-28T18:35:00,HW,0.9911,Puerto Natales,2026-10-28T18:04:00,0.43
CUR010,2026-10-29T00:17:00,LW,1.0725,Puerto Natales,2026-10-28T23:56:00,0.27
CUR010,2026-10-29T08:12:00,HW,0.8794,Puerto Natales,2026-10-29T07:41:00,0.68
CUR010,2026-10-29T16:00:00,LW,1.0358,Puerto Natales,2026-10-29T15:39:00,0.34
CUR010,2026-10-29T19:19:00,HW,1.0257,Puerto Natales,2026-10-29T18:48:00,0.36
CUR010,2026-10-30T00:55:00,LW,1.0887,Puerto Natales,2026-10-30T00:34:00,0.24
CUR010,2026-10-30T09:05:00,HW,0.9003,Puerto Natales,2026-10-30T08:34:00,0.63
CUR010,2026-10-30T17:22:00,LW,1.0618,Puerto Natales,2026-10-30T17:01:00,0.29
CUR010,2026-10-30T21:22:00,HW,1.0566,Puerto Natales,2026-10-30T20:51:00,0.3
CUR010,2026-10-31T01:42:00,LW,1.0887,Puerto Natales,2026-10-31T01:21:00,0.24
CUR010,2026-10-31T10:07:00,HW,0.922,Puerto Natales,2026-10-31T09:36:00,0.58
CUR010,2026-10-31T19:01:00,LW,1.0887,Puerto Natales,2026-10-31T18:40:00,0.24
CUR010,2026-10-31T23:07:00,HW,1.0671,Puerto Natales,2026-10-31T22:36:00,0.28
CUR010,2026-11-01T02:57:00,LW,1.0887,Puerto Natales,2026-11-01T02:36:00,0.24
CUR010,2026-11-01T11:17:00,HW,0.9443,Puerto Natales,2026-11-01T10:46:00,0.53
CUR010,2026-11-01T19:43:00,LW,1.1052,Puerto Natales,2026-11-01T19:22:00,0.21
CUR010,2026-11-02T00:38:00,HW,1.0618,Puerto Natales,2026-11-02T00:07:00,0.29
CUR010,2026-11-02T04:52:00,LW,1.0887,Puerto Natales,2026-11-02T04:31:00,0.24
CUR010,2026-11-02T12:25:00,HW,0.9488,Puerto Natales,2026-11-02T11:54:00,0.52
CUR010,2026-11-02T20:15:00,LW,1.1108,Puerto Natales,2026-11-02T19:54:00,0.2
CUR010,2026-11-03T01:49:00,HW,1.041,Puerto Natales,2026-11-03T01:18:00,0.33
CUR010,2026-11-03T06:24:00,LW,1.0887,Puerto Natales,2026-11-03T06:03:00,0.24
CUR010,2026-11-03T13:24:00,HW,0.9488,Puerto Natales,2026-11-03T12:53:00,0.52
CUR010,2026-11-03T20:41:00,LW,1.1052,Puerto Natales,2026-11-03T20:20:00,0.21
CUR010,2026-11-04T02:38:00,HW,1.0156,Puerto Natales,2026-11-04T02:07:00,0.38
CUR010,2026-11-04T07:42:00,LW,1.0832,Puerto Natales,2026-11-04T07:21:00,0.25
CUR010,2026-11-04T14:16:00,HW,0.9443,Puerto Natales,2026-11-04T13:45:00,0.53
CUR010,2026-11-04T21:05:00,LW,1.0941,Puerto Natales,2026-11-04T20:44:00,0.23
CUR010,2026-11-05T03:19:00,HW,0.9815,Puerto Natales,2026-11-05T02:48:00,0.45
CUR010,2026-11-05T08:48:00,LW,1.0725,Puerto Natales,2026-11-05T08:27:00,0.27
CUR010,2026-11-05T15:04:00,HW,0.9398,Puerto Natales,2026-11-05T14:33:00,0.54
CUR010,2026-11-05T21:28:00,LW,1.0778,Puerto Natales,2026-11-05T21:07:00,0.26
CUR010,2026-11-06T03:58:00,HW,0.9443,Puerto Natales,2026-11-06T03:27:00,0.53
CUR010,2026-11-06T09:44:00,LW,1.0513,Puerto Natales,2026-11-06T09:23:00,0.31
CUR010,2026-11-06T15:48:00,HW,0.9353,Puerto Natales,2026-11-06T15:17:00,0.55
CUR010,2026-11-06T21:52:00,LW,1.0671,Puerto Natales,2026-11-06T21:31:00,0.28
CUR010,2026-11-07T04:37:00,HW,0.9132,Puerto Natales,2026-11-07T04:06:00,0.6
CUR010,2026-11-07T10:34:00,LW,1.0307,Puerto Natales,2026-11-07T10:13:00,0.35
CUR010,2026-11-07T16:30:00,HW,0.9353,Puerto Natales,2026-11-07T15:59:00,0.55
CUR010,2026-11-07T22:18:00,LW,1.0513,Puerto Natales,2026-11-07T21:57:00,0.31
CUR010,2026-11-08T05:16:00,HW,0.8919,Puerto Natales,2026-11-08T04:45:00,0.65
CUR010,2026-11-08T11:23:00,LW,1.0156,Puerto Natales,2026-11-08T11:02:00,0.38
CUR010,2026-11-08T17:08:00,HW,0.9398,Puerto Natales,2026-11-08T16:37:00,0.54
CUR010,2026-11-08T22:45:00,LW,1.041,Puerto Natales,2026-11-08T22:24:00,0.33
CUR010,2026-11-09T05:56:00,HW,0.8794,Puerto Natales,2026-11-09T05:25:00,0.68
CUR010,2026-11-09T12:17:00,LW,1.0057,Puerto Natales,2026-11-09T11:56:00,0.4
CUR010,2026-11-09T17:43:00,HW,0.9488,Puerto Natales,2026-11-09T17:12:00,0.52
CUR010,2026-11-09T23:13:00,LW,1.041,Puerto Natales,2026-11-09T22:52:00,0.33
CUR010,2026-11-10T06:38:00,HW,0.8794,Puerto Natales,2026-11-10T06:07:00,0.68
CUR010,2026-11-10T13:22:00,LW,1.0057,Puerto Natales,2026-11-10T13:01:00,0.4
CUR010,2026-11-10T18:10:00,HW,0.972,Puerto Natales,2026-11-10T17:39:00,0.47
CUR010,2026-11-10T23:41:00,LW,1.0461,Puerto Natales,2026-11-10T23:20:00,0.32
CUR010,2026-11-11T07:22:00,HW,0.8877,Puerto Natales,2026-11-11T06:51:00,0.66
CUR010,2026-11-11T14:35:00,LW,1.0156,Puerto Natales,2026-11-11T14:14:00,0.38
CUR010,2026-11-11T18:19:00,HW,0.9959,Puerto Natales,2026-11-11T17:48:00,0.42
CUR010,2026-11-12T00:07:00,LW,1.0618,Puerto Natales,2026-11-11T23:46:00,0.29
CUR010,2026-11-12T08:05:00,HW,0.9003,Puerto Natales,2026-11-12T07:34:00,0.63
CUR010,2026-11-12T15:50:00,LW,1.0307,Puerto Natales,2026-11-12T15:29:00,0.35
CUR010,2026-11-12T17:42:00,HW,1.0257,Puerto Natales,2026-11-12T17:11:00,0.36
CUR010,2026-11-13T00:33:00,LW,1.0832,Puerto Natales,2026-11-13T00:12:00,0.25
CUR010,2026-11-13T08:47:00,HW,0.922,Puerto Natales,2026-11-13T08:16:00,0.58
CUR010,2026-11-14T00:59:00,LW,1.0996,Puerto Natales,2026-11-14T00:38:00,0.22
CUR010,2026-11-14T09:29:00,HW,0.9443,Puerto Natales,2026-11-14T08:58:00,0.53
CUR010,2026-11-15T01:26:00,LW,1.1052,Puerto Natales,2026-11-15T01:05:00,0.21
CUR010,2026-11-15T10:13:00,HW,0.9673,Puerto Natales,2026-11-15T09:42:00,0.48
CUR010,2026-11-15T20:41:00,LW,1.1052,Puerto Natales,2026-11-15T20:20:00,0.21
CUR010,2026-11-16T00:37:00,HW,1.0941,Puerto Natales,2026-11-16T00:06:00,0.23
CUR010,2026-11-16T02:08:00,LW,1.1052,Puerto Natales,2026-11-16T01:47:00,0.21
CUR010,2026-11-16T11:02:00,HW,0.9815,Puerto Natales,2026-11-16T10:31:00,0.45
CUR010,2026-11-16T19:52:00,LW,1.1108,Puerto Natales,2026-11-16T19:31:00,0.2
CUR010,2026-11-17T01:57:00,HW,1.0832,Puerto Natales,2026-11-17T01:26:00,0.25
CUR010,2026-11-17T03:59:00,LW,1.0887,Puerto Natales,2026-11-17T03:38:00,0.24
CUR010,2026-11-17T11:56:00,HW,0.9911,Puerto Natales,2026-11-17T11:25:00,0.43
CUR010,2026-11-17T19:57:00,LW,1.1108,Puerto Natales,2026-11-17T19:36:00,0.2
CUR010,2026-11-18T02:20:00,HW,1.0566,Puerto Natales,2026-11-18T01:49:00,0.3
CUR010,2026-11-18T05:42:00,LW,1.0778,Puerto Natales,2026-11-18T05:21:00,0.26
CUR010,2026-11-18T12:52:00,HW,0.9863,Puerto Natales,2026-11-18T12:21:00,0.44
CUR010,2026-11-18T20:15:00,LW,1.0941,Puerto Natales,2026-11-18T19:54:00,0.23
CUR010,2026-11-19T02:37:00,HW,1.0307,Puerto Natales,2026-11-19T02:06:00,0.35
CUR010,2026-11-19T07:23:00,LW,1.0725,Puerto Natales,2026-11-19T07:02:00,0.27
CUR010,2026-11-19T13:50:00,HW,0.972,Puerto Natales,2026-11-19T13:19:00,0.47
CUR010,2026-11-19T20:34:00,LW,1.0725,Puerto Natales,2026-11-19T20:13:00,0.27
CUR010,2026-11-20T02:57:00,HW,0.9911,Puerto Natales,2026-11-20T02:26:00,0.43
CUR010,2026-11-20T08:38:00,LW,1.0671,Puerto Natales,2026-11-20T08:17:00,0.28
CUR010,2026-11-20T14:47:00,HW,0.958,Puerto Natales,2026-11-20T14:16:00,0.5
CUR010,2026-11-20T20:52:00,LW,1.0461,Puerto Natales,2026-11-20T20:31:00,0.32
CUR010,2026-11-21T03:24:00,HW,0.9488,Puerto Natales,2026-11-21T02:53:00,0.52
CUR010,2026-11-21T09:34:00,LW,1.0566,Puerto Natales,2026-11-21T09:13:00,0.3
CUR010,2026-11-21T15:35:00,HW,0.9443,Puerto Natales,2026-11-21T15:04:00,0.53
CUR010,2026-11-21T21:11:00,LW,1.0307,Puerto Natales,2026-11-21T20:50:00,0.35
CUR010,2026-11-22T03:59:00,HW,0.9089,Puerto Natales,2026-11-22T03:28:00,0.61
CUR010,2026-11-22T10:26:00,LW,1.0358,Puerto Natales,2026-11-22T10:05:00,0.34
CUR010,2026-11-22T16:13:00,HW,0.9443,Puerto Natales,2026-11-22T15:42:00,0.53
CUR010,2026-11-22T21:32:00,LW,1.0257,Puerto Natales,2026-11-22T21:11:00,0.36
CUR010,2026-11-23T04:40:00,HW,0.8712,Puerto Natales,2026-11-23T04:09:00,0.7
CUR010,2026-11-23T11:20:00,LW,1.0156,Puerto Natales,2026-11-23T10:59:00,0.38
CUR010,2026-11-23T16:45:00,HW,0.9443,Puerto Natales,2026-11-23T16:14:00,0.53
CUR010,2026-11-23T21:59:00,LW,1.0358,Puerto Natales,2026-11-23T21:38:00,0.34
CUR010,2026-11-24T05:24:00,HW,0.8472,Puerto Natales,2026-11-24T04:53:00,0.76
CUR010,2026-11-24T12:20:00,LW,1.0008,Puerto Natales,2026-11-24T11:59:00,0.41
CUR010,2026-11-24T17:16:00,HW,0.9534,Puerto Natales,2026-11-24T16:45:00,0.51
CUR010,2026-11-24T22:32:00,LW,1.0461,Puerto Natales,2026-11-24T22:11:00,0.32
CUR010,2026-11-25T06:10:00,HW,0.8394,Puerto Natales,2026-11-25T05:39:00,0.78
CUR010,2026-11-25T13:26:00,LW,1.0008,Puerto Natales,2026-11-25T13:05:00,0.41
CUR010,2026-11-25T17:50:00,HW,0.9673,Puerto Natales,2026-11-25T17:19:00,0.48
CUR010,2026-11-25T23:11:00,LW,1.0513,Puerto Natales,2026-11-25T22:50:00,0.31
CUR010,2026-11-26T06:56:00,HW,0.8472,Puerto Natales,2026-11-26T06:25:00,0.76
CUR010,2026-11-26T14:25:00,LW,1.0107,Puerto Natales,2026-11-26T14:04:00,0.39
CUR010,2026-11-26T18:33:00,HW,0.9863,Puerto Natales,2026-11-26T18:02:00,0.44
CUR010,2026-11-26T23:55:00,LW,1.0566,Puerto Natales,2026-11-26T23:34:00,0.3
CUR010,2026-11-27T07:43:00,HW,0.8671,Puerto Natales,2026-11-27T07:12:00,0.71
CUR010,2026-11-27T15:16:00,LW,1.0307,Puerto Natales,2026-11-27T14:55:00,0.35
CUR010,2026-11-27T19:41:00,HW,1.0107,Puerto Natales,2026-11-27T19:10:00,0.39
CUR010,2026-11-28T00:43:00,LW,1.0618,Puerto Natales,2026-11-28T00:22:00,0.29
CUR010,2026-11-28T08:35:00,HW,0.8961,Puerto Natales,2026-11-28T08:04:00,0.64
CUR010,2026-11-28T16:11:00,LW,1.0513,Puerto Natales,2026-11-28T15:50:00,0.31
CUR010,2026-11-28T21:21:00,HW,1.0257,Puerto Natales,2026-11-28T20:50:00,0.36
CUR010,2026-11-29T01:40:00,LW,1.0671,Puerto Natales,2026-11-29T01:19:00,0.28
CUR010,2026-11-29T09:38:00,HW,0.9264,Puerto Natales,2026-11-29T09:07:00,0.57
CUR010,2026-11-29T17:32:00,LW,1.0725,Puerto Natales,2026-11-29T17:11:00,0.27
CUR010,2026-11-29T22:46:00,HW,1.041,Puerto Natales,2026-11-29T22:15:00,0.33
CUR010,2026-11-30T03:09:00,LW,1.0725,Puerto Natales,2026-11-30T02:48:00,0.27
CUR010,2026-11-30T10:51:00,HW,0.9534,Puerto Natales,2026-11-30T10:20:00,0.51
CUR010,2026-11-30T18:56:00,LW,1.0941,Puerto Natales,2026-11-30T18:35:00,0.23
CUR010,2026-12-01T00:06:00,HW,1.041,Puerto Natales,2026-11-30T23:35:00,0.33
CUR010,2026-12-01T05:01:00,LW,1.0832,Puerto Natales,2026-12-01T04:40:00,0.25
CUR010,2026-12-01T11:59:00,HW,0.9673,Puerto Natales,2026-12-01T11:28:00,0.48
CUR010,2026-12-01T19:34:00,LW,1.1052,Puerto Natales,2026-12-01T19:13:00,0.21
CUR010,2026-12-02T01:20:00,HW,1.0307,Puerto Natales,2026-12-02T00:49:00,0.35
CUR010,2026-12-02T06:29:00,LW,1.0887,Puerto Natales,2026-12-02T06:08:00,0.24
CUR010,2026-12-02T12:58:00,HW,0.9767,Puerto Natales,2026-12-02T12:27:00,0.46
CUR010,2026-12-02T19:59:00,LW,1.1052,Puerto Natales,2026-12-02T19:38:00,0.21
CUR010,2026-12-03T02:14:00,HW,1.0057,Puerto Natales,2026-12-03T01:43:00,0.4
CUR010,2026-12-03T07:49:00,LW,1.0887,Puerto Natales,2026-12-03T07:28:00,0.24
CUR010,2026-12-03T13:51:00,HW,0.9815,Puerto Natales,2026-12-03T13:20:00,0.45
CUR010,2026-12-03T20:21:00,LW,1.0996,Puerto Natales,2026-12-03T20:00:00,0.22
CUR010,2026-12-04T02:57:00,HW,0.972,Puerto Natales,2026-12-04T02:26:00,0.47
CUR010,2026-12-04T08:56:00,LW,1.0832,Puerto Natales,2026-12-04T08:35:00,0.25
CUR010,2026-12-04T14:43:00,HW,0.9863,Puerto Natales,2026-12-04T14:12:00,0.44
CUR010,2026-12-04T20:43:00,LW,1.0887,Puerto Natales,2026-12-04T20:22:00,0.24
CUR010,2026-12-05T03:36:00,HW,0.9353,Puerto Natales,2026-12-05T03:05:00,0.55
CUR010,2026-12-05T09:49:00,LW,1.0671,Puerto Natales,2026-12-05T09:28:00,0.28
CUR010,2026-12-05T15:33:00,HW,0.9815,Puerto Natales,2026-12-05T15:02:00,0.45
CUR010,2026-12-05T21:08:00,LW,1.0778,Puerto Natales,2026-12-05T20:47:00,0.26
CUR010,2026-12-06T04:14:00,HW,0.9089,Puerto Natales,2026-12-06T03:43:00,0.61
CUR010,2026-12-06T10:35:00,LW,1.0461,Puerto Natales,2026-12-06T10:14:00,0.32
CUR010,2026-12-06T16:16:00,HW,0.972,Puerto Natales,2026-12-06T15:45:00,0.47
CUR010,2026-12-06T21:36:00,LW,1.0618,Puerto Natales,2026-12-06T21:15:00,0.29
CUR010,2026-12-07T04:52:00,HW,0.8877,Puerto Natales,2026-12-07T04:21:00,0.66
CUR010,2026-12-07T11:20:00,LW,1.0307,Puerto Natales,2026-12-07T10:59:00,0.35
CUR010,2026-12-07T16:53:00,HW,0.9673,Puerto Natales,2026-12-07T16:22:00,0.48
CUR010,2026-12-07T22:07:00,LW,1.0513,Puerto Natales,2026-12-07T21:46:00,0.31
CUR010,2026-12-08T05:31:00,HW,0.8753,Puerto Natales,2026-12-08T05:00:00,0.69
CUR010,2026-12-08T12:10:00,LW,1.0156,Puerto Natales,2026-12-08T11:49:00,0.38
CUR010,2026-12-08T17:24:00,HW,0.9673,Puerto Natales,2026-12-08T16:53:00,0.48
CUR010,2026-12-08T22:37:00,LW,1.0461,Puerto Natales,2026-12-08T22:16:00,0.32
CUR010,2026-12-09T06:10:00,HW,0.8712,Puerto Natales,2026-12-09T05:39:00,0.7
CUR010,2026-12-09T13:07:00,LW,1.0107,Puerto Natales,2026-12-09T12:46:00,0.39
CUR010,2026-12-09T17:47:00,HW,0.9767,Puerto Natales,2026-12-09T17:16:00,0.46
CUR010,2026-12-09T23:04:00,LW,1.0513,Puerto Natales,2026-12-09T22:43:00,0.31
CUR010,2026-12-10T06:47:00,HW,0.8753,Puerto Natales,2026-12-10T06:16:00,0.69
CUR010,2026-12-10T14:08:00,LW,1.0156,Puerto Natales,2026-12-10T13:47:00,0.38
CUR010,2026-12-10T17:55:00,HW,0.9959,Puerto Natales,2026-12-10T17:24:00,0.42
CUR010,2026-12-10T23:31:00,LW,1.0566,Puerto Natales,2026-12-10T23:10:00,0.3
CUR010,2026-12-11T07:20:00,HW,0.8835,Puerto Natales,2026-12-11T06:49:00,0.67
CUR010,2026-12-11T15:02:00,LW,1.0257,Puerto Natales,2026-12-11T14:41:00,0.36
CUR010,2026-12-11T17:43:00,HW,1.0206,Puerto Natales,2026-12-11T17:12:00,0.37
CUR010,2026-12-11T23:57:00,LW,1.0671,Puerto Natales,2026-12-11T23:36:00,0.28
CUR010,2026-12-12T07:51:00,HW,0.9046,Puerto Natales,2026-12-12T07:20:00,0.62
CUR010,2026-12-12T15:47:00,LW,1.0461,Puerto Natales,2026-12-12T15:26:00,0.32
CUR010,2026-12-12T17:50:00,HW,1.041,Puerto Natales,2026-12-12T17:19:00,0.33
CUR010,2026-12-13T00:27:00,LW,1.0778,Puerto Natales,2026-12-13T00:06:00,0.26
CUR010,2026-12-13T08:22:00,HW,0.9353,Puerto Natales,2026-12-13T07:51:00,0.55
CUR010,2026-12-13T16:27:00,LW,1.0671,Puerto Natales,2026-12-13T16:06:00,0.28
CUR010,2026-12-13T18:21:00,HW,1.0618,Puerto Natales,2026-12-13T17:50:00,0.29
CUR010,2026-12-14T01:04:00,LW,1.0778,Puerto Natales,2026-12-14T00:43:00,0.26
CUR010,2026-12-14T09:03:00,HW,0.9673,Puerto Natales,2026-12-14T08:32:00,0.48
CUR010,2026-12-14T17:08:00,LW,1.0778,Puerto Natales,2026-12-14T16:47:00,0.26
CUR010,2026-12-14T22:46:00,HW,1.0671,Puerto Natales,2026-12-14T22:15:00,0.28
CUR010,2026-12-15T02:10:00,LW,1.0778,Puerto Natales,2026-12-15T01:49:00,0.26
CUR010,2026-12-15T10:04:00,HW,0.9911,Puerto Natales,2026-12-15T09:33:00,0.43
CUR010,2026-12-15T18:02:00,LW,1.0832,Puerto Natales,2026-12-15T17:41:00,0.25
CUR010,2026-12-16T00:01:00,HW,1.0618,Puerto Natales,2026-12-15T23:30:00,0.29
CUR010,2026-12-16T04:10:00,LW,1.0832,Puerto Natales,2026-12-16T03:49:00,0.25
CUR010,2026-12-16T11:21:00,HW,1.0057,Puerto Natales,2026-12-16T10:50:00,0.4
CUR010,2026-12-16T18:44:00,LW,1.0887,Puerto Natales,2026-12-16T18:23:00,0.24
CUR010,2026-12-17T01:00:00,HW,1.0461,Puerto Natales,2026-12-17T00:29:00,0.32
CUR010,2026-12-17T06:02:00,LW,1.0887,Puerto Natales,2026-12-17T05:41:00,0.24
CUR010,2026-12-17T12:29:00,HW,1.0057,Puerto Natales,2026-12-17T11:58:00,0.4
CUR010,2026-12-17T19:13:00,LW,1.0778,Puerto Natales,2026-12-17T18:52:00,0.26
CUR010,2026-12-18T01:43:00,HW,1.0156,Puerto Natales,2026-12-18T01:12:00,0.38
CUR010,2026-12-18T07:37:00,LW,1.0887,Puerto Natales,2026-12-18T07:16:00,0.24
CUR010,2026-12-18T13:29:00,HW,1.0008,Puerto Natales,2026-12-18T12:58:00,0.41
CUR010,2026-12-18T19:35:00,LW,1.0671,Puerto Natales,2026-12-18T19:14:00,0.28
CUR010,2026-12-19T02:22:00,HW,0.9767,Puerto Natales,2026-12-19T01:51:00,0.46
CUR010,2026-12-19T08:46:00,LW,1.0778,Puerto Natales,2026-12-19T08:25:00,0.26
CUR010,2026-12-19T14:23:00,HW,0.9911,Puerto Natales,2026-12-19T13:52:00,0.43
CUR010,2026-12-19T19:55:00,LW,1.0618,Puerto Natales,2026-12-19T19:34:00,0.29
CUR010,2026-12-20T03:01:00,HW,0.9264,Puerto Natales,2026-12-20T02:30:00,0.57
CUR010,2026-12-20T09:42:00,LW,1.0618,Puerto Natales,2026-12-20T09:21:00,0.29
CUR010,2026-12-20T15:10:00,HW,0.9815,Puerto Natales,2026-12-20T14:39:00,0.45
CUR010,2026-12-20T20:18:00,LW,1.0513,Puerto Natales,2026-12-20T19:57:00,0.31
CUR010,2026-12-21T03:41:00,HW,0.8835,Puerto Natales,2026-12-21T03:10:00,0.67
CUR010,2026-12-21T10:34:00,LW,1.041,Puerto Natales,2026-12-21T10:13:00,0.33
CUR010,2026-12-21T15:52:00,HW,0.9767,Puerto Natales,2026-12-21T15:21:00,0.46
CUR010,2026-12-21T20:46:00,LW,1.0513,Puerto Natales,2026-12-21T20:25:00,0.31
CUR010,2026-12-22T04:22:00,HW,0.8512,Puerto Natales,2026-12-22T03:51:00,0.75
CUR010,2026-12-22T11:26:00,LW,1.0257,Puerto Natales,2026-12-22T11:05:00,0.36
CUR010,2026-12-22T16:30:00,HW,0.972,Puerto Natales,2026-12-22T15:59:00,0.47
CUR010,2026-12-22T21:21:00,LW,1.0461,Puerto Natales,2026-12-22T21:00:00,0.32
CUR010,2026-12-23T05:04:00,HW,0.8318,Puerto Natales,2026-12-23T04:33:00,0.8
CUR010,2026-12-23T12:15:00,LW,1.0107,Puerto Natales,2026-12-23T11:54:00,0.39
CUR010,2026-12-23T17:09:00,HW,0.9626,Puerto Natales,2026-12-23T16:38:00,0.49
CUR010,2026-12-23T22:06:00,LW,1.041,Puerto Natales,2026-12-23T21:45:00,0.33
CUR010,2026-12-24T05:47:00,HW,0.8318,Puerto Natales,2026-12-24T05:16:00,0.8
CUR010,2026-12-24T13:00:00,LW,1.0057,Puerto Natales,2026-12-24T12:39:00,0.4
CUR010,2026-12-24T17:51:00,HW,0.9626,Puerto Natales,2026-12-24T17:20:00,0.49
CUR010,2026-12-24T22:58:00,LW,1.0358,Puerto Natales,2026-12-24T22:37:00,0.34
CUR010,2026-12-25T06:32:00,HW,0.8472,Puerto Natales,2026-12-25T06:01:00,0.76
CUR010,2026-12-25T13:42:00,LW,1.0107,Puerto Natales,2026-12-25T13:21:00,0.39
CUR010,2026-12-25T18:40:00,HW,0.9673,Puerto Natales,2026-12-25T18:09:00,0.48
CUR010,2026-12-25T23:49:00,LW,1.0358,Puerto Natales,2026-12-25T23:28:00,0.34
CUR010,2026-12-26T07:19:00,HW,0.8712,Puerto Natales,2026-12-26T06:48:00,0.7
CUR010,2026-12-26T14:26:00,LW,1.0257,Puerto Natales,2026-12-26T14:05:00,0.36
CUR010,2026-12-26T19:45:00,HW,0.9815,Puerto Natales,2026-12-26T19:14:00,0.45
CUR010,2026-12-27T00:42:00,LW,1.041,Puerto Natales,2026-12-27T00:21:00,0.33
CUR010,2026-12-27T08:11:00,HW,0.9003,Puerto Natales,2026-12-27T07:40:00,0.63
CUR010,2026-12-27T15:17:00,LW,1.041,Puerto Natales,2026-12-27T14:56:00,0.33
CUR010,2026-12-27T21:06:00,HW,1.0008,Puerto Natales,2026-12-27T20:35:00,0.41
CUR010,2026-12-28T01:43:00,LW,1.0513,Puerto Natales,2026-12-28T01:22:00,0.31
CUR010,2026-12-28T09:11:00,HW,0.9308,Puerto Natales,2026-12-28T08:40:00,0.56
CUR010,2026-12-28T16:20:00,LW,1.0618,Puerto Natales,2026-12-28T15:59:00,0.29
CUR010,2026-12-28T22:21:00,HW,1.0156,Puerto Natales,2026-12-28T21:50:00,0.38
CUR010,2026-12-29T03:21:00,LW,1.0618,Puerto Natales,2026-12-29T03:00:00,0.29
CUR010,2026-12-29T10:19:00,HW,0.9626,Puerto Natales,2026-12-29T09:48:00,0.49
CUR010,2026-12-29T17:37:00,LW,1.0832,Puerto Natales,2026-12-29T17:16:00,0.25
CUR010,2026-12-29T23:37:00,HW,1.0206,Puerto Natales,2026-12-29T23:06:00,0.37
CUR010,2026-12-30T05:06:00,LW,1.0778,Puerto Natales,2026-12-30T04:45:00,0.26
CUR010,2026-12-30T11:27:00,HW,0.9911,Puerto Natales,2026-12-30T10:56:00,0.43
CUR010,2026-12-30T18:29:00,LW,1.0996,Puerto Natales,2026-12-30T18:08:00,0.22
CUR010,2026-12-31T00:49:00,HW,1.0107,Puerto Natales,2026-12-31T00:18:00,0.39
CUR010,2026-12-31T06:38:00,LW,1.0887,Puerto Natales,2026-12-31T06:17:00,0.24
CUR010,2026-12-31T12:29:00,HW,1.0107,Puerto Natales,2026-12-31T11:58:00,0.39
CUR010,2026-12-31T19:01:00,LW,1.1052,Puerto Natales,2026-12-31T18:40:00,0.21
CUR011,2026-01-01T02:31:00,HW,0.75,Puerto Natales,2026-01-01T03:36:00,0.75
CUR011,2026-01-01T09:43:00,LW,0.39,Puerto Natales,2026-01-01T10:48:00,0.34
CUR011,2026-01-01T14:48:00,HW,0.46,Puerto Natales,2026-01-01T15:53:00,0.46
CUR011,2026-01-01T19:44:00,LW,0.36,Puerto Natales,2026-01-01T20:49:00,0.31
CUR011,2026-01-02T03:13:00,HW,0.78,Puerto Natales,2026-01-02T04:18:00,0.78
CUR011,2026-01-02T10:26:00,LW,0.42,Puerto Natales,2026-01-02T11:31:00,0.37
CUR011,2026-01-02T15:31:00,HW,0.49,Puerto Natales,2026-01-02T16:36:00,0.49
CUR011,2026-01-02T20:33:00,LW,0.39,Puerto Natales,2026-01-02T21:38:00,0.34
CUR011,2026-01-03T03:56:00,HW,0.79,Puerto Natales,2026-01-03T05:01:00,0.79
CUR011,2026-01-03T11:10:00,LW,0.43,Puerto Natales,2026-01-03T12:15:00,0.38
CUR011,2026-01-03T16:14:00,HW,0.51,Puerto Natales,2026-01-03T17:19:00,0.51
CUR011,2026-01-03T21:24:00,LW,0.4,Puerto Natales,2026-01-03T22:29:00,0.35
CUR011,2026-01-04T04:40:00,HW,0.76,Puerto Natales,2026-01-04T05:45:00,0.76
CUR011,2026-01-04T11:56:00,LW,0.43,Puerto Natales,2026-01-04T13:01:00,0.38
CUR011,2026-01-04T17:02:00,HW,0.5,Puerto Natales,2026-01-04T18:07:00,0.5
CUR011,2026-01-04T22:11:00,LW,0.4,Puerto Natales,2026-01-04T23:16:00,0.35
CUR011,2026-01-05T05:26:00,HW,0.72,Puerto Natales,2026-01-05T06:31:00,0.72
CUR011,2026-01-05T12:44:00,LW,0.41,Puerto Natales,2026-01-05T13:49:00,0.36
CUR011,2026-01-05T18:01:00,HW,0.46,Puerto Natales,2026-01-05T19:06:00,0.46
CUR011,2026-01-05T22:56:00,LW,0.39,Puerto Natales,2026-01-06T00:01:00,0.34
CUR011,2026-01-06T06:14:00,HW,0.66,Puerto Natales,2026-01-06T07:19:00,0.66
CUR011,2026-01-06T13:35:00,LW,0.38,Puerto Natales,2026-01-06T14:40:00,0.33
CUR011,2026-01-06T19:12:00,HW,0.42,Puerto Natales,2026-01-06T20:17:00,0.42
CUR011,2026-01-06T23:44:00,LW,0.37,Puerto Natales,2026-01-07T00:49:00,0.32
CUR011,2026-01-07T07:07:00,HW,0.58,Puerto Natales,2026-01-07T08:12:00,0.58
CUR011,2026-01-07T14:30:00,LW,0.35,Puerto Natales,2026-01-07T15:35:00,0.3
CUR011,2026-01-07T20:23:00,HW,0.38,Puerto Natales,2026-01-07T21:28:00,0.38
CUR011,2026-01-08T01:03:00,LW,0.35,Puerto Natales,2026-01-08T02:08:00,0.3
CUR011,2026-01-08T08:07:00,HW,0.5,Puerto Natales,2026-01-08T09:12:00,0.5
CUR011,2026-01-08T15:29:00,LW,0.32,Puerto Natales,2026-01-08T16:34:00,0.27
CUR011,2026-01-08T21:31:00,HW,0.36,Puerto Natales,2026-01-08T22:36:00,0.36
CUR011,2026-01-09T03:09:00,LW,0.33,Puerto Natales,2026-01-09T04:14:00,0.28
CUR011,2026-01-09T09:14:00,HW,0.41,Puerto Natales,2026-01-09T10:19:00,0.41
CUR011,2026-01-09T16:19:00,LW,0.29,Puerto Natales,2026-01-09T17:24:00,0.24
CUR011,2026-01-09T22:42:00,HW,0.37,Puerto Natales,2026-01-09T23:47:00,0.37
CUR011,2026-01-10T04:46:00,LW,0.3,Puerto Natales,2026-01-10T05:51:00,0.25
CUR011,2026-01-10T10:18:00,HW,0.35,Puerto Natales,2026-01-10T11:23:00,0.35
CUR011,2026-01-10T16:54:00,LW,0.27,Puerto Natales,2026-01-10T17:59:00,0.22
CUR011,2026-01-10T23:43:00,HW,0.4,Puerto Natales,2026-01-11T00:48:00,0.4
CUR011,2026-01-11T06:17:00,LW,0.28,Puerto Natales,2026-01-11T07:22:00,0.23
CUR011,2026-01-11T11:18:00,HW,0.31,Puerto Natales,2026-01-11T12:23:00,0.31
CUR011,2026-01-11T17:26:00,LW,0.25,Puerto Natales,2026-01-11T18:31:00,0.2
CUR011,2026-01-12T00:31:00,HW,0.44,Puerto Natales,2026-01-12T01:36:00,0.44
CUR011,2026-01-12T07:19:00,LW,0.27,Puerto Natales,2026-01-12T08:24:00,0.22
CUR011,2026-01-12T12:18:00,HW,0.31,Puerto Natales,2026-01-12T13:23:00,0.31
CUR011,2026-01-12T17:57:00,LW,0.25,Puerto Natales,2026-01-12T19:02:00,0.2
CUR011,2026-01-13T01:11:00,HW,0.49,Puerto Natales,2026-01-13T02:16:00,0.49
CUR011,2026-01-13T08:00:00,LW,0.29,Puerto Natales,2026-01-13T09:05:00,0.24
CUR011,2026-01-13T13:13:00,HW,0.33,Puerto Natales,2026-01-13T14:18:00,0.33
CUR011,2026-01-13T18:28:00,LW,0.27,Puerto Natales,2026-01-13T19:33:00,0.22
CUR011,2026-01-14T01:47:00,HW,0.55,Puerto Natales,2026-01-14T02:52:00,0.55
CUR011,2026-01-14T08:36:00,LW,0.33,Puerto Natales,2026-01-14T09:41:00,0.28
CUR011,2026-01-14T13:57:00,HW,0.37,Puerto Natales,2026-01-14T15:02:00,0.37
CUR011,2026-01-14T18:56:00,LW,0.3,Puerto Natales,2026-01-14T20:01:00,0.25
CUR011,2026-01-15T02:18:00,HW,0.6,Puerto Natales,2026-01-15T03:23:00,0.6
CUR011,2026-01-15T09:12:00,LW,0.36,Puerto Natales,2026-01-15T10:17:00,0.31
CUR011,2026-01-15T14:33:00,HW,0.4,Puerto Natales,2026-01-15T15:38:00,0.4
CUR011,2026-01-15T19:21:00,LW,0.33,Puerto Natales,2026-01-15T20:26:00,0.28
CUR011,2026-01-16T02:45:00,HW,0.66,Puerto Natales,2026-01-16T03:50:00,0.66
CUR011,2026-01-16T09:52:00,LW,0.38,Puerto Natales,2026-01-16T10:57:00,0.33
CUR011,2026-01-16T15:04:00,HW,0.43,Puerto Natales,2026-01-16T16:09:00,0.43
CUR011,2026-01-16T19:46:00,LW,0.37,Puerto Natales,2026-01-16T20:51:00,0.32
CUR011,2026-01-17T03:12:00,HW,0.71,Puerto Natales,2026-01-17T04:17:00,0.71
CUR011,2026-01-17T10:33:00,LW,0.4,Puerto Natales,2026-01-17T11:38:00,0.35
CUR011,2026-01-17T15:30:00,HW,0.44,Puerto Natales,2026-01-17T16:35:00,0.44
CUR011,2026-01-17T20:15:00,LW,0.39,Puerto Natales,2026-01-17T21:20:00,0.34
CUR011,2026-01-18T03:40:00,HW,0.73,Puerto Natales,2026-01-18T04:45:00,0.73
CUR011,2026-01-18T11:10:00,LW,0.41,Puerto Natales,2026-01-18T12:15:00,0.36
CUR011,2026-01-18T15:52:00,HW,0.44,Puerto Natales,2026-01-18T16:57:00,0.44
CUR011,2026-01-18T20:53:00,LW,0.4,Puerto Natales,2026-01-18T21:58:00,0.35
CUR011,2026-01-19T04:13:00,HW,0.72,Puerto Natales,2026-01-19T05:18:00,0.72
CUR011,2026-01-19T11:38:00,LW,0.42,Puerto Natales,2026-01-19T12:43:00,0.37
CUR011,2026-01-19T16:12:00,HW,0.45,Puerto Natales,2026-01-19T17:17:00,0.45
CUR011,2026-01-19T21:38:00,LW,0.39,Puerto Natales,2026-01-19T22:43:00,0.34
CUR011,2026-01-20T04:50:00,HW,0.68,Puerto Natales,2026-01-20T05:55:00,0.68
CUR011,2026-01-20T12:00:00,LW,0.42,Puerto Natales,2026-01-20T13:05:00,0.37
CUR011,2026-01-20T16:35:00,HW,0.45,Puerto Natales,2026-01-20T17:40:00,0.45
CUR011,2026-01-20T22:29:00,LW,0.37,Puerto Natales,2026-01-20T23:34:00,0.32
CUR011,2026-01-21T05:33:00,HW,0.61,Puerto Natales,2026-01-21T06:38:00,0.61
CUR011,2026-01-21T12:22:00,LW,0.4,Puerto Natales,2026-01-21T13:27:00,0.35
CUR011,2026-01-21T17:12:00,HW,0.44,Puerto Natales,2026-01-21T18:17:00,0.44
CUR011,2026-01-21T23:27:00,LW,0.35,Puerto Natales,2026-01-22T00:32:00,0.3
CUR011,2026-01-22T06:23:00,HW,0.52,Puerto Natales,2026-01-22T07:28:00,0.52
CUR011,2026-01-22T12:51:00,LW,0.38,Puerto Natales,2026-01-22T13:56:00,0.33
CUR011,2026-01-22T18:29:00,HW,0.42,Puerto Natales,2026-01-22T19:34:00,0.42
CUR011,2026-01-23T00:47:00,LW,0.33,Puerto Natales,2026-01-23T01:52:00,0.28
CUR011,2026-01-23T07:25:00,HW,0.45,Puerto Natales,2026-01-23T08:30:00,0.45
CUR011,2026-01-23T13:30:00,LW,0.35,Puerto Natales,2026-01-23T14:35:00,0.3
CUR011,2026-01-23T20:04:00,HW,0.41,Puerto Natales,2026-01-23T21:09:00,0.41
CUR011,2026-01-24T02:44:00,LW,0.32,Puerto Natales,2026-01-24T03:49:00,0.27
CUR011,2026-01-24T08:38:00,HW,0.39,Puerto Natales,2026-01-24T09:43:00,0.39
CUR011,2026-01-24T14:20:00,LW,0.32,Puerto Natales,2026-01-24T15:25:00,0.27
CUR011,2026-01-24T21:32:00,HW,0.42,Puerto Natales,2026-01-24T22:37:00,0.42
CUR011,2026-01-25T04:28:00,LW,0.3,Puerto Natales,2026-01-25T05:33:00,0.25
CUR011,2026-01-25T09:45:00,HW,0.35,Puerto Natales,2026-01-25T10:50:00,0.35
CUR011,2026-01-25T15:20:00,LW,0.29,Puerto Natales,2026-01-25T16:25:00,0.24
CUR011,2026-01-25T22:53:00,HW,0.46,Puerto Natales,2026-01-25T23:58:00,0.46
CUR011,2026-01-26T06:12:00,LW,0.29,Puerto Natales,2026-01-26T07:17:00,0.24
CUR011,2026-01-26T10:46:00,HW,0.33,Puerto Natales,2026-01-26T11:51:00,0.33
CUR011,2026-01-26T16:14:00,LW,0.28,Puerto Natales,2026-01-26T17:19:00,0.23
CUR011,2026-01-26T23:54:00,HW,0.54,Puerto Natales,2026-01-27T00:59:00,0.54
CUR011,2026-01-27T07:23:00,LW,0.28,Puerto Natales,2026-01-27T08:28:00,0.23
CUR011,2026-01-27T11:53:00,HW,0.32,Puerto Natales,2026-01-27T12:58:00,0.32
CUR011,2026-01-27T17:00:00,LW,0.28,Puerto Natales,2026-01-27T18:05:00,0.23
CUR011,2026-01-28T00:41:00,HW,0.61,Puerto Natales,2026-01-28T01:46:00,0.61
CUR011,2026-01-28T08:12:00,LW,0.29,Puerto Natales,2026-01-28T09:17:00,0.24
CUR011,2026-01-28T13:07:00,HW,0.34,Puerto Natales,2026-01-28T14:12:00,0.34
CUR011,2026-01-28T17:45:00,LW,0.3,Puerto Natales,2026-01-28T18:50:00,0.25
CUR011,2026-01-29T01:24:00,HW,0.68,Puerto Natales,2026-01-29T02:29:00,0.68
CUR011,2026-01-29T08:52:00,LW,0.31,Puerto Natales,2026-01-29T09:57:00,0.26
CUR011,2026-01-29T14:04:00,HW,0.39,Puerto Natales,2026-01-29T15:09:00,0.39
CUR011,2026-01-29T18:35:00,LW,0.33,Puerto Natales,2026-01-29T19:40:00,0.28
CUR011,2026-01-30T02:07:00,HW,0.73,Puerto Natales,2026-01-30T03:12:00,0.73
CUR011,2026-01-30T09:27:00,LW,0.35,Puerto Natales,2026-01-30T10:32:00,0.3
CUR011,2026-01-30T14:48:00,HW,0.45,Puerto Natales,2026-01-30T15:53:00,0.45
CUR011,2026-01-30T19:32:00,LW,0.37,Puerto Natales,2026-01-30T20:37:00,0.32
CUR011,2026-01-31T02:51:00,HW,0.75,Puerto Natales,2026-01-31T03:56:00,0.75
CUR011,2026-01-31T10:01:00,LW,0.39,Puerto Natales,2026-01-31T11:06:00,0.34
CUR011,2026-01-31T15:27:00,HW,0.5,Puerto Natales,2026-01-31T16:32:00,0.5
CUR011,2026-01-31T20:29:00,LW,0.4,Puerto Natales,2026-01-31T21:34:00,0.35
CUR011,2026-02-01T03:36:00,HW,0.75,Puerto Natales,2026-02-01T04:41:00,0.75
CUR011,2026-02-01T10:39:00,LW,0.42,Puerto Natales,2026-02-01T11:44:00,0.37
CUR011,2026-02-01T16:08:00,HW,0.53,Puerto Natales,2026-02-01T17:13:00,0.53
CUR011,2026-02-01T21:20:00,LW,0.41,Puerto Natales,2026-02-01T22:25:00,0.36
CUR011,2026-02-02T04:20:00,HW,0.74,Puerto Natales,2026-02-02T05:25:00,0.74
CUR011,2026-02-02T11:21:00,LW,0.42,Puerto Natales,2026-02-02T12:26:00,0.37
CUR011,2026-02-02T16:53:00,HW,0.53,Puerto Natales,2026-02-02T17:58:00,0.53
CUR011,2026-02-02T22:05:00,LW,0.42,Puerto Natales,2026-02-02T23:10:00,0.37
CUR011,2026-02-03T05:03:00,HW,0.71,Puerto Natales,2026-02-03T06:08:00,0.71
CUR011,2026-02-03T12:03:00,LW,0.41,Puerto Natales,2026-02-03T13:08:00,0.36
CUR011,2026-02-03T17:47:00,HW,0.5,Puerto Natales,2026-02-03T18:52:00,0.5
CUR011,2026-02-03T22:49:00,LW,0.41,Puerto Natales,2026-02-03T23:54:00,0.36
CUR011,2026-02-04T05:44:00,HW,0.64,Puerto Natales,2026-02-04T06:49:00,0.64
CUR011,2026-02-04T12:42:00,LW,0.39,Puerto Natales,2026-02-04T13:47:00,0.34
CUR011,2026-02-04T18:49:00,HW,0.47,Puerto Natales,2026-02-04T19:54:00,0.47
CUR011,2026-02-04T23:46:00,LW,0.4,Puerto Natales,2026-02-05T00:51:00,0.35
CUR011,2026-02-05T06:28:00,HW,0.56,Puerto Natales,2026-02-05T07:33:00,0.56
CUR011,2026-02-05T13:17:00,LW,0.36,Puerto Natales,2026-02-05T14:22:00,0.31
CUR011,2026-02-05T19:51:00,HW,0.45,Puerto Natales,2026-02-05T20:56:00,0.45
CUR011,2026-02-06T01:34:00,LW,0.38,Puerto Natales,2026-02-06T02:39:00,0.33
CUR011,2026-02-06T07:19:00,HW,0.45,Puerto Natales,2026-02-06T08:24:00,0.45
CUR011,2026-02-06T13:47:00,LW,0.33,Puerto Natales,2026-02-06T14:52:00,0.28
CUR011,2026-02-06T20:52:00,HW,0.43,Puerto Natales,2026-02-06T21:57:00,0.43
CUR011,2026-02-07T03:20:00,LW,0.34,Puerto Natales,2026-02-07T04:25:00,0.29
CUR011,2026-02-07T08:27:00,HW,0.36,Puerto Natales,2026-02-07T09:32:00,0.36
CUR011,2026-02-07T14:17:00,LW,0.3,Puerto Natales,2026-02-07T15:22:00,0.25
CUR011,2026-02-07T21:59:00,HW,0.42,Puerto Natales,2026-02-07T23:04:00,0.42
CUR011,2026-02-08T05:00:00,LW,0.31,Puerto Natales,2026-02-08T06:05:00,0.26
CUR011,2026-02-08T09:40:00,HW,0.29,Puerto Natales,2026-02-08T10:45:00,0.29
CUR011,2026-02-08T15:00:00,LW,0.27,Puerto Natales,2026-02-08T16:05:00,0.22
CUR011,2026-02-08T23:05:00,HW,0.43,Puerto Natales,2026-02-09T00:10:00,0.43
CUR011,2026-02-09T06:45:00,LW,0.27,Puerto Natales,2026-02-09T07:50:00,0.22
CUR011,2026-02-09T10:45:00,HW,0.26,Puerto Natales,2026-02-09T11:50:00,0.26
CUR011,2026-02-09T16:02:00,LW,0.25,Puerto Natales,2026-02-09T17:07:00,0.2
CUR011,2026-02-09T23:59:00,HW,0.45,Puerto Natales,2026-02-10T01:04:00,0.45
CUR011,2026-02-10T07:29:00,LW,0.27,Puerto Natales,2026-02-10T08:34:00,0.22
CUR011,2026-02-10T11:51:00,HW,0.26,Puerto Natales,2026-02-10T12:56:00,0.26
CUR011,2026-02-10T16:53:00,LW,0.24,Puerto Natales,2026-02-10T17:58:00,0.19
CUR011,2026-02-11T00:39:00,HW,0.49,Puerto Natales,2026-02-11T01:44:00,0.49
CUR011,2026-02-11T07:58:00,LW,0.27,Puerto Natales,2026-02-11T09:03:00,0.22
CUR011,2026-02-11T13:00:00,HW,0.28,Puerto Natales,2026-02-11T14:05:00,0.28
CUR011,2026-02-11T17:29:00,LW,0.26,Puerto Natales,2026-02-11T18:34:00,0.21
CUR011,2026-02-12T01:11:00,HW,0.54,Puerto Natales,2026-02-12T02:16:00,0.54
CUR011,2026-02-12T08:26:00,LW,0.29,Puerto Natales,2026-02-12T09:31:00,0.24
CUR011,2026-02-12T13:52:00,HW,0.32,Puerto Natales,2026-02-12T14:57:00,0.32
CUR011,2026-02-12T17:59:00,LW,0.29,Puerto Natales,2026-02-12T19:04:00,0.24
CUR011,2026-02-13T01:37:00,HW,0.6,Puerto Natales,2026-02-13T02:42:00,0.6
CUR011,2026-02-13T08:57:00,LW,0.31,Puerto Natales,2026-02-13T10:02:00,0.26
CUR011,2026-02-13T14:32:00,HW,0.36,Puerto Natales,2026-02-13T15:37:00,0.36
CUR011,2026-02-13T18:29:00,LW,0.34,Puerto Natales,2026-02-13T19:34:00,0.29
CUR011,2026-02-14T02:02:00,HW,0.66,Puerto Natales,2026-02-14T03:07:00,0.66
CUR011,2026-02-14T09:27:00,LW,0.34,Puerto Natales,2026-02-14T10:32:00,0.29
CUR011,2026-02-14T15:02:00,HW,0.4,Puerto Natales,2026-02-14T16:07:00,0.4
CUR011,2026-02-14T19:05:00,LW,0.38,Puerto Natales,2026-02-14T20:10:00,0.33
CUR011,2026-02-15T02:32:00,HW,0.7,Puerto Natales,2026-02-15T03:37:00,0.7
CUR011,2026-02-15T09:56:00,LW,0.38,Puerto Natales,2026-02-15T11:01:00,0.33
CUR011,2026-02-15T15:24:00,HW,0.45,Puerto Natales,2026-02-15T16:29:00,0.45
CUR011,2026-02-15T19:53:00,LW,0.41,Puerto Natales,2026-02-15T20:58:00,0.36
CUR011,2026-02-16T03:07:00,HW,0.72,Puerto Natales,2026-02-16T04:12:00,0.72
CUR011,2026-02-16T10:20:00,LW,0.41,Puerto Natales,2026-02-16T11:25:00,0.36
CUR011,2026-02-16T15:40:00,HW,0.49,Puerto Natales,2026-02-16T16:45:00,0.49
CUR011,2026-02-16T20:48:00,LW,0.42,Puerto Natales,2026-02-16T21:53:00,0.37
CUR011,2026-02-17T03:49:00,HW,0.7,Puerto Natales,2026-02-17T04:54:00,0.7
CUR011,2026-02-17T10:40:00,LW,0.44,Puerto Natales,2026-02-17T11:45:00,0.39
CUR011,2026-02-17T15:58:00,HW,0.52,Puerto Natales,2026-02-17T17:03:00,0.52
CUR011,2026-02-17T21:42:00,LW,0.41,Puerto Natales,2026-02-17T22:47:00,0.36
CUR011,2026-02-18T04:32:00,HW,0.65,Puerto Natales,2026-02-18T05:37:00,0.65
CUR011,2026-02-18T11:02:00,LW,0.45,Puerto Natales,2026-02-18T12:07:00,0.4
CUR011,2026-02-18T16:26:00,HW,0.53,Puerto Natales,2026-02-18T17:31:00,0.53
CUR011,2026-02-18T22:36:00,LW,0.39,Puerto Natales,2026-02-18T23:41:00,0.34
CUR011,2026-02-19T05:16:00,HW,0.59,Puerto Natales,2026-02-19T06:21:00,0.59
CUR011,2026-02-19T11:29:00,LW,0.43,Puerto Natales,2026-02-19T12:34:00,0.38
CUR011,2026-02-19T17:15:00,HW,0.52,Puerto Natales,2026-02-19T18:20:00,0.52
CUR011,2026-02-19T23:39:00,LW,0.38,Puerto Natales,2026-02-20T00:44:00,0.33
CUR011,2026-02-20T05:59:00,HW,0.52,Puerto Natales,2026-02-20T07:04:00,0.52
CUR011,2026-02-20T12:03:00,LW,0.39,Puerto Natales,2026-02-20T13:08:00,0.34
CUR011,2026-02-20T18:33:00,HW,0.51,Puerto Natales,2026-02-20T19:38:00,0.51
CUR011,2026-02-21T01:15:00,LW,0.37,Puerto Natales,2026-02-21T02:20:00,0.32
CUR011,2026-02-21T06:46:00,HW,0.44,Puerto Natales,2026-02-21T07:51:00,0.44
CUR011,2026-02-21T12:41:00,LW,0.33,Puerto Natales,2026-02-21T13:46:00,0.28
CUR011,2026-02-21T19:54:00,HW,0.49,Puerto Natales,2026-02-21T20:59:00,0.49
CUR011,2026-02-22T03:04:00,LW,0.35,Puerto Natales,2026-02-22T04:09:00,0.3
CUR011,2026-02-22T07:47:00,HW,0.37,Puerto Natales,2026-02-22T08:52:00,0.37
CUR011,2026-02-22T13:22:00,LW,0.29,Puerto Natales,2026-02-22T14:27:00,0.24
CUR011,2026-02-22T21:11:00,HW,0.5,Puerto Natales,2026-02-22T22:16:00,0.5
CUR011,2026-02-23T04:55:00,LW,0.31,Puerto Natales,2026-02-23T06:00:00,0.26
CUR011,2026-02-23T09:03:00,HW,0.3,Puerto Natales,2026-02-23T10:08:00,0.3
CUR011,2026-02-23T14:10:00,LW,0.26,Puerto Natales,2026-02-23T15:15:00,0.21
CUR011,2026-02-23T22:22:00,HW,0.53,Puerto Natales,2026-02-23T23:27:00,0.53
CUR011,2026-02-24T06:39:00,LW,0.27,Puerto Natales,2026-02-24T07:44:00,0.22
CUR011,2026-02-24T10:22:00,HW,0.27,Puerto Natales,2026-02-24T11:27:00,0.27
CUR011,2026-02-24T15:10:00,LW,0.26,Puerto Natales,2026-02-24T16:15:00,0.21
CUR011,2026-02-24T23:21:00,HW,0.57,Puerto Natales,2026-02-25T00:26:00,0.57
CUR011,2026-02-25T07:28:00,LW,0.25,Puerto Natales,2026-02-25T08:33:00,0.2
CUR011,2026-02-25T11:57:00,HW,0.27,Puerto Natales,2026-02-25T13:02:00,0.27
CUR011,2026-02-25T16:17:00,LW,0.27,Puerto Natales,2026-02-25T17:22:00,0.22
CUR011,2026-02-26T00:12:00,HW,0.61,Puerto Natales,2026-02-26T01:17:00,0.61
CUR011,2026-02-26T08:02:00,LW,0.25,Puerto Natales,2026-02-26T09:07:00,0.2
CUR011,2026-02-26T13:18:00,HW,0.32,Puerto Natales,2026-02-26T14:23:00,0.32
CUR011,2026-02-26T17:23:00,LW,0.3,Puerto Natales,2026-02-26T18:28:00,0.25
CUR011,2026-02-27T00:59:00,HW,0.65,Puerto Natales,2026-02-27T02:04:00,0.65
CUR011,2026-02-27T08:32:00,LW,0.28,Puerto Natales,2026-02-27T09:37:00,0.23
CUR011,2026-02-27T14:03:00,HW,0.38,Puerto Natales,2026-02-27T15:08:00,0.38
CUR011,2026-02-27T18:29:00,LW,0.33,Puerto Natales,2026-02-27T19:34:00,0.28
CUR011,2026-02-28T01:46:00,HW,0.68,Puerto Natales,2026-02-28T02:51:00,0.68
CUR011,2026-02-28T09:02:00,LW,0.33,Puerto Natales,2026-02-28T10:07:00,0.28
CUR011,2026-02-28T14:39:00,HW,0.45,Puerto Natales,2026-02-28T15:44:00,0.45
CUR011,2026-02-28T19:34:00,LW,0.36,Puerto Natales,2026-02-28T20:39:00,0.31
CUR011,2026-03-01T02:33:00,HW,0.7,Puerto Natales,2026-03-01T03:38:00,0.7
CUR011,2026-03-01T09:34:00,LW,0.37,Puerto Natales,2026-03-01T10:39:00,0.32
CUR011,2026-03-01T15:16:00,HW,0.51,Puerto Natales,2026-03-01T16:21:00,0.51
CUR011,2026-03-01T20:29:00,LW,0.39,Puerto Natales,2026-03-01T21:34:00,0.34
CUR011,2026-03-02T03:17:00,HW,0.71,Puerto Natales,2026-03-02T04:22:00,0.71
CUR011,2026-03-02T10:08:00,LW,0.4,Puerto Natales,2026-03-02T11:13:00,0.35
CUR011,2026-03-02T15:56:00,HW,0.54,Puerto Natales,2026-03-02T17:01:00,0.54
CUR011,2026-03-02T21:16:00,LW,0.42,Puerto Natales,2026-03-02T22:21:00,0.37
CUR011,2026-03-03T03:57:00,HW,0.7,Puerto Natales,2026-03-03T05:02:00,0.7
CUR011,2026-03-03T10:43:00,LW,0.41,Puerto Natales,2026-03-03T11:48:00,0.36
CUR011,2026-03-03T16:40:00,HW,0.56,Puerto Natales,2026-03-03T17:45:00,0.56
CUR011,2026-03-03T22:02:00,LW,0.43,Puerto Natales,2026-03-03T23:07:00,0.38
CUR011,2026-03-04T04:36:00,HW,0.67,Puerto Natales,2026-03-04T05:41:00,0.67
CUR011,2026-03-04T11:15:00,LW,0.41,Puerto Natales,2026-03-04T12:20:00,0.36
CUR011,2026-03-04T17:29:00,HW,0.56,Puerto Natales,2026-03-04T18:34:00,0.56
CUR011,2026-03-04T22:53:00,LW,0.44,Puerto Natales,2026-03-04T23:58:00,0.39
CUR011,2026-03-05T05:12:00,HW,0.6,Puerto Natales,2026-03-05T06:17:00,0.6
CUR011,2026-03-05T11:44:00,LW,0.39,Puerto Natales,2026-03-05T12:49:00,0.34
CUR011,2026-03-05T18:22:00,HW,0.54,Puerto Natales,2026-03-05T19:27:00,0.54
CUR011,2026-03-06T00:06:00,LW,0.43,Puerto Natales,2026-03-06T01:11:00,0.38
CUR011,2026-03-06T05:48:00,HW,0.52,Puerto Natales,2026-03-06T06:53:00,0.52
CUR011,2026-03-06T12:08:00,LW,0.37,Puerto Natales,2026-03-06T13:13:00,0.32
CUR011,2026-03-06T19:15:00,HW,0.52,Puerto Natales,2026-03-06T20:20:00,0.52
CUR011,2026-03-07T01:49:00,LW,0.4,Puerto Natales,2026-03-07T02:54:00,0.35
CUR011,2026-03-07T06:23:00,HW,0.42,Puerto Natales,2026-03-07T07:28:00,0.42
CUR011,2026-03-07T12:29:00,LW,0.33,Puerto Natales,2026-03-07T13:34:00,0.28
CUR011,2026-03-07T20:11:00,HW,0.49,Puerto Natales,2026-03-07T21:16:00,0.49
CUR011,2026-03-08T03:19:00,LW,0.36,Puerto Natales,2026-03-08T04:24:00,0.31
CUR011,2026-03-08T06:51:00,HW,0.33,Puerto Natales,2026-03-08T07:56:00,0.33
CUR011,2026-03-08T12:54:00,LW,0.29,Puerto Natales,2026-03-08T13:59:00,0.24
CUR011,2026-03-08T21:15:00,HW,0.46,Puerto Natales,2026-03-08T22:20:00,0.46
CUR011,2026-03-09T07:39:00,LW,0.3,Puerto Natales,2026-03-09T08:44:00,0.25
CUR011,2026-03-09T08:25:00,HW,0.26,Puerto Natales,2026-03-09T09:30:00,0.26
CUR011,2026-03-09T13:30:00,LW,0.26,Puerto Natales,2026-03-09T14:35:00,0.21
CUR011,2026-03-09T22:22:00,HW,0.45,Puerto Natales,2026-03-09T23:27:00,0.45
CUR011,2026-03-10T07:55:00,LW,0.27,Puerto Natales,2026-03-10T09:00:00,0.22
CUR011,2026-03-10T09:49:00,HW,0.23,Puerto Natales,2026-03-10T10:54:00,0.23
CUR011,2026-03-10T14:25:00,LW,0.24,Puerto Natales,2026-03-10T15:30:00,0.19
CUR011,2026-03-10T23:16:00,HW,0.46,Puerto Natales,2026-03-11T00:21:00,0.46
CUR011,2026-03-11T07:53:00,LW,0.25,Puerto Natales,2026-03-11T08:58:00,0.2
CUR011,2026-03-11T11:28:00,HW,0.22,Puerto Natales,2026-03-11T12:33:00,0.22
CUR011,2026-03-11T15:29:00,LW,0.24,Puerto Natales,2026-03-11T16:34:00,0.19
CUR011,2026-03-11T23:53:00,HW,0.49,Puerto Natales,2026-03-12T00:58:00,0.49
CUR011,2026-03-12T07:53:00,LW,0.25,Puerto Natales,2026-03-12T08:58:00,0.2
CUR011,2026-03-12T13:08:00,HW,0.24,Puerto Natales,2026-03-12T14:13:00,0.24
CUR011,2026-03-12T16:19:00,LW,0.26,Puerto Natales,2026-03-12T17:24:00,0.21
CUR011,2026-03-13T00:21:00,HW,0.53,Puerto Natales,2026-03-13T01:26:00,0.53
CUR011,2026-03-13T08:08:00,LW,0.25,Puerto Natales,2026-03-13T09:13:00,0.2
CUR011,2026-03-13T13:57:00,HW,0.29,Puerto Natales,2026-03-13T15:02:00,0.29
CUR011,2026-03-13T17:03:00,LW,0.3,Puerto Natales,2026-03-13T18:08:00,0.25
CUR011,2026-03-14T00:49:00,HW,0.58,Puerto Natales,2026-03-14T01:54:00,0.58
CUR011,2026-03-14T08:29:00,LW,0.28,Puerto Natales,2026-03-14T09:34:00,0.23
CUR011,2026-03-14T14:27:00,HW,0.35,Puerto Natales,2026-03-14T15:32:00,0.35
CUR011,2026-03-14T17:51:00,LW,0.35,Puerto Natales,2026-03-14T18:56:00,0.3
CUR011,2026-03-15T01:22:00,HW,0.63,Puerto Natales,2026-03-15T02:27:00,0.63
CUR011,2026-03-15T08:51:00,LW,0.32,Puerto Natales,2026-03-15T09:56:00,0.27
CUR011,2026-03-15T14:45:00,HW,0.41,Puerto Natales,2026-03-15T15:50:00,0.41
CUR011,2026-03-15T18:52:00,LW,0.38,Puerto Natales,2026-03-15T19:57:00,0.33
CUR011,2026-03-16T02:02:00,HW,0.66,Puerto Natales,2026-03-16T03:07:00,0.66
CUR011,2026-03-16T09:12:00,LW,0.38,Puerto Natales,2026-03-16T10:17:00,0.33
CUR011,2026-03-16T14:58:00,HW,0.48,Puerto Natales,2026-03-16T16:03:00,0.48
CUR011,2026-03-16T19:59:00,LW,0.4,Puerto Natales,2026-03-16T21:04:00,0.35
CUR011,2026-03-17T02:49:00,HW,0.67,Puerto Natales,2026-03-17T03:54:00,0.67
CUR011,2026-03-17T09:31:00,LW,0.43,Puerto Natales,2026-03-17T10:36:00,0.38
CUR011,2026-03-17T15:15:00,HW,0.54,Puerto Natales,2026-03-17T16:20:00,0.54
CUR011,2026-03-17T20:58:00,LW,0.41,Puerto Natales,2026-03-17T22:03:00,0.36
CUR011,2026-03-18T03:35:00,HW,0.66,Puerto Natales,2026-03-18T04:40:00,0.66
CUR011,2026-03-18T09:52:00,LW,0.46,Puerto Natales,2026-03-18T10:57:00,0.41
CUR011,2026-03-18T15:41:00,HW,0.59,Puerto Natales,2026-03-18T16:46:00,0.59
CUR011,2026-03-18T21:51:00,LW,0.41,Puerto Natales,2026-03-18T22:56:00,0.36
CUR011,2026-03-19T04:16:00,HW,0.63,Puerto Natales,2026-03-19T05:21:00,0.63
CUR011,2026-03-19T10:17:00,LW,0.46,Puerto Natales,2026-03-19T11:22:00,0.41
CUR011,2026-03-19T16:23:00,HW,0.61,Puerto Natales,2026-03-19T17:28:00,0.61
CUR011,2026-03-19T22:46:00,LW,0.42,Puerto Natales,2026-03-19T23:51:00,0.37
CUR011,2026-03-20T04:52:00,HW,0.57,Puerto Natales,2026-03-20T05:57:00,0.57
CUR011,2026-03-20T10:48:00,LW,0.42,Puerto Natales,2026-03-20T11:53:00,0.37
CUR011,2026-03-20T17:22:00,HW,0.61,Puerto Natales,2026-03-20T18:27:00,0.61
CUR011,2026-03-21T00:00:00,LW,0.42,Puerto Natales,2026-03-21T01:05:00,0.37
CUR011,2026-03-21T05:25:00,HW,0.51,Puerto Natales,2026-03-21T06:30:00,0.51
CUR011,2026-03-21T11:22:00,LW,0.36,Puerto Natales,2026-03-21T12:27:00,0.31
CUR011,2026-03-21T18:31:00,HW,0.6,Puerto Natales,2026-03-21T19:36:00,0.6
CUR011,2026-03-22T01:43:00,LW,0.41,Puerto Natales,2026-03-22T02:48:00,0.36
CUR011,2026-03-22T06:00:00,HW,0.43,Puerto Natales,2026-03-22T07:05:00,0.43
CUR011,2026-03-22T11:57:00,LW,0.31,Puerto Natales,2026-03-22T13:02:00,0.26
CUR011,2026-03-22T19:36:00,HW,0.58,Puerto Natales,2026-03-22T20:41:00,0.58
CUR011,2026-03-23T03:19:00,LW,0.37,Puerto Natales,2026-03-23T04:24:00,0.32
CUR011,2026-03-23T06:53:00,HW,0.34,Puerto Natales,2026-03-23T07:58:00,0.34
CUR011,2026-03-23T12:33:00,LW,0.27,Puerto Natales,2026-03-23T13:38:00,0.22
CUR011,2026-03-23T20:40:00,HW,0.57,Puerto Natales,2026-03-23T21:45:00,0.57
CUR011,2026-03-24T05:36:00,LW,0.31,Puerto Natales,2026-03-24T06:41:00,0.26
CUR011,2026-03-24T08:40:00,HW,0.28,Puerto Natales,2026-03-24T09:45:00,0.28
CUR011,2026-03-24T13:15:00,LW,0.26,Puerto Natales,2026-03-24T14:20:00,0.21
CUR011,2026-03-24T21:45:00,HW,0.56,Puerto Natales,2026-03-24T22:50:00,0.56
CUR011,2026-03-25T06:39:00,LW,0.26,Puerto Natales,2026-03-25T07:44:00,0.21
CUR011,2026-03-25T10:22:00,HW,0.25,Puerto Natales,2026-03-25T11:27:00,0.25
CUR011,2026-03-25T14:25:00,LW,0.27,Puerto Natales,2026-03-25T15:30:00,0.22
CUR011,2026-03-25T22:48:00,HW,0.56,Puerto Natales,2026-03-25T23:53:00,0.56
CUR011,2026-03-26T07:12:00,LW,0.23,Puerto Natales,2026-03-26T08:17:00,0.18
CUR011,2026-03-26T12:09:00,HW,0.27,Puerto Natales,2026-03-26T13:14:00,0.27
CUR011,2026-03-26T16:00:00,LW,0.28,Puerto Natales,2026-03-26T17:05:00,0.23
CUR011,2026-03-26T23:45:00,HW,0.57,Puerto Natales,2026-03-27T00:50:00,0.57
CUR011,2026-03-27T07:41:00,LW,0.24,Puerto Natales,2026-03-27T08:46:00,0.19
CUR011,2026-03-27T13:09:00,HW,0.32,Puerto Natales,2026-03-27T14:14:00,0.32
CUR011,2026-03-27T17:21:00,LW,0.3,Puerto Natales,2026-03-27T18:26:00,0.25
CUR011,2026-03-28T00:38:00,HW,0.59,Puerto Natales,2026-03-28T01:43:00,0.59
CUR011,2026-03-28T08:08:00,LW,0.27,Puerto Natales,2026-03-28T09:13:00,0.22
CUR011,2026-03-28T13:48:00,HW,0.38,Puerto Natales,2026-03-28T14:53:00,0.38
CUR011,2026-03-28T18:34:00,LW,0.32,Puerto Natales,2026-03-28T19:39:00,0.27
CUR011,2026-03-29T01:27:00,HW,0.62,Puerto Natales,2026-03-29T02:32:00,0.62
CUR011,2026-03-29T08:35:00,LW,0.31,Puerto Natales,2026-03-29T09:40:00,0.26
CUR011,2026-03-29T14:24:00,HW,0.45,Puerto Natales,2026-03-29T15:29:00,0.45
CUR011,2026-03-29T19:36:00,LW,0.35,Puerto Natales,2026-03-29T20:41:00,0.3
CUR011,2026-03-30T02:13:00,HW,0.64,Puerto Natales,2026-03-30T03:18:00,0.64
CUR011,2026-03-30T09:03:00,LW,0.34,Puerto Natales,2026-03-30T10:08:00,0.29
CUR011,2026-03-30T15:01:00,HW,0.51,Puerto Natales,2026-03-30T16:06:00,0.51
CUR011,2026-03-30T20:29:00,LW,0.38,Puerto Natales,2026-03-30T21:34:00,0.33
CUR011,2026-03-31T02:54:00,HW,0.65,Puerto Natales,2026-03-31T03:59:00,0.65
CUR011,2026-03-31T09:31:00,LW,0.37,Puerto Natales,2026-03-31T10:36:00,0.32
CUR011,2026-03-31T15:41:00,HW,0.57,Puerto Natales,2026-03-31T16:46:00,0.57
CUR011,2026-03-31T21:17:00,LW,0.42,Puerto Natales,2026-03-31T22:22:00,0.37
CUR011,2026-04-01T03:33:00,HW,0.64,Puerto Natales,2026-04-01T04:38:00,0.64
CUR011,2026-04-01T09:59:00,LW,0.39,Puerto Natales,2026-04-01T11:04:00,0.34
CUR011,2026-04-01T16:22:00,HW,0.6,Puerto Natales,2026-04-01T17:27:00,0.6
CUR011,2026-04-01T22:06:00,LW,0.44,Puerto Natales,2026-04-01T23:11:00,0.39
CUR011,2026-04-02T04:09:00,HW,0.61,Puerto Natales,2026-04-02T05:14:00,0.61
CUR011,2026-04-02T10:25:00,LW,0.4,Puerto Natales,2026-04-02T11:30:00,0.35
CUR011,2026-04-02T17:05:00,HW,0.61,Puerto Natales,2026-04-02T18:10:00,0.61
CUR011,2026-04-02T23:03:00,LW,0.45,Puerto Natales,2026-04-03T00:08:00,0.4
CUR011,2026-04-03T04:42:00,HW,0.56,Puerto Natales,2026-04-03T05:47:00,0.56
CUR011,2026-04-03T10:50:00,LW,0.39,Puerto Natales,2026-04-03T11:55:00,0.34
CUR011,2026-04-03T17:51:00,HW,0.6,Puerto Natales,2026-04-03T18:56:00,0.6
CUR011,2026-04-04T00:19:00,LW,0.44,Puerto Natales,2026-04-04T01:24:00,0.39
CUR011,2026-04-04T05:10:00,HW,0.48,Puerto Natales,2026-04-04T06:15:00,0.48
CUR011,2026-04-04T11:13:00,LW,0.37,Puerto Natales,2026-04-04T12:18:00,0.32
CUR011,2026-04-04T18:38:00,HW,0.58,Puerto Natales,2026-04-04T19:43:00,0.58
CUR011,2026-04-05T01:44:00,LW,0.42,Puerto Natales,2026-04-05T02:49:00,0.37
CUR011,2026-04-05T05:21:00,HW,0.41,Puerto Natales,2026-04-05T06:26:00,0.41
CUR011,2026-04-05T11:37:00,LW,0.33,Puerto Natales,2026-04-05T12:42:00,0.28
CUR011,2026-04-05T19:30:00,HW,0.54,Puerto Natales,2026-04-05T20:35:00,0.54
CUR011,2026-04-06T03:09:00,LW,0.38,Puerto Natales,2026-04-06T04:14:00,0.33
CUR011,2026-04-06T04:49:00,HW,0.34,Puerto Natales,2026-04-06T05:54:00,0.34
CUR011,2026-04-06T12:03:00,LW,0.28,Puerto Natales,2026-04-06T13:08:00,0.23
CUR011,2026-04-06T20:26:00,HW,0.51,Puerto Natales,2026-04-06T21:31:00,0.51
CUR011,2026-04-07T12:33:00,LW,0.25,Puerto Natales,2026-04-07T13:38:00,0.2
CUR011,2026-04-07T21:23:00,HW,0.48,Puerto Natales,2026-04-07T22:28:00,0.48
CUR011,2026-04-08T13:09:00,LW,0.24,Puerto Natales,2026-04-08T14:14:00,0.19
CUR011,2026-04-08T22:12:00,HW,0.47,Puerto Natales,2026-04-08T23:17:00,0.47
CUR011,2026-04-09T07:55:00,LW,0.24,Puerto Natales,2026-04-09T09:00:00,0.19
CUR011,2026-04-09T11:57:00,HW,0.2,Puerto Natales,2026-04-09T13:02:00,0.2
CUR011,2026-04-09T14:04:00,LW,0.24,Puerto Natales,2026-04-09T15:09:00,0.19
CUR011,2026-04-09T22:50:00,HW,0.48,Puerto Natales,2026-04-09T23:55:00,0.48
CUR011,2026-04-10T07:26:00,LW,0.23,Puerto Natales,2026-04-10T08:31:00,0.18
CUR011,2026-04-10T13:15:00,HW,0.24,Puerto Natales,2026-04-10T14:20:00,0.24
CUR011,2026-04-10T15:21:00,LW,0.28,Puerto Natales,2026-04-10T16:26:00,0.23
CUR011,2026-04-10T23:27:00,HW,0.5,Puerto Natales,2026-04-11T00:32:00,0.5
CUR011,2026-04-11T07:33:00,LW,0.24,Puerto Natales,2026-04-11T08:38:00,0.19
CUR011,2026-04-11T13:43:00,HW,0.29,Puerto Natales,2026-04-11T14:48:00,0.29
CUR011,2026-04-11T16:33:00,LW,0.31,Puerto Natales,2026-04-11T17:38:00,0.26
CUR011,2026-04-12T00:07:00,HW,0.53,Puerto Natales,2026-04-12T01:12:00,0.53
CUR011,2026-04-12T07:50:00,LW,0.27,Puerto Natales,2026-04-12T08:55:00,0.22
CUR011,2026-04-12T13:57:00,HW,0.36,Puerto Natales,2026-04-12T15:02:00,0.36
CUR011,2026-04-12T17:47:00,LW,0.34,Puerto Natales,2026-04-12T18:52:00,0.29
CUR011,2026-04-13T00:54:00,HW,0.57,Puerto Natales,2026-04-13T01:59:00,0.57
CUR011,2026-04-13T08:09:00,LW,0.33,Puerto Natales,2026-04-13T09:14:00,0.28
CUR011,2026-04-13T14:09:00,HW,0.43,Puerto Natales,2026-04-13T15:14:00,0.43
CUR011,2026-04-13T19:10:00,LW,0.37,Puerto Natales,2026-04-13T20:15:00,0.32
CUR011,2026-04-14T01:47:00,HW,0.6,Puerto Natales,2026-04-14T02:52:00,0.6
CUR011,2026-04-14T08:28:00,LW,0.4,Puerto Natales,2026-04-14T09:33:00,0.35
CUR011,2026-04-14T14:26:00,HW,0.52,Puerto Natales,2026-04-14T15:31:00,0.52
CUR011,2026-04-14T20:15:00,LW,0.38,Puerto Natales,2026-04-14T21:20:00,0.33
CUR011,2026-04-15T02:37:00,HW,0.62,Puerto Natales,2026-04-15T03:42:00,0.62
CUR011,2026-04-15T08:47:00,LW,0.44,Puerto Natales,2026-04-15T09:52:00,0.39
CUR011,2026-04-15T14:54:00,HW,0.59,Puerto Natales,2026-04-15T15:59:00,0.59
CUR011,2026-04-15T21:08:00,LW,0.4,Puerto Natales,2026-04-15T22:13:00,0.35
CUR011,2026-04-16T03:19:00,HW,0.61,Puerto Natales,2026-04-16T04:24:00,0.61
CUR011,2026-04-16T09:10:00,LW,0.45,Puerto Natales,2026-04-16T10:15:00,0.4
CUR011,2026-04-16T15:33:00,HW,0.65,Puerto Natales,2026-04-16T16:38:00,0.65
CUR011,2026-04-16T22:00:00,LW,0.43,Puerto Natales,2026-04-16T23:05:00,0.38
CUR011,2026-04-17T03:53:00,HW,0.59,Puerto Natales,2026-04-17T04:58:00,0.59
CUR011,2026-04-17T09:38:00,LW,0.43,Puerto Natales,2026-04-17T10:43:00,0.38
CUR011,2026-04-17T16:23:00,HW,0.69,Puerto Natales,2026-04-17T17:28:00,0.69
CUR011,2026-04-17T23:02:00,LW,0.45,Puerto Natales,2026-04-18T00:07:00,0.4
CUR011,2026-04-18T04:22:00,HW,0.55,Puerto Natales,2026-04-18T05:27:00,0.55
CUR011,2026-04-18T10:09:00,LW,0.39,Puerto Natales,2026-04-18T11:14:00,0.34
CUR011,2026-04-18T17:19:00,HW,0.7,Puerto Natales,2026-04-18T18:24:00,0.7
CUR011,2026-04-19T00:25:00,LW,0.45,Puerto Natales,2026-04-19T01:30:00,0.4
CUR011,2026-04-19T04:52:00,HW,0.49,Puerto Natales,2026-04-19T05:57:00,0.49
CUR011,2026-04-19T10:43:00,LW,0.34,Puerto Natales,2026-04-19T11:48:00,0.29
CUR011,2026-04-19T18:14:00,HW,0.69,Puerto Natales,2026-04-19T19:19:00,0.69
CUR011,2026-04-20T01:51:00,LW,0.42,Puerto Natales,2026-04-20T02:56:00,0.37
CUR011,2026-04-20T05:27:00,HW,0.41,Puerto Natales,2026-04-20T06:32:00,0.41
CUR011,2026-04-20T11:18:00,LW,0.31,Puerto Natales,2026-04-20T12:23:00,0.26
CUR011,2026-04-20T19:08:00,HW,0.65,Puerto Natales,2026-04-20T20:13:00,0.65
CUR011,2026-04-21T03:10:00,LW,0.37,Puerto Natales,2026-04-21T04:15:00,0.32
CUR011,2026-04-21T06:37:00,HW,0.34,Puerto Natales,2026-04-21T07:42:00,0.34
CUR011,2026-04-21T11:57:00,LW,0.29,Puerto Natales,2026-04-21T13:02:00,0.24
CUR011,2026-04-21T20:05:00,HW,0.61,Puerto Natales,2026-04-21T21:10:00,0.61
CUR011,2026-04-22T05:06:00,LW,0.31,Puerto Natales,2026-04-22T06:11:00,0.26
CUR011,2026-04-22T08:41:00,HW,0.29,Puerto Natales,2026-04-22T09:46:00,0.29
CUR011,2026-04-22T12:46:00,LW,0.29,Puerto Natales,2026-04-22T13:51:00,0.24
CUR011,2026-04-22T21:10:00,HW,0.56,Puerto Natales,2026-04-22T22:15:00,0.56
CUR011,2026-04-23T06:10:00,LW,0.26,Puerto Natales,2026-04-23T07:15:00,0.21
CUR011,2026-04-23T10:19:00,HW,0.27,Puerto Natales,2026-04-23T11:24:00,0.27
CUR011,2026-04-23T14:14:00,LW,0.29,Puerto Natales,2026-04-23T15:19:00,0.24
CUR011,2026-04-23T22:19:00,HW,0.54,Puerto Natales,2026-04-23T23:24:00,0.54
CUR011,2026-04-24T06:46:00,LW,0.24,Puerto Natales,2026-04-24T07:51:00,0.19
CUR011,2026-04-24T11:48:00,HW,0.29,Puerto Natales,2026-04-24T12:53:00,0.29
CUR011,2026-04-24T16:02:00,LW,0.29,Puerto Natales,2026-04-24T17:07:00,0.24
CUR011,2026-04-24T23:22:00,HW,0.53,Puerto Natales,2026-04-25T00:27:00,0.53
CUR011,2026-04-25T07:15:00,LW,0.24,Puerto Natales,2026-04-25T08:20:00,0.19
CUR011,2026-04-25T12:45:00,HW,0.33,Puerto Natales,2026-04-25T13:50:00,0.33
CUR011,2026-04-25T17:24:00,LW,0.29,Puerto Natales,2026-04-25T18:29:00,0.24
CUR011,2026-04-26T00:16:00,HW,0.54,Puerto Natales,2026-04-26T01:21:00,0.54
CUR011,2026-04-26T07:39:00,LW,0.26,Puerto Natales,2026-04-26T08:44:00,0.21
CUR011,2026-04-26T13:27:00,HW,0.39,Puerto Natales,2026-04-26T14:32:00,0.39
CUR011,2026-04-26T18:37:00,LW,0.3,Puerto Natales,2026-04-26T19:42:00,0.25
CUR011,2026-04-27T01:05:00,HW,0.55,Puerto Natales,2026-04-27T02:10:00,0.55
CUR011,2026-04-27T08:01:00,LW,0.29,Puerto Natales,2026-04-27T09:06:00,0.24
CUR011,2026-04-27T14:06:00,HW,0.46,Puerto Natales,2026-04-27T15:11:00,0.46
CUR011,2026-04-27T19:39:00,LW,0.33,Puerto Natales,2026-04-27T20:44:00,0.28
CUR011,2026-04-28T01:50:00,HW,0.56,Puerto Natales,2026-04-28T02:55:00,0.56
CUR011,2026-04-28T08:24:00,LW,0.32,Puerto Natales,2026-04-28T09:29:00,0.27
CUR011,2026-04-28T14:43:00,HW,0.53,Puerto Natales,2026-04-28T15:48:00,0.53
CUR011,2026-04-28T20:33:00,LW,0.37,Puerto Natales,2026-04-28T21:38:00,0.32
CUR011,2026-04-29T02:31:00,HW,0.56,Puerto Natales,2026-04-29T03:36:00,0.56
CUR011,2026-04-29T08:48:00,LW,0.35,Puerto Natales,2026-04-29T09:53:00,0.3
CUR011,2026-04-29T15:21:00,HW,0.59,Puerto Natales,2026-04-29T16:26:00,0.59
CUR011,2026-04-29T21:21:00,LW,0.41,Puerto Natales,2026-04-29T22:26:00,0.36
CUR011,2026-04-30T03:10:00,HW,0.56,Puerto Natales,2026-04-30T04:15:00,0.56
CUR011,2026-04-30T09:13:00,LW,0.37,Puerto Natales,2026-04-30T10:18:00,0.32
CUR011,2026-04-30T15:59:00,HW,0.63,Puerto Natales,2026-04-30T17:04:00,0.63
CUR011,2026-04-30T22:10:00,LW,0.44,Puerto Natales,2026-04-30T23:15:00,0.39
CUR011,2026-05-01T03:46:00,HW,0.55,Puerto Natales,2026-05-01T04:51:00,0.55
CUR011,2026-05-01T09:39:00,LW,0.38,Puerto Natales,2026-05-01T10:44:00,0.33
CUR011,2026-05-01T16:39:00,HW,0.65,Puerto Natales,2026-05-01T17:44:00,0.65
CUR011,2026-05-01T23:05:00,LW,0.45,Puerto Natales,2026-05-02T00:10:00,0.4
CUR011,2026-05-02T04:16:00,HW,0.51,Puerto Natales,2026-05-02T05:21:00,0.51
CUR011,2026-05-02T10:05:00,LW,0.38,Puerto Natales,2026-05-02T11:10:00,0.33
CUR011,2026-05-02T17:20:00,HW,0.65,Puerto Natales,2026-05-02T18:25:00,0.65
CUR011,2026-05-03T00:13:00,LW,0.45,Puerto Natales,2026-05-03T01:18:00,0.4
CUR011,2026-05-03T04:35:00,HW,0.46,Puerto Natales,2026-05-03T05:40:00,0.46
CUR011,2026-05-03T10:30:00,LW,0.36,Puerto Natales,2026-05-03T11:35:00,0.31
CUR011,2026-05-03T18:03:00,HW,0.63,Puerto Natales,2026-05-03T19:08:00,0.63
CUR011,2026-05-04T01:28:00,LW,0.43,Puerto Natales,2026-05-04T02:33:00,0.38
CUR011,2026-05-04T04:30:00,HW,0.41,Puerto Natales,2026-05-04T05:35:00,0.41
CUR011,2026-05-04T10:55:00,LW,0.32,Puerto Natales,2026-05-04T12:00:00,0.27
CUR011,2026-05-04T18:46:00,HW,0.59,Puerto Natales,2026-05-04T19:51:00,0.59
CUR011,2026-05-05T02:47:00,LW,0.39,Puerto Natales,2026-05-05T03:52:00,0.34
CUR011,2026-05-05T04:04:00,HW,0.35,Puerto Natales,2026-05-05T05:09:00,0.35
CUR011,2026-05-05T11:20:00,LW,0.29,Puerto Natales,2026-05-05T12:25:00,0.24
CUR011,2026-05-05T19:27:00,HW,0.55,Puerto Natales,2026-05-05T20:32:00,0.55
CUR011,2026-05-06T11:45:00,LW,0.26,Puerto Natales,2026-05-06T12:50:00,0.21
CUR011,2026-05-06T20:09:00,HW,0.52,Puerto Natales,2026-05-06T21:14:00,0.52
CUR011,2026-05-07T12:09:00,LW,0.26,Puerto Natales,2026-05-07T13:14:00,0.21
CUR011,2026-05-07T20:55:00,HW,0.48,Puerto Natales,2026-05-07T22:00:00,0.48
CUR011,2026-05-08T07:05:00,LW,0.25,Puerto Natales,2026-05-08T08:10:00,0.2
CUR011,2026-05-08T12:05:00,HW,0.22,Puerto Natales,2026-05-08T13:10:00,0.22
CUR011,2026-05-08T12:52:00,LW,0.26,Puerto Natales,2026-05-08T13:57:00,0.21
CUR011,2026-05-08T21:47:00,HW,0.46,Puerto Natales,2026-05-08T22:52:00,0.46
CUR011,2026-05-09T06:37:00,LW,0.24,Puerto Natales,2026-05-09T07:42:00,0.19
CUR011,2026-05-09T12:39:00,HW,0.26,Puerto Natales,2026-05-09T13:44:00,0.26
CUR011,2026-05-09T15:00:00,LW,0.29,Puerto Natales,2026-05-09T16:05:00,0.24
CUR011,2026-05-09T22:43:00,HW,0.46,Puerto Natales,2026-05-09T23:48:00,0.46
CUR011,2026-05-10T06:48:00,LW,0.26,Puerto Natales,2026-05-10T07:53:00,0.21
CUR011,2026-05-10T12:54:00,HW,0.31,Puerto Natales,2026-05-10T13:59:00,0.31
CUR011,2026-05-10T16:36:00,LW,0.31,Puerto Natales,2026-05-10T17:41:00,0.26
CUR011,2026-05-10T23:41:00,HW,0.48,Puerto Natales,2026-05-11T00:46:00,0.48
CUR011,2026-05-11T07:06:00,LW,0.3,Puerto Natales,2026-05-11T08:11:00,0.25
CUR011,2026-05-11T13:09:00,HW,0.38,Puerto Natales,2026-05-11T14:14:00,0.38
CUR011,2026-05-11T18:13:00,LW,0.32,Puerto Natales,2026-05-11T19:18:00,0.27
CUR011,2026-05-12T00:39:00,HW,0.5,Puerto Natales,2026-05-12T01:44:00,0.5
CUR011,2026-05-12T07:25:00,LW,0.35,Puerto Natales,2026-05-12T08:30:00,0.3
CUR011,2026-05-12T13:31:00,HW,0.46,Puerto Natales,2026-05-12T14:36:00,0.46
CUR011,2026-05-12T19:28:00,LW,0.33,Puerto Natales,2026-05-12T20:33:00,0.28
CUR011,2026-05-13T01:34:00,HW,0.53,Puerto Natales,2026-05-13T02:39:00,0.53
CUR011,2026-05-13T07:43:00,LW,0.39,Puerto Natales,2026-05-13T08:48:00,0.34
CUR011,2026-05-13T14:03:00,HW,0.55,Puerto Natales,2026-05-13T15:08:00,0.55
CUR011,2026-05-13T20:24:00,LW,0.36,Puerto Natales,2026-05-13T21:29:00,0.31
CUR011,2026-05-14T02:19:00,HW,0.55,Puerto Natales,2026-05-14T03:24:00,0.55
CUR011,2026-05-14T08:04:00,LW,0.41,Puerto Natales,2026-05-14T09:09:00,0.36
CUR011,2026-05-14T14:42:00,HW,0.65,Puerto Natales,2026-05-14T15:47:00,0.65
CUR011,2026-05-14T21:17:00,LW,0.41,Puerto Natales,2026-05-14T22:22:00,0.36
CUR011,2026-05-15T02:55:00,HW,0.56,Puerto Natales,2026-05-15T04:00:00,0.56
CUR011,2026-05-15T08:28:00,LW,0.41,Puerto Natales,2026-05-15T09:33:00,0.36
CUR011,2026-05-15T15:26:00,HW,0.72,Puerto Natales,2026-05-15T16:31:00,0.72
CUR011,2026-05-15T22:13:00,LW,0.45,Puerto Natales,2026-05-15T23:18:00,0.4
CUR011,2026-05-16T03:27:00,HW,0.54,Puerto Natales,2026-05-16T04:32:00,0.54
CUR011,2026-05-16T08:58:00,LW,0.39,Puerto Natales,2026-05-16T10:03:00,0.34
CUR011,2026-05-16T16:13:00,HW,0.76,Puerto Natales,2026-05-16T17:18:00,0.76
CUR011,2026-05-16T23:17:00,LW,0.47,Puerto Natales,2026-05-17T00:22:00,0.42
CUR011,2026-05-17T03:59:00,HW,0.51,Puerto Natales,2026-05-17T05:04:00,0.51
CUR011,2026-05-17T09:33:00,LW,0.37,Puerto Natales,2026-05-17T10:38:00,0.32
CUR011,2026-05-17T17:01:00,HW,0.77,Puerto Natales,2026-05-17T18:06:00,0.77
CUR011,2026-05-18T00:27:00,LW,0.46,Puerto Natales,2026-05-18T01:32:00,0.41
CUR011,2026-05-18T04:36:00,HW,0.47,Puerto Natales,2026-05-18T05:41:00,0.47
CUR011,2026-05-18T10:12:00,LW,0.35,Puerto Natales,2026-05-18T11:17:00,0.3
CUR011,2026-05-18T17:48:00,HW,0.74,Puerto Natales,2026-05-18T18:53:00,0.74
CUR011,2026-05-19T01:29:00,LW,0.42,Puerto Natales,2026-05-19T02:34:00,0.37
CUR011,2026-05-19T05:27:00,HW,0.42,Puerto Natales,2026-05-19T06:32:00,0.42
CUR011,2026-05-19T10:54:00,LW,0.34,Puerto Natales,2026-05-19T11:59:00,0.29
CUR011,2026-05-19T18:37:00,HW,0.68,Puerto Natales,2026-05-19T19:42:00,0.68
CUR011,2026-05-20T02:27:00,LW,0.38,Puerto Natales,2026-05-20T03:32:00,0.33
CUR011,2026-05-20T06:54:00,HW,0.37,Puerto Natales,2026-05-20T07:59:00,0.37
CUR011,2026-05-20T11:41:00,LW,0.33,Puerto Natales,2026-05-20T12:46:00,0.28
CUR011,2026-05-20T19:33:00,HW,0.61,Puerto Natales,2026-05-20T20:38:00,0.61
CUR011,2026-05-21T03:41:00,LW,0.33,Puerto Natales,2026-05-21T04:46:00,0.28
CUR011,2026-05-21T08:33:00,HW,0.33,Puerto Natales,2026-05-21T09:38:00,0.33
CUR011,2026-05-21T12:40:00,LW,0.32,Puerto Natales,2026-05-21T13:45:00,0.27
CUR011,2026-05-21T20:40:00,HW,0.55,Puerto Natales,2026-05-21T21:45:00,0.55
CUR011,2026-05-22T05:26:00,LW,0.29,Puerto Natales,2026-05-22T06:31:00,0.24
CUR011,2026-05-22T09:55:00,HW,0.31,Puerto Natales,2026-05-22T11:00:00,0.31
CUR011,2026-05-22T14:20:00,LW,0.3,Puerto Natales,2026-05-22T15:25:00,0.25
CUR011,2026-05-22T21:52:00,HW,0.51,Puerto Natales,2026-05-22T22:57:00,0.51
CUR011,2026-05-23T06:13:00,LW,0.25,Puerto Natales,2026-05-23T07:18:00,0.2
CUR011,2026-05-23T11:15:00,HW,0.31,Puerto Natales,2026-05-23T12:20:00,0.31
CUR011,2026-05-23T16:04:00,LW,0.29,Puerto Natales,2026-05-23T17:09:00,0.24
CUR011,2026-05-23T22:55:00,HW,0.48,Puerto Natales,2026-05-24T00:00:00,0.48
CUR011,2026-05-24T06:39:00,LW,0.24,Puerto Natales,2026-05-24T07:44:00,0.19
CUR011,2026-05-24T12:18:00,HW,0.34,Puerto Natales,2026-05-24T13:23:00,0.34
CUR011,2026-05-24T17:28:00,LW,0.28,Puerto Natales,2026-05-24T18:33:00,0.23
CUR011,2026-05-24T23:50:00,HW,0.47,Puerto Natales,2026-05-25T00:55:00,0.47
CUR011,2026-05-25T06:59:00,LW,0.25,Puerto Natales,2026-05-25T08:04:00,0.2
CUR011,2026-05-25T13:04:00,HW,0.4,Puerto Natales,2026-05-25T14:09:00,0.4
CUR011,2026-05-25T18:44:00,LW,0.29,Puerto Natales,2026-05-25T19:49:00,0.24
CUR011,2026-05-26T00:40:00,HW,0.46,Puerto Natales,2026-05-26T01:45:00,0.46
CUR011,2026-05-26T07:18:00,LW,0.27,Puerto Natales,2026-05-26T08:23:00,0.22
CUR011,2026-05-26T13:44:00,HW,0.48,Puerto Natales,2026-05-26T14:49:00,0.48
CUR011,2026-05-26T19:46:00,LW,0.32,Puerto Natales,2026-05-26T20:51:00,0.27
CUR011,2026-05-27T01:28:00,HW,0.46,Puerto Natales,2026-05-27T02:33:00,0.46
CUR011,2026-05-27T07:39:00,LW,0.3,Puerto Natales,2026-05-27T08:44:00,0.25
CUR011,2026-05-27T14:21:00,HW,0.55,Puerto Natales,2026-05-27T15:26:00,0.55
CUR011,2026-05-27T20:36:00,LW,0.35,Puerto Natales,2026-05-27T21:41:00,0.3
CUR011,2026-05-28T02:14:00,HW,0.47,Puerto Natales,2026-05-28T03:19:00,0.47
CUR011,2026-05-28T08:04:00,LW,0.32,Puerto Natales,2026-05-28T09:09:00,0.27
CUR011,2026-05-28T14:57:00,HW,0.61,Puerto Natales,2026-05-28T16:02:00,0.61
CUR011,2026-05-28T21:21:00,LW,0.39,Puerto Natales,2026-05-28T22:26:00,0.34
CUR011,2026-05-29T02:54:00,HW,0.49,Puerto Natales,2026-05-29T03:59:00,0.49
CUR011,2026-05-29T08:31:00,LW,0.35,Puerto Natales,2026-05-29T09:36:00,0.3
CUR011,2026-05-29T15:34:00,HW,0.65,Puerto Natales,2026-05-29T16:39:00,0.65
CUR011,2026-05-29T22:06:00,LW,0.42,Puerto Natales,2026-05-29T23:11:00,0.37
CUR011,2026-05-30T03:27:00,HW,0.49,Puerto Natales,2026-05-30T04:32:00,0.49
CUR011,2026-05-30T08:59:00,LW,0.37,Puerto Natales,2026-05-30T10:04:00,0.32
CUR011,2026-05-30T16:12:00,HW,0.68,Puerto Natales,2026-05-30T17:17:00,0.68
CUR011,2026-05-30T22:57:00,LW,0.45,Puerto Natales,2026-05-31T00:02:00,0.4
CUR011,2026-05-31T03:52:00,HW,0.48,Puerto Natales,2026-05-31T04:57:00,0.48
CUR011,2026-05-31T09:26:00,LW,0.37,Puerto Natales,2026-05-31T10:31:00,0.32
CUR011,2026-05-31T16:49:00,HW,0.68,Puerto Natales,2026-05-31T17:54:00,0.68
CUR011,2026-05-31T23:58:00,LW,0.45,Puerto Natales,2026-06-01T01:03:00,0.4
CUR011,2026-06-01T04:07:00,HW,0.45,Puerto Natales,2026-06-01T05:12:00,0.45
CUR011,2026-06-01T09:51:00,LW,0.36,Puerto Natales,2026-06-01T10:56:00,0.31
CUR011,2026-06-01T17:24:00,HW,0.67,Puerto Natales,2026-06-01T18:29:00,0.67
CUR011,2026-06-02T01:01:00,LW,0.43,Puerto Natales,2026-06-02T02:06:00,0.38
CUR011,2026-06-02T04:04:00,HW,0.41,Puerto Natales,2026-06-02T05:09:00,0.41
CUR011,2026-06-02T10:15:00,LW,0.34,Puerto Natales,2026-06-02T11:20:00,0.29
CUR011,2026-06-02T17:56:00,HW,0.65,Puerto Natales,2026-06-02T19:01:00,0.65
CUR011,2026-06-03T01:58:00,LW,0.4,Puerto Natales,2026-06-03T03:03:00,0.35
CUR011,2026-06-03T04:03:00,HW,0.36,Puerto Natales,2026-06-03T05:08:00,0.36
CUR011,2026-06-03T10:41:00,LW,0.31,Puerto Natales,2026-06-03T11:46:00,0.26
CUR011,2026-06-03T18:27:00,HW,0.6,Puerto Natales,2026-06-03T19:32:00,0.6
CUR011,2026-06-04T02:48:00,LW,0.35,Puerto Natales,2026-06-04T03:53:00,0.3
CUR011,2026-06-04T04:16:00,HW,0.31,Puerto Natales,2026-06-04T05:21:00,0.31
CUR011,2026-06-04T11:10:00,LW,0.3,Puerto Natales,2026-06-04T12:15:00,0.25
CUR011,2026-06-04T19:03:00,HW,0.54,Puerto Natales,2026-06-04T20:08:00,0.54
CUR011,2026-06-05T03:42:00,LW,0.31,Puerto Natales,2026-06-05T04:47:00,0.26
CUR011,2026-06-05T04:44:00,HW,0.27,Puerto Natales,2026-06-05T05:49:00,0.27
CUR011,2026-06-05T11:49:00,LW,0.29,Puerto Natales,2026-06-05T12:54:00,0.24
CUR011,2026-06-05T19:52:00,HW,0.48,Puerto Natales,2026-06-05T20:57:00,0.48
CUR011,2026-06-06T04:43:00,LW,0.3,Puerto Natales,2026-06-06T05:48:00,0.25
CUR011,2026-06-06T09:24:00,HW,0.26,Puerto Natales,2026-06-06T10:29:00,0.26
CUR011,2026-06-06T13:11:00,LW,0.3,Puerto Natales,2026-06-06T14:16:00,0.25
CUR011,2026-06-06T21:02:00,HW,0.44,Puerto Natales,2026-06-06T22:07:00,0.44
CUR011,2026-06-07T05:19:00,LW,0.29,Puerto Natales,2026-06-07T06:24:00,0.24
CUR011,2026-06-07T10:43:00,HW,0.29,Puerto Natales,2026-06-07T11:48:00,0.29
CUR011,2026-06-07T15:14:00,LW,0.29,Puerto Natales,2026-06-07T16:19:00,0.24
CUR011,2026-06-07T22:16:00,HW,0.42,Puerto Natales,2026-06-07T23:21:00,0.42
CUR011,2026-06-08T05:47:00,LW,0.3,Puerto Natales,2026-06-08T06:52:00,0.25
CUR011,2026-06-08T11:39:00,HW,0.33,Puerto Natales,2026-06-08T12:44:00,0.33
CUR011,2026-06-08T17:00:00,LW,0.29,Puerto Natales,2026-06-08T18:05:00,0.24
CUR011,2026-06-08T23:22:00,HW,0.42,Puerto Natales,2026-06-09T00:27:00,0.42
CUR011,2026-06-09T06:11:00,LW,0.32,Puerto Natales,2026-06-09T07:16:00,0.27
CUR011,2026-06-09T12:23:00,HW,0.41,Puerto Natales,2026-06-09T13:28:00,0.41
CUR011,2026-06-09T18:32:00,LW,0.29,Puerto Natales,2026-06-09T19:37:00,0.24
CUR011,2026-06-10T00:20:00,HW,0.44,Puerto Natales,2026-06-10T01:25:00,0.44
CUR011,2026-06-10T06:31:00,LW,0.34,Puerto Natales,2026-06-10T07:36:00,0.29
CUR011,2026-06-10T13:04:00,HW,0.5,Puerto Natales,2026-06-10T14:09:00,0.5
CUR011,2026-06-10T19:38:00,LW,0.32,Puerto Natales,2026-06-10T20:43:00,0.27
CUR011,2026-06-11T01:11:00,HW,0.46,Puerto Natales,2026-06-11T02:16:00,0.46
CUR011,2026-06-11T06:52:00,LW,0.36,Puerto Natales,2026-06-11T07:57:00,0.31
CUR011,2026-06-11T13:46:00,HW,0.6,Puerto Natales,2026-06-11T14:51:00,0.6
CUR011,2026-06-11T20:33:00,LW,0.36,Puerto Natales,2026-06-11T21:38:00,0.31
CUR011,2026-06-12T01:55:00,HW,0.47,Puerto Natales,2026-06-12T03:00:00,0.47
CUR011,2026-06-12T07:16:00,LW,0.37,Puerto Natales,2026-06-12T08:21:00,0.32
CUR011,2026-06-12T14:28:00,HW,0.7,Puerto Natales,2026-06-12T15:33:00,0.7
CUR011,2026-06-12T21:26:00,LW,0.4,Puerto Natales,2026-06-12T22:31:00,0.35
CUR011,2026-06-13T02:34:00,HW,0.49,Puerto Natales,2026-06-13T03:39:00,0.49
CUR011,2026-06-13T07:46:00,LW,0.37,Puerto Natales,2026-06-13T08:51:00,0.32
CUR011,2026-06-13T15:10:00,HW,0.77,Puerto Natales,2026-06-13T16:15:00,0.77
CUR011,2026-06-13T22:19:00,LW,0.43,Puerto Natales,2026-06-13T23:24:00,0.38
CUR011,2026-06-14T03:12:00,HW,0.49,Puerto Natales,2026-06-14T04:17:00,0.49
CUR011,2026-06-14T08:24:00,LW,0.37,Puerto Natales,2026-06-14T09:29:00,0.32
CUR011,2026-06-14T15:53:00,HW,0.8,Puerto Natales,2026-06-14T16:58:00,0.8
CUR011,2026-06-14T23:11:00,LW,0.45,Puerto Natales,2026-06-15T00:16:00,0.4
CUR011,2026-06-15T03:53:00,HW,0.5,Puerto Natales,2026-06-15T04:58:00,0.5
CUR011,2026-06-15T09:08:00,LW,0.38,Puerto Natales,2026-06-15T10:13:00,0.33
CUR011,2026-06-15T16:37:00,HW,0.79,Puerto Natales,2026-06-15T17:42:00,0.79
CUR011,2026-06-16T00:01:00,LW,0.45,Puerto Natales,2026-06-16T01:06:00,0.4
CUR011,2026-06-16T04:38:00,HW,0.48,Puerto Natales,2026-06-16T05:43:00,0.48
CUR011,2026-06-16T09:56:00,LW,0.38,Puerto Natales,2026-06-16T11:01:00,0.33
CUR011,2026-06-16T17:22:00,HW,0.75,Puerto Natales,2026-06-16T18:27:00,0.75
CUR011,2026-06-17T00:49:00,LW,0.42,Puerto Natales,2026-06-17T01:54:00,0.37
CUR011,2026-06-17T05:34:00,HW,0.46,Puerto Natales,2026-06-17T06:39:00,0.46
CUR011,2026-06-17T10:45:00,LW,0.38,Puerto Natales,2026-06-17T11:50:00,0.33
CUR011,2026-06-17T18:11:00,HW,0.68,Puerto Natales,2026-06-17T19:16:00,0.68
CUR011,2026-06-18T01:39:00,LW,0.39,Puerto Natales,2026-06-18T02:44:00,0.34
CUR011,2026-06-18T06:51:00,HW,0.41,Puerto Natales,2026-06-18T07:56:00,0.41
CUR011,2026-06-18T11:35:00,LW,0.36,Puerto Natales,2026-06-18T12:40:00,0.31
CUR011,2026-06-18T19:06:00,HW,0.61,Puerto Natales,2026-06-18T20:11:00,0.61
CUR011,2026-06-19T02:40:00,LW,0.35,Puerto Natales,2026-06-19T03:45:00,0.3
CUR011,2026-06-19T08:12:00,HW,0.37,Puerto Natales,2026-06-19T09:17:00,0.37
CUR011,2026-06-19T12:38:00,LW,0.34,Puerto Natales,2026-06-19T13:43:00,0.29
CUR011,2026-06-19T20:10:00,HW,0.54,Puerto Natales,2026-06-19T21:15:00,0.54
CUR011,2026-06-20T04:05:00,LW,0.31,Puerto Natales,2026-06-20T05:10:00,0.26
CUR011,2026-06-20T09:26:00,HW,0.34,Puerto Natales,2026-06-20T10:31:00,0.34
CUR011,2026-06-20T14:27:00,LW,0.32,Puerto Natales,2026-06-20T15:32:00,0.27
CUR011,2026-06-20T21:20:00,HW,0.48,Puerto Natales,2026-06-20T22:25:00,0.48
CUR011,2026-06-21T05:12:00,LW,0.28,Puerto Natales,2026-06-21T06:17:00,0.23
CUR011,2026-06-21T10:42:00,HW,0.34,Puerto Natales,2026-06-21T11:47:00,0.34
CUR011,2026-06-21T16:08:00,LW,0.3,Puerto Natales,2026-06-21T17:13:00,0.25
CUR011,2026-06-21T22:24:00,HW,0.43,Puerto Natales,2026-06-21T23:29:00,0.43
CUR011,2026-06-22T05:41:00,LW,0.26,Puerto Natales,2026-06-22T06:46:00,0.21
CUR011,2026-06-22T11:48:00,HW,0.37,Puerto Natales,2026-06-22T12:53:00,0.37
CUR011,2026-06-22T17:38:00,LW,0.28,Puerto Natales,2026-06-22T18:43:00,0.23
CUR011,2026-06-22T23:21:00,HW,0.39,Puerto Natales,2026-06-23T00:26:00,0.39
CUR011,2026-06-23T06:04:00,LW,0.25,Puerto Natales,2026-06-23T07:09:00,0.2
CUR011,2026-06-23T12:37:00,HW,0.43,Puerto Natales,2026-06-23T13:42:00,0.43
CUR011,2026-06-23T18:56:00,LW,0.28,Puerto Natales,2026-06-23T20:01:00,0.23
CUR011,2026-06-24T00:18:00,HW,0.37,Puerto Natales,2026-06-24T01:23:00,0.37
CUR011,2026-06-24T06:27:00,LW,0.26,Puerto Natales,2026-06-24T07:32:00,0.21
CUR011,2026-06-24T13:18:00,HW,0.49,Puerto Natales,2026-06-24T14:23:00,0.49
CUR011,2026-06-24T19:52:00,LW,0.29,Puerto Natales,2026-06-24T20:57:00,0.24
CUR011,2026-06-25T01:14:00,HW,0.37,Puerto Natales,2026-06-25T02:19:00,0.37
CUR011,2026-06-25T06:53:00,LW,0.28,Puerto Natales,2026-06-25T07:58:00,0.23
CUR011,2026-06-25T13:56:00,HW,0.55,Puerto Natales,2026-06-25T15:01:00,0.55
CUR011,2026-06-25T20:35:00,LW,0.33,Puerto Natales,2026-06-25T21:40:00,0.28
CUR011,2026-06-26T02:01:00,HW,0.4,Puerto Natales,2026-06-26T03:06:00,0.4
CUR011,2026-06-26T07:22:00,LW,0.3,Puerto Natales,2026-06-26T08:27:00,0.25
CUR011,2026-06-26T14:33:00,HW,0.61,Puerto Natales,2026-06-26T15:38:00,0.61
CUR011,2026-06-26T21:14:00,LW,0.37,Puerto Natales,2026-06-26T22:19:00,0.32
CUR011,2026-06-27T02:39:00,HW,0.43,Puerto Natales,2026-06-27T03:44:00,0.43
CUR011,2026-06-27T07:52:00,LW,0.33,Puerto Natales,2026-06-27T08:57:00,0.28
CUR011,2026-06-27T15:08:00,HW,0.65,Puerto Natales,2026-06-27T16:13:00,0.65
CUR011,2026-06-27T21:56:00,LW,0.4,Puerto Natales,2026-06-27T23:01:00,0.35
CUR011,2026-06-28T03:09:00,HW,0.45,Puerto Natales,2026-06-28T04:14:00,0.45
CUR011,2026-06-28T08:20:00,LW,0.35,Puerto Natales,2026-06-28T09:25:00,0.3
CUR011,2026-06-28T15:41:00,HW,0.69,Puerto Natales,2026-06-28T16:46:00,0.69
CUR011,2026-06-28T22:42:00,LW,0.43,Puerto Natales,2026-06-28T23:47:00,0.38
CUR011,2026-06-29T03:35:00,HW,0.45,Puerto Natales,2026-06-29T04:40:00,0.45
CUR011,2026-06-29T08:46:00,LW,0.37,Puerto Natales,2026-06-29T09:51:00,0.32
CUR011,2026-06-29T16:11:00,HW,0.71,Puerto Natales,2026-06-29T17:16:00,0.71
CUR011,2026-06-29T23:32:00,LW,0.43,Puerto Natales,2026-06-30T00:37:00,0.38
CUR011,2026-06-30T03:55:00,HW,0.44,Puerto Natales,2026-06-30T05:00:00,0.44
CUR011,2026-06-30T09:12:00,LW,0.37,Puerto Natales,2026-06-30T10:17:00,0.32
CUR011,2026-06-30T16:39:00,HW,0.71,Puerto Natales,2026-06-30T17:44:00,0.71
CUR011,2026-07-01T00:17:00,LW,0.42,Puerto Natales,2026-07-01T01:22:00,0.37
CUR011,2026-07-01T04:10:00,HW,0.42,Puerto Natales,2026-07-01T05:15:00,0.42
CUR011,2026-07-01T09:41:00,LW,0.37,Puerto Natales,2026-07-01T10:46:00,0.32
CUR011,2026-07-01T17:08:00,HW,0.68,Puerto Natales,2026-07-01T18:13:00,0.68
CUR011,2026-07-02T00:50:00,LW,0.4,Puerto Natales,2026-07-02T01:55:00,0.35
CUR011,2026-07-02T04:26:00,HW,0.39,Puerto Natales,2026-07-02T05:31:00,0.39
CUR011,2026-07-02T10:17:00,LW,0.36,Puerto Natales,2026-07-02T11:22:00,0.31
CUR011,2026-07-02T17:40:00,HW,0.62,Puerto Natales,2026-07-02T18:45:00,0.62
CUR011,2026-07-03T01:14:00,LW,0.38,Puerto Natales,2026-07-03T02:19:00,0.33
CUR011,2026-07-03T04:54:00,HW,0.37,Puerto Natales,2026-07-03T05:59:00,0.37
CUR011,2026-07-03T11:00:00,LW,0.34,Puerto Natales,2026-07-03T12:05:00,0.29
CUR011,2026-07-03T18:20:00,HW,0.55,Puerto Natales,2026-07-03T19:25:00,0.55
CUR011,2026-07-04T01:34:00,LW,0.36,Puerto Natales,2026-07-04T02:39:00,0.31
CUR011,2026-07-04T05:51:00,HW,0.35,Puerto Natales,2026-07-04T06:56:00,0.35
CUR011,2026-07-04T11:59:00,LW,0.32,Puerto Natales,2026-07-04T13:04:00,0.27
CUR011,2026-07-04T19:15:00,HW,0.47,Puerto Natales,2026-07-04T20:20:00,0.47
CUR011,2026-07-05T02:03:00,LW,0.34,Puerto Natales,2026-07-05T03:08:00,0.29
CUR011,2026-07-05T07:54:00,HW,0.34,Puerto Natales,2026-07-05T08:59:00,0.34
CUR011,2026-07-05T13:37:00,LW,0.31,Puerto Natales,2026-07-05T14:42:00,0.26
CUR011,2026-07-05T20:32:00,HW,0.41,Puerto Natales,2026-07-05T21:37:00,0.41
CUR011,2026-07-06T02:51:00,LW,0.33,Puerto Natales,2026-07-06T03:56:00,0.28
CUR011,2026-07-06T09:19:00,HW,0.34,Puerto Natales,2026-07-06T10:24:00,0.34
CUR011,2026-07-06T15:35:00,LW,0.29,Puerto Natales,2026-07-06T16:40:00,0.24
CUR011,2026-07-06T21:49:00,HW,0.38,Puerto Natales,2026-07-06T22:54:00,0.38
CUR011,2026-07-07T03:58:00,LW,0.32,Puerto Natales,2026-07-07T05:03:00,0.27
CUR011,2026-07-07T10:45:00,HW,0.38,Puerto Natales,2026-07-07T11:50:00,0.38
CUR011,2026-07-07T17:19:00,LW,0.28,Puerto Natales,2026-07-07T18:24:00,0.23
CUR011,2026-07-07T22:52:00,HW,0.37,Puerto Natales,2026-07-07T23:57:00,0.37
CUR011,2026-07-08T04:50:00,LW,0.31,Puerto Natales,2026-07-08T05:55:00,0.26
CUR011,2026-07-08T11:52:00,HW,0.45,Puerto Natales,2026-07-08T12:57:00,0.45
CUR011,2026-07-08T18:46:00,LW,0.29,Puerto Natales,2026-07-08T19:51:00,0.24
CUR011,2026-07-08T23:48:00,HW,0.37,Puerto Natales,2026-07-09T00:53:00,0.37
CUR011,2026-07-09T05:25:00,LW,0.31,Puerto Natales,2026-07-09T06:30:00,0.26
CUR011,2026-07-09T12:42:00,HW,0.55,Puerto Natales,2026-07-09T13:47:00,0.55
CUR011,2026-07-09T19:49:00,LW,0.3,Puerto Natales,2026-07-09T20:54:00,0.25
CUR011,2026-07-10T00:45:00,HW,0.38,Puerto Natales,2026-07-10T01:50:00,0.38
CUR011,2026-07-10T05:57:00,LW,0.31,Puerto Natales,2026-07-10T07:02:00,0.26
CUR011,2026-07-10T13:25:00,HW,0.65,Puerto Natales,2026-07-10T14:30:00,0.65
CUR011,2026-07-10T20:41:00,LW,0.33,Puerto Natales,2026-07-10T21:46:00,0.28
CUR011,2026-07-11T01:40:00,HW,0.4,Puerto Natales,2026-07-11T02:45:00,0.4
CUR011,2026-07-11T06:32:00,LW,0.33,Puerto Natales,2026-07-11T07:37:00,0.28
CUR011,2026-07-11T14:06:00,HW,0.73,Puerto Natales,2026-07-11T15:11:00,0.73
CUR011,2026-07-11T21:26:00,LW,0.37,Puerto Natales,2026-07-11T22:31:00,0.32
CUR011,2026-07-12T02:28:00,HW,0.43,Puerto Natales,2026-07-12T03:33:00,0.43
CUR011,2026-07-12T07:14:00,LW,0.36,Puerto Natales,2026-07-12T08:19:00,0.31
CUR011,2026-07-12T14:48:00,HW,0.78,Puerto Natales,2026-07-12T15:53:00,0.78
CUR011,2026-07-12T22:06:00,LW,0.41,Puerto Natales,2026-07-12T23:11:00,0.36
CUR011,2026-07-13T03:11:00,HW,0.48,Puerto Natales,2026-07-13T04:16:00,0.48
CUR011,2026-07-13T08:06:00,LW,0.38,Puerto Natales,2026-07-13T09:11:00,0.33
CUR011,2026-07-13T15:31:00,HW,0.79,Puerto Natales,2026-07-13T16:36:00,0.79
CUR011,2026-07-13T22:44:00,LW,0.43,Puerto Natales,2026-07-13T23:49:00,0.38
CUR011,2026-07-14T03:53:00,HW,0.51,Puerto Natales,2026-07-14T04:58:00,0.51
CUR011,2026-07-14T09:01:00,LW,0.4,Puerto Natales,2026-07-14T10:06:00,0.35
CUR011,2026-07-14T16:15:00,HW,0.77,Puerto Natales,2026-07-14T17:20:00,0.77
CUR011,2026-07-14T23:24:00,LW,0.44,Puerto Natales,2026-07-15T00:29:00,0.39
CUR011,2026-07-15T04:37:00,HW,0.52,Puerto Natales,2026-07-15T05:42:00,0.52
CUR011,2026-07-15T09:53:00,LW,0.41,Puerto Natales,2026-07-15T10:58:00,0.36
CUR011,2026-07-15T17:01:00,HW,0.73,Puerto Natales,2026-07-15T18:06:00,0.73
CUR011,2026-07-16T00:08:00,LW,0.43,Puerto Natales,2026-07-16T01:13:00,0.38
CUR011,2026-07-16T05:30:00,HW,0.5,Puerto Natales,2026-07-16T06:35:00,0.5
CUR011,2026-07-16T10:41:00,LW,0.4,Puerto Natales,2026-07-16T11:46:00,0.35
CUR011,2026-07-16T17:48:00,HW,0.68,Puerto Natales,2026-07-16T18:53:00,0.68
CUR011,2026-07-17T00:55:00,LW,0.4,Puerto Natales,2026-07-17T02:00:00,0.35
CUR011,2026-07-17T06:37:00,HW,0.46,Puerto Natales,2026-07-17T07:42:00,0.46
CUR011,2026-07-17T11:31:00,LW,0.39,Puerto Natales,2026-07-17T12:36:00,0.34
CUR011,2026-07-17T18:37:00,HW,0.61,Puerto Natales,2026-07-17T19:42:00,0.61
CUR011,2026-07-18T01:45:00,LW,0.37,Puerto Natales,2026-07-18T02:50:00,0.32
CUR011,2026-07-18T07:48:00,HW,0.42,Puerto Natales,2026-07-18T08:53:00,0.42
CUR011,2026-07-18T12:42:00,LW,0.37,Puerto Natales,2026-07-18T13:47:00,0.32
CUR011,2026-07-18T19:34:00,HW,0.52,Puerto Natales,2026-07-18T20:39:00,0.52
CUR011,2026-07-19T02:37:00,LW,0.33,Puerto Natales,2026-07-19T03:42:00,0.28
CUR011,2026-07-19T08:56:00,HW,0.4,Puerto Natales,2026-07-19T10:01:00,0.4
CUR011,2026-07-19T14:41:00,LW,0.34,Puerto Natales,2026-07-19T15:46:00,0.29
CUR011,2026-07-19T20:41:00,HW,0.43,Puerto Natales,2026-07-19T21:46:00,0.43
CUR011,2026-07-20T03:30:00,LW,0.3,Puerto Natales,2026-07-20T04:35:00,0.25
CUR011,2026-07-20T10:05:00,HW,0.4,Puerto Natales,2026-07-20T11:10:00,0.4
CUR011,2026-07-20T16:19:00,LW,0.31,Puerto Natales,2026-07-20T17:24:00,0.26
CUR011,2026-07-20T21:50:00,HW,0.36,Puerto Natales,2026-07-20T22:55:00,0.36
CUR011,2026-07-21T04:16:00,LW,0.28,Puerto Natales,2026-07-21T05:21:00,0.23
CUR011,2026-07-21T11:12:00,HW,0.42,Puerto Natales,2026-07-21T12:17:00,0.42
CUR011,2026-07-21T17:58:00,LW,0.28,Puerto Natales,2026-07-21T19:03:00,0.23
CUR011,2026-07-21T22:56:00,HW,0.31,Puerto Natales,2026-07-22T00:01:00,0.31
CUR011,2026-07-22T04:55:00,LW,0.26,Puerto Natales,2026-07-22T06:00:00,0.21
CUR011,2026-07-22T12:06:00,HW,0.45,Puerto Natales,2026-07-22T13:11:00,0.45
CUR011,2026-07-22T19:11:00,LW,0.26,Puerto Natales,2026-07-22T20:16:00,0.21
CUR011,2026-07-23T00:02:00,HW,0.29,Puerto Natales,2026-07-23T01:07:00,0.29
CUR011,2026-07-23T05:31:00,LW,0.25,Puerto Natales,2026-07-23T06:36:00,0.2
CUR011,2026-07-23T12:50:00,HW,0.5,Puerto Natales,2026-07-23T13:55:00,0.5
CUR011,2026-07-23T19:55:00,LW,0.27,Puerto Natales,2026-07-23T21:00:00,0.22
CUR011,2026-07-24T01:03:00,HW,0.3,Puerto Natales,2026-07-24T02:08:00,0.3
CUR011,2026-07-24T06:06:00,LW,0.26,Puerto Natales,2026-07-24T07:11:00,0.21
CUR011,2026-07-24T13:30:00,HW,0.55,Puerto Natales,2026-07-24T14:35:00,0.55
CUR011,2026-07-24T20:30:00,LW,0.3,Puerto Natales,2026-07-24T21:35:00,0.25
CUR011,2026-07-25T01:49:00,HW,0.34,Puerto Natales,2026-07-25T02:54:00,0.34
CUR011,2026-07-25T06:38:00,LW,0.28,Puerto Natales,2026-07-25T07:43:00,0.23
CUR011,2026-07-25T14:04:00,HW,0.6,Puerto Natales,2026-07-25T15:09:00,0.6
CUR011,2026-07-25T21:04:00,LW,0.34,Puerto Natales,2026-07-25T22:09:00,0.29
CUR011,2026-07-26T02:27:00,HW,0.38,Puerto Natales,2026-07-26T03:32:00,0.38
CUR011,2026-07-26T07:08:00,LW,0.32,Puerto Natales,2026-07-26T08:13:00,0.27
CUR011,2026-07-26T14:35:00,HW,0.65,Puerto Natales,2026-07-26T15:40:00,0.65
CUR011,2026-07-26T21:40:00,LW,0.37,Puerto Natales,2026-07-26T22:45:00,0.32
CUR011,2026-07-27T03:01:00,HW,0.41,Puerto Natales,2026-07-27T04:06:00,0.41
CUR011,2026-07-27T07:36:00,LW,0.35,Puerto Natales,2026-07-27T08:41:00,0.3
CUR011,2026-07-27T15:02:00,HW,0.69,Puerto Natales,2026-07-27T16:07:00,0.69
CUR011,2026-07-27T22:17:00,LW,0.39,Puerto Natales,2026-07-27T23:22:00,0.34
CUR011,2026-07-28T03:30:00,HW,0.43,Puerto Natales,2026-07-28T04:35:00,0.43
CUR011,2026-07-28T08:06:00,LW,0.39,Puerto Natales,2026-07-28T09:11:00,0.34
CUR011,2026-07-28T15:29:00,HW,0.72,Puerto Natales,2026-07-28T16:34:00,0.72
CUR011,2026-07-28T22:52:00,LW,0.41,Puerto Natales,2026-07-28T23:57:00,0.36
CUR011,2026-07-29T03:54:00,HW,0.45,Puerto Natales,2026-07-29T04:59:00,0.45
CUR011,2026-07-29T08:42:00,LW,0.4,Puerto Natales,2026-07-29T09:47:00,0.35
CUR011,2026-07-29T15:58:00,HW,0.71,Puerto Natales,2026-07-29T17:03:00,0.71
CUR011,2026-07-29T23:20:00,LW,0.42,Puerto Natales,2026-07-30T00:25:00,0.37
CUR011,2026-07-30T04:12:00,HW,0.45,Puerto Natales,2026-07-30T05:17:00,0.45
CUR011,2026-07-30T09:25:00,LW,0.4,Puerto Natales,2026-07-30T10:30:00,0.35
CUR011,2026-07-30T16:32:00,HW,0.68,Puerto Natales,2026-07-30T17:37:00,0.68
CUR011,2026-07-30T23:41:00,LW,0.42,Puerto Natales,2026-07-31T00:46:00,0.37
CUR011,2026-07-31T04:29:00,HW,0.46,Puerto Natales,2026-07-31T05:34:00,0.46
CUR011,2026-07-31T10:12:00,LW,0.39,Puerto Natales,2026-07-31T11:17:00,0.34
CUR011,2026-07-31T17:11:00,HW,0.61,Puerto Natales,2026-07-31T18:16:00,0.61
CUR011,2026-08-01T00:00:00,LW,0.41,Puerto Natales,2026-08-01T01:05:00,0.36
CUR011,2026-08-01T04:55:00,HW,0.45,Puerto Natales,2026-08-01T06:00:00,0.45
CUR011,2026-08-01T11:05:00,LW,0.37,Puerto Natales,2026-08-01T12:10:00,0.32
CUR011,2026-08-01T17:56:00,HW,0.54,Puerto Natales,2026-08-01T19:01:00,0.54
CUR011,2026-08-02T00:25:00,LW,0.39,Puerto Natales,2026-08-02T01:30:00,0.34
CUR011,2026-08-02T05:50:00,HW,0.43,Puerto Natales,2026-08-02T06:55:00,0.43
CUR011,2026-08-02T12:14:00,LW,0.35,Puerto Natales,2026-08-02T13:19:00,0.3
CUR011,2026-08-02T18:49:00,HW,0.46,Puerto Natales,2026-08-02T19:54:00,0.46
CUR011,2026-08-03T00:58:00,LW,0.36,Puerto Natales,2026-08-03T02:03:00,0.31
CUR011,2026-08-03T07:23:00,HW,0.42,Puerto Natales,2026-08-03T08:28:00,0.42
CUR011,2026-08-03T14:05:00,LW,0.33,Puerto Natales,2026-08-03T15:10:00,0.28
CUR011,2026-08-03T19:56:00,HW,0.4,Puerto Natales,2026-08-03T21:01:00,0.4
CUR011,2026-08-04T01:41:00,LW,0.32,Puerto Natales,2026-08-04T02:46:00,0.27
CUR011,2026-08-04T08:51:00,HW,0.42,Puerto Natales,2026-08-04T09:56:00,0.42
CUR011,2026-08-04T15:54:00,LW,0.31,Puerto Natales,2026-08-04T16:59:00,0.26
CUR011,2026-08-04T21:07:00,HW,0.34,Puerto Natales,2026-08-04T22:12:00,0.34
CUR011,2026-08-05T02:33:00,LW,0.29,Puerto Natales,2026-08-05T03:38:00,0.24
CUR011,2026-08-05T10:15:00,HW,0.45,Puerto Natales,2026-08-05T11:20:00,0.45
CUR011,2026-08-05T17:44:00,LW,0.29,Puerto Natales,2026-08-05T18:49:00,0.24
CUR011,2026-08-05T22:12:00,HW,0.31,Puerto Natales,2026-08-05T23:17:00,0.31
CUR011,2026-08-06T03:29:00,LW,0.28,Puerto Natales,2026-08-06T04:34:00,0.23
CUR011,2026-08-06T11:22:00,HW,0.52,Puerto Natales,2026-08-06T12:27:00,0.52
CUR011,2026-08-06T19:05:00,LW,0.27,Puerto Natales,2026-08-06T20:10:00,0.22
CUR011,2026-08-06T23:19:00,HW,0.3,Puerto Natales,2026-08-07T00:24:00,0.3
CUR011,2026-08-07T04:21:00,LW,0.27,Puerto Natales,2026-08-07T05:26:00,0.22
CUR011,2026-08-07T12:13:00,HW,0.59,Puerto Natales,2026-08-07T13:18:00,0.59
CUR011,2026-08-07T19:57:00,LW,0.27,Puerto Natales,2026-08-07T21:02:00,0.22
CUR011,2026-08-08T00:39:00,HW,0.31,Puerto Natales,2026-08-08T01:44:00,0.31
CUR011,2026-08-08T05:10:00,LW,0.29,Puerto Natales,2026-08-08T06:15:00,0.24
CUR011,2026-08-08T12:58:00,HW,0.66,Puerto Natales,2026-08-08T14:03:00,0.66
CUR011,2026-08-08T20:35:00,LW,0.3,Puerto Natales,2026-08-08T21:40:00,0.25
CUR011,2026-08-09T01:45:00,HW,0.36,Puerto Natales,2026-08-09T02:50:00,0.36
CUR011,2026-08-09T06:03:00,LW,0.32,Puerto Natales,2026-08-09T07:08:00,0.27
CUR011,2026-08-09T13:41:00,HW,0.71,Puerto Natales,2026-08-09T14:46:00,0.71
CUR011,2026-08-09T21:08:00,LW,0.34,Puerto Natales,2026-08-09T22:13:00,0.29
CUR011,2026-08-10T02:29:00,HW,0.42,Puerto Natales,2026-08-10T03:34:00,0.42
CUR011,2026-08-10T07:03:00,LW,0.36,Puerto Natales,2026-08-10T08:08:00,0.31
CUR011,2026-08-10T14:26:00,HW,0.74,Puerto Natales,2026-08-10T15:31:00,0.74
CUR011,2026-08-10T21:39:00,LW,0.38,Puerto Natales,2026-08-10T22:44:00,0.33
CUR011,2026-08-11T03:07:00,HW,0.49,Puerto Natales,2026-08-11T04:12:00,0.49
CUR011,2026-08-11T08:06:00,LW,0.39,Puerto Natales,2026-08-11T09:11:00,0.34
CUR011,2026-08-11T15:12:00,HW,0.75,Puerto Natales,2026-08-11T16:17:00,0.75
CUR011,2026-08-11T22:12:00,LW,0.41,Puerto Natales,2026-08-11T23:17:00,0.36
CUR011,2026-08-12T03:46:00,HW,0.53,Puerto Natales,2026-08-12T04:51:00,0.53
CUR011,2026-08-12T09:02:00,LW,0.41,Puerto Natales,2026-08-12T10:07:00,0.36
CUR011,2026-08-12T15:57:00,HW,0.74,Puerto Natales,2026-08-12T17:02:00,0.74
CUR011,2026-08-12T22:50:00,LW,0.43,Puerto Natales,2026-08-12T23:55:00,0.38
CUR011,2026-08-13T04:29:00,HW,0.55,Puerto Natales,2026-08-13T05:34:00,0.55
CUR011,2026-08-13T09:51:00,LW,0.42,Puerto Natales,2026-08-13T10:56:00,0.37
CUR011,2026-08-13T16:40:00,HW,0.71,Puerto Natales,2026-08-13T17:45:00,0.71
CUR011,2026-08-13T23:30:00,LW,0.42,Puerto Natales,2026-08-14T00:35:00,0.37
CUR011,2026-08-14T05:19:00,HW,0.54,Puerto Natales,2026-08-14T06:24:00,0.54
CUR011,2026-08-14T10:37:00,LW,0.43,Puerto Natales,2026-08-14T11:42:00,0.38
CUR011,2026-08-14T17:21:00,HW,0.66,Puerto Natales,2026-08-14T18:26:00,0.66
CUR011,2026-08-15T00:10:00,LW,0.4,Puerto Natales,2026-08-15T01:15:00,0.35
CUR011,2026-08-15T06:19:00,HW,0.52,Puerto Natales,2026-08-15T07:24:00,0.52
CUR011,2026-08-15T11:32:00,LW,0.42,Puerto Natales,2026-08-15T12:37:00,0.37
CUR011,2026-08-15T18:04:00,HW,0.58,Puerto Natales,2026-08-15T19:09:00,0.58
CUR011,2026-08-16T00:46:00,LW,0.37,Puerto Natales,2026-08-16T01:51:00,0.32
CUR011,2026-08-16T07:21:00,HW,0.49,Puerto Natales,2026-08-16T08:26:00,0.49
CUR011,2026-08-16T13:07:00,LW,0.4,Puerto Natales,2026-08-16T14:12:00,0.35
CUR011,2026-08-16T18:52:00,HW,0.49,Puerto Natales,2026-08-16T19:57:00,0.49
CUR011,2026-08-17T01:17:00,LW,0.34,Puerto Natales,2026-08-17T02:22:00,0.29
CUR011,2026-08-17T08:21:00,HW,0.47,Puerto Natales,2026-08-17T09:26:00,0.47
CUR011,2026-08-17T14:53:00,LW,0.36,Puerto Natales,2026-08-17T15:58:00,0.31
CUR011,2026-08-17T19:56:00,HW,0.38,Puerto Natales,2026-08-17T21:01:00,0.38
CUR011,2026-08-18T01:46:00,LW,0.31,Puerto Natales,2026-08-18T02:51:00,0.26
CUR011,2026-08-18T09:25:00,HW,0.45,Puerto Natales,2026-08-18T10:30:00,0.45
CUR011,2026-08-18T16:33:00,LW,0.32,Puerto Natales,2026-08-18T17:38:00,0.27
CUR011,2026-08-18T21:16:00,HW,0.3,Puerto Natales,2026-08-18T22:21:00,0.3
CUR011,2026-08-19T02:21:00,LW,0.28,Puerto Natales,2026-08-19T03:26:00,0.23
CUR011,2026-08-19T10:33:00,HW,0.45,Puerto Natales,2026-08-19T11:38:00,0.45
CUR011,2026-08-19T18:44:00,LW,0.27,Puerto Natales,2026-08-19T19:49:00,0.22
CUR011,2026-08-19T22:28:00,HW,0.25,Puerto Natales,2026-08-19T23:33:00,0.25
CUR011,2026-08-20T03:19:00,LW,0.25,Puerto Natales,2026-08-20T04:24:00,0.2
CUR011,2026-08-20T11:33:00,HW,0.47,Puerto Natales,2026-08-20T12:38:00,0.47
CUR011,2026-08-20T19:34:00,LW,0.25,Puerto Natales,2026-08-20T20:39:00,0.2
CUR011,2026-08-20T23:41:00,HW,0.24,Puerto Natales,2026-08-21T00:46:00,0.24
CUR011,2026-08-21T04:23:00,LW,0.24,Puerto Natales,2026-08-21T05:28:00,0.19
CUR011,2026-08-21T12:20:00,HW,0.49,Puerto Natales,2026-08-21T13:25:00,0.49
CUR011,2026-08-21T20:00:00,LW,0.26,Puerto Natales,2026-08-21T21:05:00,0.21
CUR011,2026-08-22T00:51:00,HW,0.26,Puerto Natales,2026-08-22T01:56:00,0.26
CUR011,2026-08-22T05:09:00,LW,0.24,Puerto Natales,2026-08-22T06:14:00,0.19
CUR011,2026-08-22T12:56:00,HW,0.53,Puerto Natales,2026-08-22T14:01:00,0.53
CUR011,2026-08-22T20:22:00,LW,0.27,Puerto Natales,2026-08-22T21:27:00,0.22
CUR011,2026-08-23T01:43:00,HW,0.29,Puerto Natales,2026-08-23T02:48:00,0.29
CUR011,2026-08-23T05:45:00,LW,0.27,Puerto Natales,2026-08-23T06:50:00,0.22
CUR011,2026-08-23T13:26:00,HW,0.58,Puerto Natales,2026-08-23T14:31:00,0.58
CUR011,2026-08-23T20:47:00,LW,0.3,Puerto Natales,2026-08-23T21:52:00,0.25
CUR011,2026-08-24T02:24:00,HW,0.34,Puerto Natales,2026-08-24T03:29:00,0.34
CUR011,2026-08-24T06:19:00,LW,0.32,Puerto Natales,2026-08-24T07:24:00,0.27
CUR011,2026-08-24T13:52:00,HW,0.63,Puerto Natales,2026-08-24T14:57:00,0.63
CUR011,2026-08-24T21:13:00,LW,0.32,Puerto Natales,2026-08-24T22:18:00,0.27
CUR011,2026-08-25T02:57:00,HW,0.39,Puerto Natales,2026-08-25T04:02:00,0.39
CUR011,2026-08-25T06:56:00,LW,0.37,Puerto Natales,2026-08-25T08:01:00,0.32
CUR011,2026-08-25T14:19:00,HW,0.67,Puerto Natales,2026-08-25T15:24:00,0.67
CUR011,2026-08-25T21:40:00,LW,0.36,Puerto Natales,2026-08-25T22:45:00,0.31
CUR011,2026-08-26T03:22:00,HW,0.44,Puerto Natales,2026-08-26T04:27:00,0.44
CUR011,2026-08-26T07:43:00,LW,0.4,Puerto Natales,2026-08-26T08:48:00,0.35
CUR011,2026-08-26T14:52:00,HW,0.69,Puerto Natales,2026-08-26T15:57:00,0.69
CUR011,2026-08-26T22:04:00,LW,0.4,Puerto Natales,2026-08-26T23:09:00,0.35
CUR011,2026-08-27T03:39:00,HW,0.48,Puerto Natales,2026-08-27T04:44:00,0.48
CUR011,2026-08-27T08:35:00,LW,0.42,Puerto Natales,2026-08-27T09:40:00,0.37
CUR011,2026-08-27T15:30:00,HW,0.69,Puerto Natales,2026-08-27T16:35:00,0.69
CUR011,2026-08-27T22:24:00,LW,0.43,Puerto Natales,2026-08-27T23:29:00,0.38
CUR011,2026-08-28T03:53:00,HW,0.51,Puerto Natales,2026-08-28T04:58:00,0.51
CUR011,2026-08-28T09:27:00,LW,0.42,Puerto Natales,2026-08-28T10:32:00,0.37
CUR011,2026-08-28T16:12:00,HW,0.65,Puerto Natales,2026-08-28T17:17:00,0.65
CUR011,2026-08-28T22:43:00,LW,0.44,Puerto Natales,2026-08-28T23:48:00,0.39
CUR011,2026-08-29T04:13:00,HW,0.53,Puerto Natales,2026-08-29T05:18:00,0.53
CUR011,2026-08-29T10:17:00,LW,0.4,Puerto Natales,2026-08-29T11:22:00,0.35
CUR011,2026-08-29T16:53:00,HW,0.6,Puerto Natales,2026-08-29T17:58:00,0.6
CUR011,2026-08-29T23:07:00,LW,0.43,Puerto Natales,2026-08-30T00:12:00,0.38
CUR011,2026-08-30T04:50:00,HW,0.54,Puerto Natales,2026-08-30T05:55:00,0.54
CUR011,2026-08-30T11:14:00,LW,0.39,Puerto Natales,2026-08-30T12:19:00,0.34
CUR011,2026-08-30T17:33:00,HW,0.53,Puerto Natales,2026-08-30T18:38:00,0.53
CUR011,2026-08-30T23:37:00,LW,0.4,Puerto Natales,2026-08-31T00:42:00,0.35
CUR011,2026-08-31T05:57:00,HW,0.52,Puerto Natales,2026-08-31T07:02:00,0.52
CUR011,2026-08-31T12:37:00,LW,0.38,Puerto Natales,2026-08-31T13:42:00,0.33
CUR011,2026-08-31T18:14:00,HW,0.46,Puerto Natales,2026-08-31T19:19:00,0.46
CUR011,2026-09-01T00:12:00,LW,0.35,Puerto Natales,2026-09-01T01:17:00,0.3
CUR011,2026-09-01T07:16:00,HW,0.51,Puerto Natales,2026-09-01T08:21:00,0.51
CUR011,2026-09-01T14:30:00,LW,0.36,Puerto Natales,2026-09-01T15:35:00,0.31
CUR011,2026-09-01T19:02:00,HW,0.38,Puerto Natales,2026-09-01T20:07:00,0.38
CUR011,2026-09-02T00:48:00,LW,0.3,Puerto Natales,2026-09-02T01:53:00,0.25
CUR011,2026-09-02T08:32:00,HW,0.51,Puerto Natales,2026-09-02T09:37:00,0.51
CUR011,2026-09-02T16:18:00,LW,0.33,Puerto Natales,2026-09-02T17:23:00,0.28
CUR011,2026-09-02T20:15:00,HW,0.31,Puerto Natales,2026-09-02T21:20:00,0.31
CUR011,2026-09-03T01:28:00,LW,0.26,Puerto Natales,2026-09-03T02:33:00,0.21
CUR011,2026-09-03T09:43:00,HW,0.53,Puerto Natales,2026-09-03T10:48:00,0.53
CUR011,2026-09-03T18:21:00,LW,0.28,Puerto Natales,2026-09-03T19:26:00,0.23
CUR011,2026-09-03T21:41:00,HW,0.26,Puerto Natales,2026-09-03T22:46:00,0.26
CUR011,2026-09-04T02:21:00,LW,0.25,Puerto Natales,2026-09-04T03:26:00,0.2
CUR011,2026-09-04T10:47:00,HW,0.56,Puerto Natales,2026-09-04T11:52:00,0.56
CUR011,2026-09-04T19:13:00,LW,0.25,Puerto Natales,2026-09-04T20:18:00,0.2
CUR011,2026-09-04T23:15:00,HW,0.25,Puerto Natales,2026-09-05T00:20:00,0.25
CUR011,2026-09-05T03:33:00,LW,0.27,Puerto Natales,2026-09-05T04:38:00,0.22
CUR011,2026-09-05T11:41:00,HW,0.59,Puerto Natales,2026-09-05T12:46:00,0.59
CUR011,2026-09-05T19:46:00,LW,0.24,Puerto Natales,2026-09-05T20:51:00,0.19
CUR011,2026-09-06T00:53:00,HW,0.29,Puerto Natales,2026-09-06T01:58:00,0.29
CUR011,2026-09-06T04:47:00,LW,0.29,Puerto Natales,2026-09-06T05:52:00,0.24
CUR011,2026-09-06T12:31:00,HW,0.62,Puerto Natales,2026-09-06T13:36:00,0.62
CUR011,2026-09-06T20:14:00,LW,0.27,Puerto Natales,2026-09-06T21:19:00,0.22
CUR011,2026-09-07T01:43:00,HW,0.36,Puerto Natales,2026-09-07T02:48:00,0.36
CUR011,2026-09-07T05:59:00,LW,0.32,Puerto Natales,2026-09-07T07:04:00,0.27
CUR011,2026-09-07T13:20:00,HW,0.65,Puerto Natales,2026-09-07T14:25:00,0.65
CUR011,2026-09-07T20:41:00,LW,0.32,Puerto Natales,2026-09-07T21:46:00,0.27
CUR011,2026-09-08T02:19:00,HW,0.43,Puerto Natales,2026-09-08T03:24:00,0.43
CUR011,2026-09-08T07:11:00,LW,0.35,Puerto Natales,2026-09-08T08:16:00,0.3
CUR011,2026-09-08T14:08:00,HW,0.68,Puerto Natales,2026-09-08T15:13:00,0.68
CUR011,2026-09-08T21:09:00,LW,0.36,Puerto Natales,2026-09-08T22:14:00,0.31
CUR011,2026-09-09T02:55:00,HW,0.5,Puerto Natales,2026-09-09T04:00:00,0.5
CUR011,2026-09-09T08:12:00,LW,0.38,Puerto Natales,2026-09-09T09:17:00,0.33
CUR011,2026-09-09T14:54:00,HW,0.69,Puerto Natales,2026-09-09T15:59:00,0.69
CUR011,2026-09-09T21:41:00,LW,0.39,Puerto Natales,2026-09-09T22:46:00,0.34
CUR011,2026-09-10T03:34:00,HW,0.55,Puerto Natales,2026-09-10T04:39:00,0.55
CUR011,2026-09-10T09:03:00,LW,0.41,Puerto Natales,2026-09-10T10:08:00,0.36
CUR011,2026-09-10T15:37:00,HW,0.7,Puerto Natales,2026-09-10T16:42:00,0.7
CUR011,2026-09-10T22:15:00,LW,0.41,Puerto Natales,2026-09-10T23:20:00,0.36
CUR011,2026-09-11T04:17:00,HW,0.58,Puerto Natales,2026-09-11T05:22:00,0.58
CUR011,2026-09-11T09:49:00,LW,0.43,Puerto Natales,2026-09-11T10:54:00,0.38
CUR011,2026-09-11T16:16:00,HW,0.67,Puerto Natales,2026-09-11T17:21:00,0.67
CUR011,2026-09-11T22:49:00,LW,0.41,Puerto Natales,2026-09-11T23:54:00,0.36
CUR011,2026-09-12T05:05:00,HW,0.59,Puerto Natales,2026-09-12T06:10:00,0.59
CUR011,2026-09-12T10:40:00,LW,0.45,Puerto Natales,2026-09-12T11:45:00,0.4
CUR011,2026-09-12T16:53:00,HW,0.62,Puerto Natales,2026-09-12T17:58:00,0.62
CUR011,2026-09-12T23:19:00,LW,0.4,Puerto Natales,2026-09-13T00:24:00,0.35
CUR011,2026-09-13T05:57:00,HW,0.58,Puerto Natales,2026-09-13T07:02:00,0.58
CUR011,2026-09-13T11:48:00,LW,0.44,Puerto Natales,2026-09-13T12:53:00,0.39
CUR011,2026-09-13T17:30:00,HW,0.54,Puerto Natales,2026-09-13T18:35:00,0.54
CUR011,2026-09-13T23:46:00,LW,0.37,Puerto Natales,2026-09-14T00:51:00,0.32
CUR011,2026-09-14T06:50:00,HW,0.56,Puerto Natales,2026-09-14T07:55:00,0.56
CUR011,2026-09-14T13:24:00,LW,0.42,Puerto Natales,2026-09-14T14:29:00,0.37
CUR011,2026-09-14T18:08:00,HW,0.45,Puerto Natales,2026-09-14T19:13:00,0.45
CUR011,2026-09-15T00:10:00,LW,0.34,Puerto Natales,2026-09-15T01:15:00,0.29
CUR011,2026-09-15T07:44:00,HW,0.53,Puerto Natales,2026-09-15T08:49:00,0.53
CUR011,2026-09-15T14:55:00,LW,0.37,Puerto Natales,2026-09-15T16:00:00,0.32
CUR011,2026-09-15T18:51:00,HW,0.35,Puerto Natales,2026-09-15T19:56:00,0.35
CUR011,2026-09-16T00:33:00,LW,0.3,Puerto Natales,2026-09-16T01:38:00,0.25
CUR011,2026-09-16T08:44:00,HW,0.5,Puerto Natales,2026-09-16T09:49:00,0.5
CUR011,2026-09-16T19:02:00,LW,0.31,Puerto Natales,2026-09-16T20:07:00,0.26
CUR011,2026-09-16T20:20:00,HW,0.27,Puerto Natales,2026-09-16T21:25:00,0.27
CUR011,2026-09-17T01:04:00,LW,0.27,Puerto Natales,2026-09-17T02:09:00,0.22
CUR011,2026-09-17T09:52:00,HW,0.48,Puerto Natales,2026-09-17T10:57:00,0.48
CUR011,2026-09-17T19:43:00,LW,0.26,Puerto Natales,2026-09-17T20:48:00,0.21
CUR011,2026-09-17T21:45:00,HW,0.22,Puerto Natales,2026-09-17T22:50:00,0.22
CUR011,2026-09-18T01:51:00,LW,0.24,Puerto Natales,2026-09-18T02:56:00,0.19
CUR011,2026-09-18T10:53:00,HW,0.47,Puerto Natales,2026-09-18T11:58:00,0.47
CUR011,2026-09-18T20:03:00,LW,0.24,Puerto Natales,2026-09-18T21:08:00,0.19
CUR011,2026-09-18T23:16:00,HW,0.21,Puerto Natales,2026-09-19T00:21:00,0.21
CUR011,2026-09-19T02:59:00,LW,0.23,Puerto Natales,2026-09-19T04:04:00,0.18
CUR011,2026-09-19T11:37:00,HW,0.48,Puerto Natales,2026-09-19T12:42:00,0.48
CUR011,2026-09-19T19:59:00,LW,0.24,Puerto Natales,2026-09-19T21:04:00,0.19
CUR011,2026-09-20T00:51:00,HW,0.23,Puerto Natales,2026-09-20T01:56:00,0.23
CUR011,2026-09-20T04:01:00,LW,0.25,Puerto Natales,2026-09-20T05:06:00,0.2
CUR011,2026-09-20T12:09:00,HW,0.51,Puerto Natales,2026-09-20T13:14:00,0.51
CUR011,2026-09-20T20:01:00,LW,0.24,Puerto Natales,2026-09-20T21:06:00,0.19
CUR011,2026-09-21T01:43:00,HW,0.27,Puerto Natales,2026-09-21T02:48:00,0.27
CUR011,2026-09-21T04:51:00,LW,0.29,Puerto Natales,2026-09-21T05:56:00,0.24
CUR011,2026-09-21T12:37:00,HW,0.54,Puerto Natales,2026-09-21T13:42:00,0.54
CUR011,2026-09-21T20:16:00,LW,0.26,Puerto Natales,2026-09-21T21:21:00,0.21
CUR011,2026-09-22T02:18:00,HW,0.33,Puerto Natales,2026-09-22T03:23:00,0.33
CUR011,2026-09-22T05:41:00,LW,0.33,Puerto Natales,2026-09-22T06:46:00,0.28
CUR011,2026-09-22T13:07:00,HW,0.59,Puerto Natales,2026-09-22T14:12:00,0.59
CUR011,2026-09-22T20:35:00,LW,0.3,Puerto Natales,2026-09-22T21:40:00,0.25
CUR011,2026-09-23T02:41:00,HW,0.4,Puerto Natales,2026-09-23T03:46:00,0.4
CUR011,2026-09-23T06:40:00,LW,0.38,Puerto Natales,2026-09-23T07:45:00,0.33
CUR011,2026-09-23T13:45:00,HW,0.62,Puerto Natales,2026-09-23T14:50:00,0.62
CUR011,2026-09-23T20:56:00,LW,0.35,Puerto Natales,2026-09-23T22:01:00,0.3
CUR011,2026-09-24T02:55:00,HW,0.46,Puerto Natales,2026-09-24T04:00:00,0.46
CUR011,2026-09-24T07:47:00,LW,0.4,Puerto Natales,2026-09-24T08:52:00,0.35
CUR011,2026-09-24T14:29:00,HW,0.64,Puerto Natales,2026-09-24T15:34:00,0.64
CUR011,2026-09-24T21:16:00,LW,0.41,Puerto Natales,2026-09-24T22:21:00,0.36
CUR011,2026-09-25T03:08:00,HW,0.52,Puerto Natales,2026-09-25T04:13:00,0.52
CUR011,2026-09-25T08:43:00,LW,0.41,Puerto Natales,2026-09-25T09:48:00,0.36
CUR011,2026-09-25T15:15:00,HW,0.64,Puerto Natales,2026-09-25T16:20:00,0.64
CUR011,2026-09-25T21:35:00,LW,0.45,Puerto Natales,2026-09-25T22:40:00,0.4
CUR011,2026-09-26T03:29:00,HW,0.57,Puerto Natales,2026-09-26T04:34:00,0.57
CUR011,2026-09-26T09:34:00,LW,0.42,Puerto Natales,2026-09-26T10:39:00,0.37
CUR011,2026-09-26T15:57:00,HW,0.62,Puerto Natales,2026-09-26T17:02:00,0.62
CUR011,2026-09-26T21:58:00,LW,0.46,Puerto Natales,2026-09-26T23:03:00,0.41
CUR011,2026-09-27T04:03:00,HW,0.61,Puerto Natales,2026-09-27T05:08:00,0.61
CUR011,2026-09-27T10:26:00,LW,0.42,Puerto Natales,2026-09-27T11:31:00,0.37
CUR011,2026-09-27T16:32:00,HW,0.58,Puerto Natales,2026-09-27T17:37:00,0.58
CUR011,2026-09-27T22:25:00,LW,0.43,Puerto Natales,2026-09-27T23:30:00,0.38
CUR011,2026-09-28T04:54:00,HW,0.62,Puerto Natales,2026-09-28T05:59:00,0.62
CUR011,2026-09-28T11:32:00,LW,0.43,Puerto Natales,2026-09-28T12:37:00,0.38
CUR011,2026-09-28T17:02:00,HW,0.52,Puerto Natales,2026-09-28T18:07:00,0.52
CUR011,2026-09-28T22:56:00,LW,0.38,Puerto Natales,2026-09-29T00:01:00,0.33
CUR011,2026-09-29T05:58:00,HW,0.62,Puerto Natales,2026-09-29T07:03:00,0.62
CUR011,2026-09-29T13:09:00,LW,0.42,Puerto Natales,2026-09-29T14:14:00,0.37
CUR011,2026-09-29T17:31:00,HW,0.44,Puerto Natales,2026-09-29T18:36:00,0.44
CUR011,2026-09-29T23:29:00,LW,0.32,Puerto Natales,2026-09-30T00:34:00,0.27
CUR011,2026-09-30T07:02:00,HW,0.61,Puerto Natales,2026-09-30T08:07:00,0.61
CUR011,2026-09-30T14:46:00,LW,0.38,Puerto Natales,2026-09-30T15:51:00,0.33
CUR011,2026-09-30T18:03:00,HW,0.36,Puerto Natales,2026-09-30T19:08:00,0.36
CUR011,2026-10-01T00:02:00,LW,0.28,Puerto Natales,2026-10-01T01:07:00,0.23
CUR011,2026-10-01T08:03:00,HW,0.59,Puerto Natales,2026-10-01T09:08:00,0.59
CUR011,2026-10-01T16:48:00,LW,0.33,Puerto Natales,2026-10-01T17:53:00,0.28
CUR011,2026-10-01T19:38:00,HW,0.29,Puerto Natales,2026-10-01T20:43:00,0.29
CUR011,2026-10-02T00:39:00,LW,0.26,Puerto Natales,2026-10-02T01:44:00,0.21
CUR011,2026-10-02T09:06:00,HW,0.57,Puerto Natales,2026-10-02T10:11:00,0.57
CUR011,2026-10-02T18:23:00,LW,0.27,Puerto Natales,2026-10-02T19:28:00,0.22
CUR011,2026-10-02T21:35:00,HW,0.25,Puerto Natales,2026-10-02T22:40:00,0.25
CUR011,2026-10-03T01:37:00,LW,0.26,Puerto Natales,2026-10-03T02:42:00,0.21
CUR011,2026-10-03T10:11:00,HW,0.56,Puerto Natales,2026-10-03T11:16:00,0.56
CUR011,2026-10-03T18:53:00,LW,0.24,Puerto Natales,2026-10-03T19:58:00,0.19
CUR011,2026-10-03T23:23:00,HW,0.26,Puerto Natales,2026-10-04T00:28:00,0.26
CUR011,2026-10-04T03:16:00,LW,0.28,Puerto Natales,2026-10-04T04:21:00,0.23
CUR011,2026-10-04T11:13:00,HW,0.56,Puerto Natales,2026-10-04T12:18:00,0.56
CUR011,2026-10-04T19:20:00,LW,0.24,Puerto Natales,2026-10-04T20:25:00,0.19
CUR011,2026-10-05T00:41:00,HW,0.31,Puerto Natales,2026-10-05T01:46:00,0.31
CUR011,2026-10-05T04:49:00,LW,0.29,Puerto Natales,2026-10-05T05:54:00,0.24
CUR011,2026-10-05T12:10:00,HW,0.57,Puerto Natales,2026-10-05T13:15:00,0.57
CUR011,2026-10-05T19:46:00,LW,0.26,Puerto Natales,2026-10-05T20:51:00,0.21
CUR011,2026-10-06T01:25:00,HW,0.37,Puerto Natales,2026-10-06T02:30:00,0.37
CUR011,2026-10-06T06:09:00,LW,0.31,Puerto Natales,2026-10-06T07:14:00,0.26
CUR011,2026-10-06T13:02:00,HW,0.59,Puerto Natales,2026-10-06T14:07:00,0.59
CUR011,2026-10-06T20:12:00,LW,0.3,Puerto Natales,2026-10-06T21:17:00,0.25
CUR011,2026-10-07T02:02:00,HW,0.44,Puerto Natales,2026-10-07T03:07:00,0.44
CUR011,2026-10-07T07:18:00,LW,0.33,Puerto Natales,2026-10-07T08:23:00,0.28
CUR011,2026-10-07T13:50:00,HW,0.61,Puerto Natales,2026-10-07T14:55:00,0.61
CUR011,2026-10-07T20:39:00,LW,0.34,Puerto Natales,2026-10-07T21:44:00,0.29
CUR011,2026-10-08T02:40:00,HW,0.51,Puerto Natales,2026-10-08T03:45:00,0.51
CUR011,2026-10-08T08:14:00,LW,0.37,Puerto Natales,2026-10-08T09:19:00,0.32
CUR011,2026-10-08T14:34:00,HW,0.63,Puerto Natales,2026-10-08T15:39:00,0.63
CUR011,2026-10-08T21:07:00,LW,0.36,Puerto Natales,2026-10-08T22:12:00,0.31
CUR011,2026-10-09T03:20:00,HW,0.57,Puerto Natales,2026-10-09T04:25:00,0.57
CUR011,2026-10-09T09:04:00,LW,0.41,Puerto Natales,2026-10-09T10:09:00,0.36
CUR011,2026-10-09T15:14:00,HW,0.63,Puerto Natales,2026-10-09T16:19:00,0.63
CUR011,2026-10-09T21:35:00,LW,0.38,Puerto Natales,2026-10-09T22:40:00,0.33
CUR011,2026-10-10T04:01:00,HW,0.62,Puerto Natales,2026-10-10T05:06:00,0.62
CUR011,2026-10-10T09:53:00,LW,0.44,Puerto Natales,2026-10-10T10:58:00,0.39
CUR011,2026-10-10T15:51:00,HW,0.61,Puerto Natales,2026-10-10T16:56:00,0.61
CUR011,2026-10-10T22:03:00,LW,0.39,Puerto Natales,2026-10-10T23:08:00,0.34
CUR011,2026-10-11T04:45:00,HW,0.64,Puerto Natales,2026-10-11T05:50:00,0.64
CUR011,2026-10-11T10:49:00,LW,0.45,Puerto Natales,2026-10-11T11:54:00,0.4
CUR011,2026-10-11T16:27:00,HW,0.57,Puerto Natales,2026-10-11T17:32:00,0.57
CUR011,2026-10-11T22:30:00,LW,0.39,Puerto Natales,2026-10-11T23:35:00,0.34
CUR011,2026-10-12T05:30:00,HW,0.64,Puerto Natales,2026-10-12T06:35:00,0.64
CUR011,2026-10-12T12:00:00,LW,0.45,Puerto Natales,2026-10-12T13:05:00,0.4
CUR011,2026-10-12T17:01:00,HW,0.5,Puerto Natales,2026-10-12T18:06:00,0.5
CUR011,2026-10-12T22:55:00,LW,0.37,Puerto Natales,2026-10-13T00:00:00,0.32
CUR011,2026-10-13T06:17:00,HW,0.62,Puerto Natales,2026-10-13T07:22:00,0.62
CUR011,2026-10-13T13:23:00,LW,0.43,Puerto Natales,2026-10-13T14:28:00,0.38
CUR011,2026-10-13T17:25:00,HW,0.42,Puerto Natales,2026-10-13T18:30:00,0.42
CUR011,2026-10-13T23:20:00,LW,0.34,Puerto Natales,2026-10-14T00:25:00,0.29
CUR011,2026-10-14T07:07:00,HW,0.58,Puerto Natales,2026-10-14T08:12:00,0.58
CUR011,2026-10-14T14:47:00,LW,0.39,Puerto Natales,2026-10-14T15:52:00,0.34
CUR011,2026-10-14T16:55:00,HW,0.35,Puerto Natales,2026-10-14T18:00:00,0.35
CUR011,2026-10-14T23:46:00,LW,0.3,Puerto Natales,2026-10-15T00:51:00,0.25
CUR011,2026-10-15T08:02:00,HW,0.54,Puerto Natales,2026-10-15T09:07:00,0.54
CUR011,2026-10-16T00:15:00,LW,0.26,Puerto Natales,2026-10-16T01:20:00,0.21
CUR011,2026-10-16T09:00:00,HW,0.51,Puerto Natales,2026-10-16T10:05:00,0.51
CUR011,2026-10-17T00:49:00,LW,0.24,Puerto Natales,2026-10-17T01:54:00,0.19
CUR011,2026-10-17T09:54:00,HW,0.48,Puerto Natales,2026-10-17T10:59:00,0.48
CUR011,2026-10-17T20:00:00,LW,0.24,Puerto Natales,2026-10-17T21:05:00,0.19
CUR011,2026-10-17T23:16:00,HW,0.2,Puerto Natales,2026-10-18T00:21:00,0.2
CUR011,2026-10-18T01:39:00,LW,0.24,Puerto Natales,2026-10-18T02:44:00,0.19
CUR011,2026-10-18T10:36:00,HW,0.47,Puerto Natales,2026-10-18T11:41:00,0.47
CUR011,2026-10-18T19:27:00,LW,0.23,Puerto Natales,2026-10-18T20:32:00,0.18
CUR011,2026-10-19T00:55:00,HW,0.23,Puerto Natales,2026-10-19T02:00:00,0.23
CUR011,2026-10-19T03:01:00,LW,0.27,Puerto Natales,2026-10-19T04:06:00,0.22
CUR011,2026-10-19T11:12:00,HW,0.47,Puerto Natales,2026-10-19T12:17:00,0.47
CUR011,2026-10-19T19:21:00,LW,0.23,Puerto Natales,2026-10-19T20:26:00,0.18
CUR011,2026-10-20T01:30:00,HW,0.28,Puerto Natales,2026-10-20T02:35:00,0.28
CUR011,2026-10-20T04:17:00,LW,0.31,Puerto Natales,2026-10-20T05:22:00,0.26
CUR011,2026-10-20T11:50:00,HW,0.5,Puerto Natales,2026-10-20T12:55:00,0.5
CUR011,2026-10-20T19:35:00,LW,0.26,Puerto Natales,2026-10-20T20:40:00,0.21
CUR011,2026-10-21T01:50:00,HW,0.34,Puerto Natales,2026-10-21T02:55:00,0.34
CUR011,2026-10-21T05:33:00,LW,0.34,Puerto Natales,2026-10-21T06:38:00,0.29
CUR011,2026-10-21T12:34:00,HW,0.53,Puerto Natales,2026-10-21T13:39:00,0.53
CUR011,2026-10-21T19:53:00,LW,0.31,Puerto Natales,2026-10-21T20:58:00,0.26
CUR011,2026-10-22T02:04:00,HW,0.41,Puerto Natales,2026-10-22T03:09:00,0.41
CUR011,2026-10-22T06:58:00,LW,0.36,Puerto Natales,2026-10-22T08:03:00,0.31
CUR011,2026-10-22T13:25:00,HW,0.56,Puerto Natales,2026-10-22T14:30:00,0.56
CUR011,2026-10-22T20:13:00,LW,0.37,Puerto Natales,2026-10-22T21:18:00,0.32
CUR011,2026-10-23T02:19:00,HW,0.49,Puerto Natales,2026-10-23T03:24:00,0.49
CUR011,2026-10-23T08:01:00,LW,0.38,Puerto Natales,2026-10-23T09:06:00,0.33
CUR011,2026-10-23T14:17:00,HW,0.59,Puerto Natales,2026-10-23T15:22:00,0.59
CUR011,2026-10-23T20:32:00,LW,0.42,Puerto Natales,2026-10-23T21:37:00,0.37
CUR011,2026-10-24T02:41:00,HW,0.57,Puerto Natales,2026-10-24T03:46:00,0.57
CUR011,2026-10-24T08:52:00,LW,0.4,Puerto Natales,2026-10-24T09:57:00,0.35
CUR011,2026-10-24T15:00:00,HW,0.6,Puerto Natales,2026-10-24T16:05:00,0.6
CUR011,2026-10-24T20:52:00,LW,0.44,Puerto Natales,2026-10-24T21:57:00,0.39
CUR011,2026-10-25T03:15:00,HW,0.63,Puerto Natales,2026-10-25T04:20:00,0.63
CUR011,2026-10-25T09:42:00,LW,0.42,Puerto Natales,2026-10-25T10:47:00,0.37
CUR011,2026-10-25T15:34:00,HW,0.58,Puerto Natales,2026-10-25T16:39:00,0.58
CUR011,2026-10-25T21:16:00,LW,0.43,Puerto Natales,2026-10-25T22:21:00,0.38
CUR011,2026-10-26T03:59:00,HW,0.68,Puerto Natales,2026-10-26T05:04:00,0.68
CUR011,2026-10-26T10:40:00,LW,0.45,Puerto Natales,2026-10-26T11:45:00,0.4
CUR011,2026-10-26T16:03:00,HW,0.55,Puerto Natales,2026-10-26T17:08:00,0.55
CUR011,2026-10-26T21:45:00,LW,0.4,Puerto Natales,2026-10-26T22:50:00,0.35
CUR011,2026-10-27T04:51:00,HW,0.71,Puerto Natales,2026-10-27T05:56:00,0.71
CUR011,2026-10-27T11:56:00,LW,0.46,Puerto Natales,2026-10-27T13:01:00,0.41
CUR011,2026-10-27T16:30:00,HW,0.49,Puerto Natales,2026-10-27T17:35:00,0.49
CUR011,2026-10-27T22:17:00,LW,0.35,Puerto Natales,2026-10-27T23:22:00,0.3
CUR011,2026-10-28T05:44:00,HW,0.71,Puerto Natales,2026-10-28T06:49:00,0.71
CUR011,2026-10-28T13:21:00,LW,0.44,Puerto Natales,2026-10-28T14:26:00,0.39
CUR011,2026-10-28T16:59:00,HW,0.43,Puerto Natales,2026-10-28T18:04:00,0.43
CUR011,2026-10-28T22:51:00,LW,0.32,Puerto Natales,2026-10-28T23:56:00,0.27
CUR011,2026-10-29T06:36:00,HW,0.68,Puerto Natales,2026-10-29T07:41:00,0.68
CUR011,2026-10-29T14:34:00,LW,0.39,Puerto Natales,2026-10-29T15:39:00,0.34
CUR011,2026-10-29T17:43:00,HW,0.36,Puerto Natales,2026-10-29T18:48:00,0.36
CUR011,2026-10-29T23:29:00,LW,0.29,Puerto Natales,2026-10-30T00:34:00,0.24
CUR011,2026-10-30T07:29:00,HW,0.63,Puerto Natales,2026-10-30T08:34:00,0.63
CUR011,2026-10-30T15:56:00,LW,0.34,Puerto Natales,2026-10-30T17:01:00,0.29
CUR011,2026-10-30T19:46:00,HW,0.3,Puerto Natales,2026-10-30T20:51:00,0.3
CUR011,2026-10-31T00:16:00,LW,0.29,Puerto Natales,2026-10-31T01:21:00,0.24
CUR011,2026-10-31T08:31:00,HW,0.58,Puerto Natales,2026-10-31T09:36:00,0.58
CUR011,2026-10-31T17:35:00,LW,0.29,Puerto Natales,2026-10-31T18:40:00,0.24
CUR011,2026-10-31T21:31:00,HW,0.28,Puerto Natales,2026-10-31T22:36:00,0.28
CUR011,2026-11-01T01:31:00,LW,0.29,Puerto Natales,2026-11-01T02:36:00,0.24
CUR011,2026-11-01T09:41:00,HW,0.53,Puerto Natales,2026-11-01T10:46:00,0.53
CUR011,2026-11-01T18:17:00,LW,0.26,Puerto Natales,2026-11-01T19:22:00,0.21
CUR011,2026-11-01T23:02:00,HW,0.29,Puerto Natales,2026-11-02T00:07:00,0.29
CUR011,2026-11-02T03:26:00,LW,0.29,Puerto Natales,2026-11-02T04:31:00,0.24
CUR011,2026-11-02T10:49:00,HW,0.52,Puerto Natales,2026-11-02T11:54:00,0.52
CUR011,2026-11-02T18:49:00,LW,0.25,Puerto Natales,2026-11-02T19:54:00,0.2
CUR011,2026-11-03T00:13:00,HW,0.33,Puerto Natales,2026-11-03T01:18:00,0.33
CUR011,2026-11-03T04:58:00,LW,0.29,Puerto Natales,2026-11-03T06:03:00,0.24
CUR011,2026-11-03T11:48:00,HW,0.52,Puerto Natales,2026-11-03T12:53:00,0.52
CUR011,2026-11-03T19:15:00,LW,0.26,Puerto Natales,2026-11-03T20:20:00,0.21
CUR011,2026-11-04T01:02:00,HW,0.38,Puerto Natales,2026-11-04T02:07:00,0.38
CUR011,2026-11-04T06:16:00,LW,0.3,Puerto Natales,2026-11-04T07:21:00,0.25
CUR011,2026-11-04T12:40:00,HW,0.53,Puerto Natales,2026-11-04T13:45:00,0.53
CUR011,2026-11-04T19:39:00,LW,0.28,Puerto Natales,2026-11-04T20:44:00,0.23
CUR011,2026-11-05T01:43:00,HW,0.45,Puerto Natales,2026-11-05T02:48:00,0.45
CUR011,2026-11-05T07:22:00,LW,0.32,Puerto Natales,2026-11-05T08:27:00,0.27
CUR011,2026-11-05T13:28:00,HW,0.54,Puerto Natales,2026-11-05T14:33:00,0.54
CUR011,2026-11-05T20:02:00,LW,0.31,Puerto Natales,2026-11-05T21:07:00,0.26
CUR011,2026-11-06T02:22:00,HW,0.53,Puerto Natales,2026-11-06T03:27:00,0.53
CUR011,2026-11-06T08:18:00,LW,0.36,Puerto Natales,2026-11-06T09:23:00,0.31
CUR011,2026-11-06T14:12:00,HW,0.55,Puerto Natales,2026-11-06T15:17:00,0.55
CUR011,2026-11-06T20:26:00,LW,0.33,Puerto Natales,2026-11-06T21:31:00,0.28
CUR011,2026-11-07T03:01:00,HW,0.6,Puerto Natales,2026-11-07T04:06:00,0.6
CUR011,2026-11-07T09:08:00,LW,0.4,Puerto Natales,2026-11-07T10:13:00,0.35
CUR011,2026-11-07T14:54:00,HW,0.55,Puerto Natales,2026-11-07T15:59:00,0.55
CUR011,2026-11-07T20:52:00,LW,0.36,Puerto Natales,2026-11-07T21:57:00,0.31
CUR011,2026-11-08T03:40:00,HW,0.65,Puerto Natales,2026-11-08T04:45:00,0.65
CUR011,2026-11-08T09:57:00,LW,0.43,Puerto Natales,2026-11-08T11:02:00,0.38
CUR011,2026-11-08T15:32:00,HW,0.54,Puerto Natales,2026-11-08T16:37:00,0.54
CUR011,2026-11-08T21:19:00,LW,0.38,Puerto Natales,2026-11-08T22:24:00,0.33
CUR011,2026-11-09T04:20:00,HW,0.68,Puerto Natales,2026-11-09T05:25:00,0.68
CUR011,2026-11-09T10:51:00,LW,0.45,Puerto Natales,2026-11-09T11:56:00,0.4
CUR011,2026-11-09T16:07:00,HW,0.52,Puerto Natales,2026-11-09T17:12:00,0.52
CUR011,2026-11-09T21:47:00,LW,0.38,Puerto Natales,2026-11-09T22:52:00,0.33
CUR011,2026-11-10T05:02:00,HW,0.68,Puerto Natales,2026-11-10T06:07:00,0.68
CUR011,2026-11-10T11:56:00,LW,0.45,Puerto Natales,2026-11-10T13:01:00,0.4
CUR011,2026-11-10T16:34:00,HW,0.47,Puerto Natales,2026-11-10T17:39:00,0.47
CUR011,2026-11-10T22:15:00,LW,0.37,Puerto Natales,2026-11-10T23:20:00,0.32
CUR011,2026-11-11T05:46:00,HW,0.66,Puerto Natales,2026-11-11T06:51:00,0.66
CUR011,2026-11-11T13:09:00,LW,0.43,Puerto Natales,2026-11-11T14:14:00,0.38
CUR011,2026-11-11T16:43:00,HW,0.42,Puerto Natales,2026-11-11T17:48:00,0.42
CUR011,2026-11-11T22:41:00,LW,0.34,Puerto Natales,2026-11-11T23:46:00,0.29
CUR011,2026-11-12T06:29:00,HW,0.63,Puerto Natales,2026-11-12T07:34:00,0.63
CUR011,2026-11-12T14:24:00,LW,0.4,Puerto Natales,2026-11-12T15:29:00,0.35
CUR011,2026-11-12T16:06:00,HW,0.36,Puerto Natales,2026-11-12T17:11:00,0.36
CUR011,2026-11-12T23:07:00,LW,0.3,Puerto Natales,2026-11-13T00:12:00,0.25
CUR011,2026-11-13T07:11:00,HW,0.58,Puerto Natales,2026-11-13T08:16:00,0.58
CUR011,2026-11-13T23:33:00,LW,0.27,Puerto Natales,2026-11-14T00:38:00,0.22
CUR011,2026-11-14T07:53:00,HW,0.53,Puerto Natales,2026-11-14T08:58:00,0.53
CUR011,2026-11-15T00:00:00,LW,0.26,Puerto Natales,2026-11-15T01:05:00,0.21
CUR011,2026-11-15T08:37:00,HW,0.48,Puerto Natales,2026-11-15T09:42:00,0.48
CUR011,2026-11-15T19:15:00,LW,0.26,Puerto Natales,2026-11-15T20:20:00,0.21
CUR011,2026-11-15T23:01:00,HW,0.23,Puerto Natales,2026-11-16T00:06:00,0.23
CUR011,2026-11-16T00:42:00,LW,0.26,Puerto Natales,2026-11-16T01:47:00,0.21
CUR011,2026-11-16T09:26:00,HW,0.45,Puerto Natales,2026-11-16T10:31:00,0.45
CUR011,2026-11-16T18:26:00,LW,0.25,Puerto Natales,2026-11-16T19:31:00,0.2
CUR011,2026-11-17T00:21:00,HW,0.25,Puerto Natales,2026-11-17T01:26:00,0.25
CUR011,2026-11-17T02:33:00,LW,0.29,Puerto Natales,2026-11-17T03:38:00,0.24
CUR011,2026-11-17T10:20:00,HW,0.43,Puerto Natales,2026-11-17T11:25:00,0.43
CUR011,2026-11-17T18:31:00,LW,0.25,Puerto Natales,2026-11-17T19:36:00,0.2
CUR011,2026-11-18T00:44:00,HW,0.3,Puerto Natales,2026-11-18T01:49:00,0.3
CUR011,2026-11-18T04:16:00,LW,0.31,Puerto Natales,2026-11-18T05:21:00,0.26
CUR011,2026-11-18T11:16:00,HW,0.44,Puerto Natales,2026-11-18T12:21:00,0.44
CUR011,2026-11-18T18:49:00,LW,0.28,Puerto Natales,2026-11-18T19:54:00,0.23
CUR011,2026-11-19T01:01:00,HW,0.35,Puerto Natales,2026-11-19T02:06:00,0.35
CUR011,2026-11-19T05:57:00,LW,0.32,Puerto Natales,2026-11-19T07:02:00,0.27
CUR011,2026-11-19T12:14:00,HW,0.47,Puerto Natales,2026-11-19T13:19:00,0.47
CUR011,2026-11-19T19:08:00,LW,0.32,Puerto Natales,2026-11-19T20:13:00,0.27
CUR011,2026-11-20T01:21:00,HW,0.43,Puerto Natales,2026-11-20T02:26:00,0.43
CUR011,2026-11-20T07:12:00,LW,0.33,Puerto Natales,2026-11-20T08:17:00,0.28
CUR011,2026-11-20T13:11:00,HW,0.5,Puerto Natales,2026-11-20T14:16:00,0.5
CUR011,2026-11-20T19:26:00,LW,0.37,Puerto Natales,2026-11-20T20:31:00,0.32
CUR011,2026-11-21T01:48:00,HW,0.52,Puerto Natales,2026-11-21T02:53:00,0.52
CUR011,2026-11-21T08:08:00,LW,0.35,Puerto Natales,2026-11-21T09:13:00,0.3
CUR011,2026-11-21T13:59:00,HW,0.53,Puerto Natales,2026-11-21T15:04:00,0.53
CUR011,2026-11-21T19:45:00,LW,0.4,Puerto Natales,2026-11-21T20:50:00,0.35
CUR011,2026-11-22T02:23:00,HW,0.61,Puerto Natales,2026-11-22T03:28:00,0.61
CUR011,2026-11-22T09:00:00,LW,0.39,Puerto Natales,2026-11-22T10:05:00,0.34
CUR011,2026-11-22T14:37:00,HW,0.53,Puerto Natales,2026-11-22T15:42:00,0.53
CUR011,2026-11-22T20:06:00,LW,0.41,Puerto Natales,2026-11-22T21:11:00,0.36
CUR011,2026-11-23T03:04:00,HW,0.7,Puerto Natales,2026-11-23T04:09:00,0.7
CUR011,2026-11-23T09:54:00,LW,0.43,Puerto Natales,2026-11-23T10:59:00,0.38
CUR011,2026-11-23T15:09:00,HW,0.53,Puerto Natales,2026-11-23T16:14:00,0.53
CUR011,2026-11-23T20:33:00,LW,0.39,Puerto Natales,2026-11-23T21:38:00,0.34
CUR011,2026-11-24T03:48:00,HW,0.76,Puerto Natales,2026-11-24T04:53:00,0.76
CUR011,2026-11-24T10:54:00,LW,0.46,Puerto Natales,2026-11-24T11:59:00,0.41
CUR011,2026-11-24T15:40:00,HW,0.51,Puerto Natales,2026-11-24T16:45:00,0.51
CUR011,2026-11-24T21:06:00,LW,0.37,Puerto Natales,2026-11-24T22:11:00,0.32
CUR011,2026-11-25T04:34:00,HW,0.78,Puerto Natales,2026-11-25T05:39:00,0.78
CUR011,2026-11-25T12:00:00,LW,0.46,Puerto Natales,2026-11-25T13:05:00,0.41
CUR011,2026-11-25T16:14:00,HW,0.48,Puerto Natales,2026-11-25T17:19:00,0.48
CUR011,2026-11-25T21:45:00,LW,0.36,Puerto Natales,2026-11-25T22:50:00,0.31
CUR011,2026-11-26T05:20:00,HW,0.76,Puerto Natales,2026-11-26T06:25:00,0.76
CUR011,2026-11-26T12:59:00,LW,0.44,Puerto Natales,2026-11-26T14:04:00,0.39
CUR011,2026-11-26T16:57:00,HW,0.44,Puerto Natales,2026-11-26T18:02:00,0.44
CUR011,2026-11-26T22:29:00,LW,0.35,Puerto Natales,2026-11-26T23:34:00,0.3
CUR011,2026-11-27T06:07:00,HW,0.71,Puerto Natales,2026-11-27T07:12:00,0.71
CUR011,2026-11-27T13:50:00,LW,0.4,Puerto Natales,2026-11-27T14:55:00,0.35
CUR011,2026-11-27T18:05:00,HW,0.39,Puerto Natales,2026-11-27T19:10:00,0.39
CUR011,2026-11-27T23:17:00,LW,0.34,Puerto Natales,2026-11-28T00:22:00,0.29
CUR011,2026-11-28T06:59:00,HW,0.64,Puerto Natales,2026-11-28T08:04:00,0.64
CUR011,2026-11-28T14:45:00,LW,0.36,Puerto Natales,2026-11-28T15:50:00,0.31
CUR011,2026-11-28T19:45:00,HW,0.36,Puerto Natales,2026-11-28T20:50:00,0.36
CUR011,2026-11-29T00:14:00,LW,0.33,Puerto Natales,2026-11-29T01:19:00,0.28
CUR011,2026-11-29T08:02:00,HW,0.57,Puerto Natales,2026-11-29T09:07:00,0.57
CUR011,2026-11-29T16:06:00,LW,0.32,Puerto Natales,2026-11-29T17:11:00,0.27
CUR011,2026-11-29T21:10:00,HW,0.33,Puerto Natales,2026-11-29T22:15:00,0.33
CUR011,2026-11-30T01:43:00,LW,0.32,Puerto Natales,2026-11-30T02:48:00,0.27
CUR011,2026-11-30T09:15:00,HW,0.51,Puerto Natales,2026-11-30T10:20:00,0.51
CUR011,2026-11-30T17:30:00,LW,0.28,Puerto Natales,2026-11-30T18:35:00,0.23
CUR011,2026-11-30T22:30:00,HW,0.33,Puerto Natales,2026-11-30T23:35:00,0.33
CUR011,2026-12-01T03:35:00,LW,0.3,Puerto Natales,2026-12-01T04:40:00,0.25
CUR011,2026-12-01T10:23:00,HW,0.48,Puerto Natales,2026-12-01T11:28:00,0.48
CUR011,2026-12-01T18:08:00,LW,0.26,Puerto Natales,2026-12-01T19:13:00,0.21
CUR011,2026-12-01T23:44:00,HW,0.35,Puerto Natales,2026-12-02T00:49:00,0.35
CUR011,2026-12-02T05:03:00,LW,0.29,Puerto Natales,2026-12-02T06:08:00,0.24
CUR011,2026-12-02T11:22:00,HW,0.46,Puerto Natales,2026-12-02T12:27:00,0.46
CUR011,2026-12-02T18:33:00,LW,0.26,Puerto Natales,2026-12-02T19:38:00,0.21
CUR011,2026-12-03T00:38:00,HW,0.4,Puerto Natales,2026-12-03T01:43:00,0.4
CUR011,2026-12-03T06:23:00,LW,0.29,Puerto Natales,2026-12-03T07:28:00,0.24
CUR011,2026-12-03T12:15:00,HW,0.45,Puerto Natales,2026-12-03T13:20:00,0.45
CUR011,2026-12-03T18:55:00,LW,0.27,Puerto Natales,2026-12-03T20:00:00,0.22
CUR011,2026-12-04T01:21:00,HW,0.47,Puerto Natales,2026-12-04T02:26:00,0.47
CUR011,2026-12-04T07:30:00,LW,0.3,Puerto Natales,2026-12-04T08:35:00,0.25
CUR011,2026-12-04T13:07:00,HW,0.44,Puerto Natales,2026-12-04T14:12:00,0.44
CUR011,2026-12-04T19:17:00,LW,0.29,Puerto Natales,2026-12-04T20:22:00,0.24
CUR011,2026-12-05T02:00:00,HW,0.55,Puerto Natales,2026-12-05T03:05:00,0.55
CUR011,2026-12-05T08:23:00,LW,0.33,Puerto Natales,2026-12-05T09:28:00,0.28
CUR011,2026-12-05T13:57:00,HW,0.45,Puerto Natales,2026-12-05T15:02:00,0.45
CUR011,2026-12-05T19:42:00,LW,0.31,Puerto Natales,2026-12-05T20:47:00,0.26
CUR011,2026-12-06T02:38:00,HW,0.61,Puerto Natales,2026-12-06T03:43:00,0.61
CUR011,2026-12-06T09:09:00,LW,0.37,Puerto Natales,2026-12-06T10:14:00,0.32
CUR011,2026-12-06T14:40:00,HW,0.47,Puerto Natales,2026-12-06T15:45:00,0.47
CUR011,2026-12-06T20:10:00,LW,0.34,Puerto Natales,2026-12-06T21:15:00,0.29
CUR011,2026-12-07T03:16:00,HW,0.66,Puerto Natales,2026-12-07T04:21:00,0.66
CUR011,2026-12-07T09:54:00,LW,0.4,Puerto Natales,2026-12-07T10:59:00,0.35
CUR011,2026-12-07T15:17:00,HW,0.48,Puerto Natales,2026-12-07T16:22:00,0.48
CUR011,2026-12-07T20:41:00,LW,0.36,Puerto Natales,2026-12-07T21:46:00,0.31
CUR011,2026-12-08T03:55:00,HW,0.69,Puerto Natales,2026-12-08T05:00:00,0.69
CUR011,2026-12-08T10:44:00,LW,0.43,Puerto Natales,2026-12-08T11:49:00,0.38
CUR011,2026-12-08T15:48:00,HW,0.48,Puerto Natales,2026-12-08T16:53:00,0.48
CUR011,2026-12-08T21:11:00,LW,0.37,Puerto Natales,2026-12-08T22:16:00,0.32
CUR011,2026-12-09T04:34:00,HW,0.7,Puerto Natales,2026-12-09T05:39:00,0.7
CUR011,2026-12-09T11:41:00,LW,0.44,Puerto Natales,2026-12-09T12:46:00,0.39
CUR011,2026-12-09T16:11:00,HW,0.46,Puerto Natales,2026-12-09T17:16:00,0.46
CUR011,2026-12-09T21:38:00,LW,0.36,Puerto Natales,2026-12-09T22:43:00,0.31
CUR011,2026-12-10T05:11:00,HW,0.69,Puerto Natales,2026-12-10T06:16:00,0.69
CUR011,2026-12-10T12:42:00,LW,0.43,Puerto Natales,2026-12-10T13:47:00,0.38
CUR011,2026-12-10T16:19:00,HW,0.42,Puerto Natales,2026-12-10T17:24:00,0.42
CUR011,2026-12-10T22:05:00,LW,0.35,Puerto Natales,2026-12-10T23:10:00,0.3
CUR011,2026-12-11T05:44:00,HW,0.67,Puerto Natales,2026-12-11T06:49:00,0.67
CUR011,2026-12-11T13:36:00,LW,0.41,Puerto Natales,2026-12-11T14:41:00,0.36
CUR011,2026-12-11T16:07:00,HW,0.37,Puerto Natales,2026-12-11T17:12:00,0.37
CUR011,2026-12-11T22:31:00,LW,0.33,Puerto Natales,2026-12-11T23:36:00,0.28
CUR011,2026-12-12T06:15:00,HW,0.62,Puerto Natales,2026-12-12T07:20:00,0.62
CUR011,2026-12-12T14:21:00,LW,0.37,Puerto Natales,2026-12-12T15:26:00,0.32
CUR011,2026-12-12T16:14:00,HW,0.33,Puerto Natales,2026-12-12T17:19:00,0.33
CUR011,2026-12-12T23:01:00,LW,0.31,Puerto Natales,2026-12-13T00:06:00,0.26
CUR011,2026-12-13T06:46:00,HW,0.55,Puerto Natales,2026-12-13T07:51:00,0.55
CUR011,2026-12-13T15:01:00,LW,0.33,Puerto Natales,2026-12-13T16:06:00,0.28
CUR011,2026-12-13T16:45:00,HW,0.29,Puerto Natales,2026-12-13T17:50:00,0.29
CUR011,2026-12-13T23:38:00,LW,0.31,Puerto Natales,2026-12-14T00:43:00,0.26
CUR011,2026-12-14T07:27:00,HW,0.48,Puerto Natales,2026-12-14T08:32:00,0.48
CUR011,2026-12-14T15:42:00,LW,0.31,Puerto Natales,2026-12-14T16:47:00,0.26
CUR011,2026-12-14T21:10:00,HW,0.28,Puerto Natales,2026-12-14T22:15:00,0.28
CUR011,2026-12-15T00:44:00,LW,0.31,Puerto Natales,2026-12-15T01:49:00,0.26
CUR011,2026-12-15T08:28:00,HW,0.43,Puerto Natales,2026-12-15T09:33:00,0.43
CUR011,2026-12-15T16:36:00,LW,0.3,Puerto Natales,2026-12-15T17:41:00,0.25
CUR011,2026-12-15T22:25:00,HW,0.29,Puerto Natales,2026-12-15T23:30:00,0.29
CUR011,2026-12-16T02:44:00,LW,0.3,Puerto Natales,2026-12-16T03:49:00,0.25
CUR011,2026-12-16T09:45:00,HW,0.4,Puerto Natales,2026-12-16T10:50:00,0.4
CUR011,2026-12-16T17:18:00,LW,0.29,Puerto Natales,2026-12-16T18:23:00,0.24
CUR011,2026-12-16T23:24:00,HW,0.32,Puerto Natales,2026-12-17T00:29:00,0.32
CUR011,2026-12-17T04:36:00,LW,0.29,Puerto Natales,2026-12-17T05:41:00,0.24
CUR011,2026-12-17T10:53:00,HW,0.4,Puerto Natales,2026-12-17T11:58:00,0.4
CUR011,2026-12-17T17:47:00,LW,0.31,Puerto Natales,2026-12-17T18:52:00,0.26
CUR011,2026-12-18T00:07:00,HW,0.38,Puerto Natales,2026-12-18T01:12:00,0.38
CUR011,2026-12-18T06:11:00,LW,0.29,Puerto Natales,2026-12-18T07:16:00,0.24
CUR011,2026-12-18T11:53:00,HW,0.41,Puerto Natales,2026-12-18T12:58:00,0.41
CUR011,2026-12-18T18:09:00,LW,0.33,Puerto Natales,2026-12-18T19:14:00,0.28
CUR011,2026-12-19T00:46:00,HW,0.46,Puerto Natales,2026-12-19T01:51:00,0.46
CUR011,2026-12-19T07:20:00,LW,0.31,Puerto Natales,2026-12-19T08:25:00,0.26
CUR011,2026-12-19T12:47:00,HW,0.43,Puerto Natales,2026-12-19T13:52:00,0.43
CUR011,2026-12-19T18:29:00,LW,0.34,Puerto Natales,2026-12-19T19:34:00,0.29
CUR011,2026-12-20T01:25:00,HW,0.57,Puerto Natales,2026-12-20T02:30:00,0.57
CUR011,2026-12-20T08:16:00,LW,0.34,Puerto Natales,2026-12-20T09:21:00,0.29
CUR011,2026-12-20T13:34:00,HW,0.45,Puerto Natales,2026-12-20T14:39:00,0.45
CUR011,2026-12-20T18:52:00,LW,0.36,Puerto Natales,2026-12-20T19:57:00,0.31
CUR011,2026-12-21T02:05:00,HW,0.67,Puerto Natales,2026-12-21T03:10:00,0.67
CUR011,2026-12-21T09:08:00,LW,0.38,Puerto Natales,2026-12-21T10:13:00,0.33
CUR011,2026-12-21T14:16:00,HW,0.46,Puerto Natales,2026-12-21T15:21:00,0.46
CUR011,2026-12-21T19:20:00,LW,0.36,Puerto Natales,2026-12-21T20:25:00,0.31
CUR011,2026-12-22T02:46:00,HW,0.75,Puerto Natales,2026-12-22T03:51:00,0.75
CUR011,2026-12-22T10:00:00,LW,0.41,Puerto Natales,2026-12-22T11:05:00,0.36
CUR011,2026-12-22T14:54:00,HW,0.47,Puerto Natales,2026-12-22T15:59:00,0.47
CUR011,2026-12-22T19:55:00,LW,0.37,Puerto Natales,2026-12-22T21:00:00,0.32
CUR011,2026-12-23T03:28:00,HW,0.8,Puerto Natales,2026-12-23T04:33:00,0.8
CUR011,2026-12-23T10:49:00,LW,0.44,Puerto Natales,2026-12-23T11:54:00,0.39
CUR011,2026-12-23T15:33:00,HW,0.49,Puerto Natales,2026-12-23T16:38:00,0.49
CUR011,2026-12-23T20:40:00,LW,0.38,Puerto Natales,2026-12-23T21:45:00,0.33
CUR011,2026-12-24T04:11:00,HW,0.8,Puerto Natales,2026-12-24T05:16:00,0.8
CUR011,2026-12-24T11:34:00,LW,0.45,Puerto Natales,2026-12-24T12:39:00,0.4
CUR011,2026-12-24T16:15:00,HW,0.49,Puerto Natales,2026-12-24T17:20:00,0.49
CUR011,2026-12-24T21:32:00,LW,0.39,Puerto Natales,2026-12-24T22:37:00,0.34
CUR011,2026-12-25T04:56:00,HW,0.76,Puerto Natales,2026-12-25T06:01:00,0.76
CUR011,2026-12-25T12:16:00,LW,0.44,Puerto Natales,2026-12-25T13:21:00,0.39
CUR011,2026-12-25T17:04:00,HW,0.48,Puerto Natales,2026-12-25T18:09:00,0.48
CUR011,2026-12-25T22:23:00,LW,0.39,Puerto Natales,2026-12-25T23:28:00,0.34
CUR011,2026-12-26T05:43:00,HW,0.7,Puerto Natales,2026-12-26T06:48:00,0.7
CUR011,2026-12-26T13:00:00,LW,0.41,Puerto Natales,2026-12-26T14:05:00,0.36
CUR011,2026-12-26T18:09:00,HW,0.45,Puerto Natales,2026-12-26T19:14:00,0.45
CUR011,2026-12-26T23:16:00,LW,0.38,Puerto Natales,2026-12-27T00:21:00,0.33
CUR011,2026-12-27T06:35:00,HW,0.63,Puerto Natales,2026-12-27T07:40:00,0.63
CUR011,2026-12-27T13:51:00,LW,0.38,Puerto Natales,2026-12-27T14:56:00,0.33
CUR011,2026-12-27T19:30:00,HW,0.41,Puerto Natales,2026-12-27T20:35:00,0.41
CUR011,2026-12-28T00:17:00,LW,0.36,Puerto Natales,2026-12-28T01:22:00,0.31
CUR011,2026-12-28T07:35:00,HW,0.56,Puerto Natales,2026-12-28T08:40:00,0.56
CUR011,2026-12-28T14:54:00,LW,0.34,Puerto Natales,2026-12-28T15:59:00,0.29
CUR011,2026-12-28T20:45:00,HW,0.38,Puerto Natales,2026-12-28T21:50:00,0.38
CUR011,2026-12-29T01:55:00,LW,0.34,Puerto Natales,2026-12-29T03:00:00,0.29
CUR011,2026-12-29T08:43:00,HW,0.49,Puerto Natales,2026-12-29T09:48:00,0.49
CUR011,2026-12-29T16:11:00,LW,0.3,Puerto Natales,2026-12-29T17:16:00,0.25
CUR011,2026-12-29T22:01:00,HW,0.37,Puerto Natales,2026-12-29T23:06:00,0.37
CUR011,2026-12-30T03:40:00,LW,0.31,Puerto Natales,2026-12-30T04:45:00,0.26
CUR011,2026-12-30T09:51:00,HW,0.43,Puerto Natales,2026-12-30T10:56:00,0.43
CUR011,2026-12-30T17:03:00,LW,0.27,Puerto Natales,2026-12-30T18:08:00,0.22
CUR011,2026-12-30T23:13:00,HW,0.39,Puerto Natales,2026-12-31T00:18:00,0.39
CUR011,2026-12-31T05:12:00,LW,0.29,Puerto Natales,2026-12-31T06:17:00,0.24
CUR011,2026-12-31T10:53:00,HW,0.39,Puerto Natales,2026-12-31T11:58:00,0.39
CUR011,2026-12-31T17:35:00,LW,0.26,Puerto Natales,2026-12-31T18:40:00,0.21
CUR016,2026-01-01T03:48:00,LW,1.58,Puerto Montt,2026-01-01T05:53:00,1.46
CUR016,2026-01-01T09:54:00,HW,4.91,Puerto Montt,2026-01-01T11:59:00,5.64
CUR016,2026-01-01T15:54:00,LW,1.8,Puerto Montt,2026-01-01T17:59:00,1.68
CUR016,2026-01-01T22:10:00,HW,5.93,Puerto Montt,2026-01-02T00:15:00,6.66
CUR016,2026-01-02T04:45:00,LW,1.19,Puerto Montt,2026-01-02T06:50:00,1.07
CUR016,2026-01-02T10:51:00,HW,5.19,Puerto Montt,2026-01-02T12:56:00,5.92
CUR016,2026-01-02T16:49:00,LW,1.56,Puerto Montt,2026-01-02T18:54:00,1.44
CUR016,2026-01-02T23:03:00,HW,6.24,Puerto Montt,2026-01-03T01:08:00,6.97
CUR016,2026-01-03T05:36:00,LW,0.89,Puerto Montt,2026-01-03T07:41:00,0.77
CUR016,2026-01-03T11:42:00,HW,5.41,Puerto Montt,2026-01-03T13:47:00,6.14
CUR016,2026-01-03T17:40:00,LW,1.36,Puerto Montt,2026-01-03T19:45:00,1.24
CUR016,2026-01-03T23:53:00,HW,6.42,Puerto Montt,2026-01-04T01:58:00,7.15
CUR016,2026-01-04T06:24:00,LW,0.73,Puerto Montt,2026-01-04T08:29:00,0.61
CUR016,2026-01-04T12:29:00,HW,5.52,Puerto Montt,2026-01-04T14:34:00,6.25
CUR016,2026-01-04T18:28:00,LW,1.26,Puerto Montt,2026-01-04T20:33:00,1.14
CUR016,2026-01-05T00:39:00,HW,6.44,Puerto Montt,2026-01-05T02:44:00,7.17
CUR016,2026-01-05T07:09:00,LW,0.72,Puerto Montt,2026-01-05T09:14:00,0.6
CUR016,2026-01-05T13:13:00,HW,5.51,Puerto Montt,2026-01-05T15:18:00,6.24
CUR016,2026-01-05T19:13:00,LW,1.27,Puerto Montt,2026-01-05T21:18:00,1.15
CUR016,2026-01-06T01:23:00,HW,6.28,Puerto Montt,2026-01-06T03:28:00,7.01
CUR016,2026-01-06T07:51:00,LW,0.87,Puerto Montt,2026-01-06T09:56:00,0.75
CUR016,2026-01-06T13:56:00,HW,5.39,Puerto Montt,2026-01-06T16:01:00,6.12
CUR016,2026-01-06T19:56:00,LW,1.42,Puerto Montt,2026-01-06T22:01:00,1.3
CUR016,2026-01-07T02:04:00,HW,5.96,Puerto Montt,2026-01-07T04:09:00,6.69
CUR016,2026-01-07T08:31:00,LW,1.15,Puerto Montt,2026-01-07T10:36:00,1.03
CUR016,2026-01-07T14:37:00,HW,5.17,Puerto Montt,2026-01-07T16:42:00,5.9
CUR016,2026-01-07T20:38:00,LW,1.69,Puerto Montt,2026-01-07T22:43:00,1.57
CUR016,2026-01-08T02:45:00,HW,5.52,Puerto Montt,2026-01-08T04:50:00,6.25
CUR016,2026-01-08T09:10:00,LW,1.53,Puerto Montt,2026-01-08T11:15:00,1.41
CUR016,2026-01-08T15:18:00,HW,4.89,Puerto Montt,2026-01-08T17:23:00,5.62
CUR016,2026-01-08T21:22:00,LW,2.05,Puerto Montt,2026-01-08T23:27:00,1.93
CUR016,2026-01-09T03:27:00,HW,5.02,Puerto Montt,2026-01-09T05:32:00,5.75
CUR016,2026-01-09T09:49:00,LW,1.95,Puerto Montt,2026-01-09T11:54:00,1.83
CUR016,2026-01-09T16:04:00,HW,4.61,Puerto Montt,2026-01-09T18:09:00,5.34
CUR016,2026-01-09T22:09:00,LW,2.44,Puerto Montt,2026-01-10T00:14:00,2.32
CUR016,2026-01-10T04:13:00,HW,4.5,Puerto Montt,2026-01-10T06:18:00,5.23
CUR016,2026-01-10T10:34:00,LW,2.37,Puerto Montt,2026-01-10T12:39:00,2.25
CUR016,2026-01-10T16:57:00,HW,4.36,Puerto Montt,2026-01-10T19:02:00,5.09
CUR016,2026-01-10T23:09:00,LW,2.8,Puerto Montt,2026-01-11T01:14:00,2.68
CUR016,2026-01-11T05:12:00,HW,4.05,Puerto Montt,2026-01-11T07:17:00,4.78
CUR016,2026-01-11T11:29:00,LW,2.74,Puerto Montt,2026-01-11T13:34:00,2.62
CUR016,2026-01-11T18:03:00,HW,4.21,Puerto Montt,2026-01-11T20:08:00,4.94
CUR016,2026-01-12T00:31:00,LW,3.0,Puerto Montt,2026-01-12T02:36:00,2.88
CUR016,2026-01-12T06:33:00,HW,3.77,Puerto Montt,2026-01-12T08:38:00,4.5
CUR016,2026-01-12T12:43:00,LW,2.96,Puerto Montt,2026-01-12T14:48:00,2.84
CUR016,2026-01-12T19:18:00,HW,4.23,Puerto Montt,2026-01-12T21:23:00,4.96
CUR016,2026-01-13T02:02:00,LW,2.94,Puerto Montt,2026-01-13T04:07:00,2.82
CUR016,2026-01-13T08:02:00,HW,3.75,Puerto Montt,2026-01-13T10:07:00,4.48
CUR016,2026-01-13T14:01:00,LW,2.98,Puerto Montt,2026-01-13T16:06:00,2.86
CUR016,2026-01-13T20:27:00,HW,4.42,Puerto Montt,2026-01-13T22:32:00,5.15
CUR016,2026-01-14T03:10:00,LW,2.69,Puerto Montt,2026-01-14T05:15:00,2.57
CUR016,2026-01-14T09:10:00,HW,3.94,Puerto Montt,2026-01-14T11:15:00,4.67
CUR016,2026-01-14T15:01:00,LW,2.83,Puerto Montt,2026-01-14T17:06:00,2.71
CUR016,2026-01-14T21:20:00,HW,4.7,Puerto Montt,2026-01-14T23:25:00,5.43
CUR016,2026-01-15T03:58:00,LW,2.39,Puerto Montt,2026-01-15T06:03:00,2.27
CUR016,2026-01-15T09:59:00,HW,4.2,Puerto Montt,2026-01-15T12:04:00,4.93
CUR016,2026-01-15T15:47:00,LW,2.61,Puerto Montt,2026-01-15T17:52:00,2.49
CUR016,2026-01-15T22:02:00,HW,5.0,Puerto Montt,2026-01-16T00:07:00,5.73
CUR016,2026-01-16T04:36:00,LW,2.1,Puerto Montt,2026-01-16T06:41:00,1.98
CUR016,2026-01-16T10:37:00,HW,4.46,Puerto Montt,2026-01-16T12:42:00,5.19
CUR016,2026-01-16T16:25:00,LW,2.37,Puerto Montt,2026-01-16T18:30:00,2.25
CUR016,2026-01-16T22:38:00,HW,5.26,Puerto Montt,2026-01-17T00:43:00,5.99
CUR016,2026-01-17T05:09:00,LW,1.85,Puerto Montt,2026-01-17T07:14:00,1.73
CUR016,2026-01-17T11:10:00,HW,4.67,Puerto Montt,2026-01-17T13:15:00,5.4
CUR016,2026-01-17T17:00:00,LW,2.14,Puerto Montt,2026-01-17T19:05:00,2.02
CUR016,2026-01-17T23:12:00,HW,5.47,Puerto Montt,2026-01-18T01:17:00,6.2
CUR016,2026-01-18T05:40:00,LW,1.64,Puerto Montt,2026-01-18T07:45:00,1.52
CUR016,2026-01-18T11:42:00,HW,4.83,Puerto Montt,2026-01-18T13:47:00,5.56
CUR016,2026-01-18T17:34:00,LW,1.96,Puerto Montt,2026-01-18T19:39:00,1.84
CUR016,2026-01-18T23:44:00,HW,5.61,Puerto Montt,2026-01-19T01:49:00,6.34
CUR016,2026-01-19T06:12:00,LW,1.51,Puerto Montt,2026-01-19T08:17:00,1.39
CUR016,2026-01-19T12:13:00,HW,4.92,Puerto Montt,2026-01-19T14:18:00,5.65
CUR016,2026-01-19T18:08:00,LW,1.83,Puerto Montt,2026-01-19T20:13:00,1.71
CUR016,2026-01-20T00:17:00,HW,5.66,Puerto Montt,2026-01-20T02:22:00,6.39
CUR016,2026-01-20T06:43:00,LW,1.44,Puerto Montt,2026-01-20T08:48:00,1.32
CUR016,2026-01-20T12:45:00,HW,4.96,Puerto Montt,2026-01-20T14:50:00,5.69
CUR016,2026-01-20T18:42:00,LW,1.77,Puerto Montt,2026-01-20T20:47:00,1.65
CUR016,2026-01-21T00:50:00,HW,5.62,Puerto Montt,2026-01-21T02:55:00,6.35
CUR016,2026-01-21T07:15:00,LW,1.46,Puerto Montt,2026-01-21T09:20:00,1.34
CUR016,2026-01-21T13:17:00,HW,4.95,Puerto Montt,2026-01-21T15:22:00,5.68
CUR016,2026-01-21T19:18:00,LW,1.79,Puerto Montt,2026-01-21T21:23:00,1.67
CUR016,2026-01-22T01:24:00,HW,5.49,Puerto Montt,2026-01-22T03:29:00,6.22
CUR016,2026-01-22T07:48:00,LW,1.54,Puerto Montt,2026-01-22T09:53:00,1.42
CUR016,2026-01-22T13:52:00,HW,4.92,Puerto Montt,2026-01-22T15:57:00,5.65
CUR016,2026-01-22T19:55:00,LW,1.87,Puerto Montt,2026-01-22T22:00:00,1.75
CUR016,2026-01-23T02:00:00,HW,5.29,Puerto Montt,2026-01-23T04:05:00,6.02
CUR016,2026-01-23T08:23:00,LW,1.68,Puerto Montt,2026-01-23T10:28:00,1.56
CUR016,2026-01-23T14:30:00,HW,4.86,Puerto Montt,2026-01-23T16:35:00,5.59
CUR016,2026-01-23T20:36:00,LW,2.03,Puerto Montt,2026-01-23T22:41:00,1.91
CUR016,2026-01-24T02:40:00,HW,5.02,Puerto Montt,2026-01-24T04:45:00,5.75
CUR016,2026-01-24T09:01:00,LW,1.88,Puerto Montt,2026-01-24T11:06:00,1.76
CUR016,2026-01-24T15:13:00,HW,4.79,Puerto Montt,2026-01-24T17:18:00,5.52
CUR016,2026-01-24T21:23:00,LW,2.23,Puerto Montt,2026-01-24T23:28:00,2.11
CUR016,2026-01-25T03:26:00,HW,4.7,Puerto Montt,2026-01-25T05:31:00,5.43
CUR016,2026-01-25T09:45:00,LW,2.14,Puerto Montt,2026-01-25T11:50:00,2.02
CUR016,2026-01-25T16:05:00,HW,4.7,Puerto Montt,2026-01-25T18:10:00,5.43
CUR016,2026-01-25T22:20:00,LW,2.46,Puerto Montt,2026-01-26T00:25:00,2.34
CUR016,2026-01-26T04:25:00,HW,4.36,Puerto Montt,2026-01-26T06:30:00,5.09
CUR016,2026-01-26T10:40:00,LW,2.42,Puerto Montt,2026-01-26T12:45:00,2.3
CUR016,2026-01-26T17:10:00,HW,4.64,Puerto Montt,2026-01-26T19:15:00,5.37
CUR016,2026-01-26T23:37:00,LW,2.63,Puerto Montt,2026-01-27T01:42:00,2.51
CUR016,2026-01-27T05:44:00,HW,4.09,Puerto Montt,2026-01-27T07:49:00,4.82
CUR016,2026-01-27T11:56:00,LW,2.65,Puerto Montt,2026-01-27T14:01:00,2.53
CUR016,2026-01-27T18:30:00,HW,4.67,Puerto Montt,2026-01-27T20:35:00,5.4
CUR016,2026-01-28T01:14:00,LW,2.58,Puerto Montt,2026-01-28T03:19:00,2.46
CUR016,2026-01-28T07:23:00,HW,4.06,Puerto Montt,2026-01-28T09:28:00,4.79
CUR016,2026-01-28T13:28:00,LW,2.67,Puerto Montt,2026-01-28T15:33:00,2.55
CUR016,2026-01-28T19:56:00,HW,4.91,Puerto Montt,2026-01-28T22:01:00,5.64
CUR016,2026-01-29T02:42:00,LW,2.23,Puerto Montt,2026-01-29T04:47:00,2.11
CUR016,2026-01-29T08:52:00,HW,4.33,Puerto Montt,2026-01-29T10:57:00,5.06
CUR016,2026-01-29T14:50:00,LW,2.4,Puerto Montt,2026-01-29T16:55:00,2.28
CUR016,2026-01-29T21:09:00,HW,5.33,Puerto Montt,2026-01-29T23:14:00,6.06
CUR016,2026-01-30T03:50:00,LW,1.72,Puerto Montt,2026-01-30T05:55:00,1.6
CUR016,2026-01-30T09:58:00,HW,4.77,Puerto Montt,2026-01-30T12:03:00,5.5
CUR016,2026-01-30T15:54:00,LW,1.98,Puerto Montt,2026-01-30T17:59:00,1.86
CUR016,2026-01-30T22:09:00,HW,5.81,Puerto Montt,2026-01-31T00:14:00,6.54
CUR016,2026-01-31T04:43:00,LW,1.21,Puerto Montt,2026-01-31T06:48:00,1.09
CUR016,2026-01-31T10:50:00,HW,5.21,Puerto Montt,2026-01-31T12:55:00,5.94
CUR016,2026-01-31T16:47:00,LW,1.53,Puerto Montt,2026-01-31T18:52:00,1.41
CUR016,2026-01-31T22:59:00,HW,6.22,Puerto Montt,2026-02-01T01:04:00,6.95
CUR016,2026-02-01T05:29:00,LW,0.82,Puerto Montt,2026-02-01T07:34:00,0.7
CUR016,2026-02-01T11:34:00,HW,5.55,Puerto Montt,2026-02-01T13:39:00,6.28
CUR016,2026-02-01T17:33:00,LW,1.18,Puerto Montt,2026-02-01T19:38:00,1.06
CUR016,2026-02-01T23:43:00,HW,6.47,Puerto Montt,2026-02-02T01:48:00,7.2
CUR016,2026-02-02T06:10:00,LW,0.6,Puerto Montt,2026-02-02T08:15:00,0.48
CUR016,2026-02-02T12:14:00,HW,5.73,Puerto Montt,2026-02-02T14:19:00,6.46
CUR016,2026-02-02T18:15:00,LW,0.98,Puerto Montt,2026-02-02T20:20:00,0.86
CUR016,2026-02-03T00:23:00,HW,6.51,Puerto Montt,2026-02-03T02:28:00,7.24
CUR016,2026-02-03T06:47:00,LW,0.59,Puerto Montt,2026-02-03T08:52:00,0.47
CUR016,2026-02-03T12:50:00,HW,5.76,Puerto Montt,2026-02-03T14:55:00,6.49
CUR016,2026-02-03T18:53:00,LW,0.98,Puerto Montt,2026-02-03T20:58:00,0.86
CUR016,2026-02-04T01:00:00,HW,6.33,Puerto Montt,2026-02-04T03:05:00,7.06
CUR016,2026-02-04T07:22:00,LW,0.77,Puerto Montt,2026-02-04T09:27:00,0.65
CUR016,2026-02-04T13:25:00,HW,5.63,Puerto Montt,2026-02-04T15:30:00,6.36
CUR016,2026-02-04T19:29:00,LW,1.16,Puerto Montt,2026-02-04T21:34:00,1.04
CUR016,2026-02-05T01:34:00,HW,5.97,Puerto Montt,2026-02-05T03:39:00,6.7
CUR016,2026-02-05T07:53:00,LW,1.1,Puerto Montt,2026-02-05T09:58:00,0.98
CUR016,2026-02-05T13:57:00,HW,5.39,Puerto Montt,2026-02-05T16:02:00,6.12
CUR016,2026-02-05T20:03:00,LW,1.5,Puerto Montt,2026-02-05T22:08:00,1.38
CUR016,2026-02-06T02:06:00,HW,5.48,Puerto Montt,2026-02-06T04:11:00,6.21
CUR016,2026-02-06T08:22:00,LW,1.53,Puerto Montt,2026-02-06T10:27:00,1.41
CUR016,2026-02-06T14:29:00,HW,5.07,Puerto Montt,2026-02-06T16:34:00,5.8
CUR016,2026-02-06T20:36:00,LW,1.94,Puerto Montt,2026-02-06T22:41:00,1.82
CUR016,2026-02-07T02:37:00,HW,4.93,Puerto Montt,2026-02-07T04:42:00,5.66
CUR016,2026-02-07T08:50:00,LW,2.02,Puerto Montt,2026-02-07T10:55:00,1.9
CUR016,2026-02-07T15:01:00,HW,4.71,Puerto Montt,2026-02-07T17:06:00,5.44
CUR016,2026-02-07T21:11:00,LW,2.43,Puerto Montt,2026-02-07T23:16:00,2.31
CUR016,2026-02-08T03:11:00,HW,4.37,Puerto Montt,2026-02-08T05:16:00,5.1
CUR016,2026-02-08T09:19:00,LW,2.52,Puerto Montt,2026-02-08T11:24:00,2.4
CUR016,2026-02-08T15:39:00,HW,4.35,Puerto Montt,2026-02-08T17:44:00,5.08
CUR016,2026-02-08T21:54:00,LW,2.91,Puerto Montt,2026-02-08T23:59:00,2.79
CUR016,2026-02-09T03:53:00,HW,3.84,Puerto Montt,2026-02-09T05:58:00,4.57
CUR016,2026-02-09T09:56:00,LW,2.99,Puerto Montt,2026-02-09T12:01:00,2.87
CUR016,2026-02-09T16:35:00,HW,4.02,Puerto Montt,2026-02-09T18:40:00,4.75
CUR016,2026-02-09T23:12:00,LW,3.3,Puerto Montt,2026-02-10T01:17:00,3.18
CUR016,2026-02-10T05:16:00,HW,3.42,Puerto Montt,2026-02-10T07:21:00,4.15
CUR016,2026-02-10T11:10:00,LW,3.39,Puerto Montt,2026-02-10T13:15:00,3.27
CUR016,2026-02-10T18:19:00,HW,3.87,Puerto Montt,2026-02-10T20:24:00,4.6
CUR016,2026-02-11T01:42:00,LW,3.31,Puerto Montt,2026-02-11T03:47:00,3.19
CUR016,2026-02-11T07:47:00,HW,3.4,Puerto Montt,2026-02-11T09:52:00,4.13
CUR016,2026-02-11T13:33:00,LW,3.44,Puerto Montt,2026-02-11T15:38:00,3.32
CUR016,2026-02-11T20:06:00,HW,4.07,Puerto Montt,2026-02-11T22:11:00,4.8
CUR016,2026-02-12T03:04:00,LW,2.95,Puerto Montt,2026-02-12T05:09:00,2.83
CUR016,2026-02-12T09:06:00,HW,3.74,Puerto Montt,2026-02-12T11:11:00,4.47
CUR016,2026-02-12T14:51:00,LW,3.13,Puerto Montt,2026-02-12T16:56:00,3.01
CUR016,2026-02-12T21:06:00,HW,4.46,Puerto Montt,2026-02-12T23:11:00,5.19
CUR016,2026-02-13T03:46:00,LW,2.52,Puerto Montt,2026-02-13T05:51:00,2.4
CUR016,2026-02-13T09:48:00,HW,4.14,Puerto Montt,2026-02-13T11:53:00,4.87
CUR016,2026-02-13T15:36:00,LW,2.72,Puerto Montt,2026-02-13T17:41:00,2.6
CUR016,2026-02-13T21:47:00,HW,4.88,Puerto Montt,2026-02-13T23:52:00,5.61
CUR016,2026-02-14T04:19:00,LW,2.1,Puerto Montt,2026-02-14T06:24:00,1.98
CUR016,2026-02-14T10:21:00,HW,4.52,Puerto Montt,2026-02-14T12:26:00,5.25
CUR016,2026-02-14T16:12:00,LW,2.3,Puerto Montt,2026-02-14T18:17:00,2.18
CUR016,2026-02-14T22:22:00,HW,5.27,Puerto Montt,2026-02-15T00:27:00,6.0
CUR016,2026-02-15T04:49:00,LW,1.72,Puerto Montt,2026-02-15T06:54:00,1.6
CUR016,2026-02-15T10:51:00,HW,4.85,Puerto Montt,2026-02-15T12:56:00,5.58
CUR016,2026-02-15T16:45:00,LW,1.92,Puerto Montt,2026-02-15T18:50:00,1.8
CUR016,2026-02-15T22:54:00,HW,5.6,Puerto Montt,2026-02-16T00:59:00,6.33
CUR016,2026-02-16T05:19:00,LW,1.39,Puerto Montt,2026-02-16T07:24:00,1.27
CUR016,2026-02-16T11:21:00,HW,5.13,Puerto Montt,2026-02-16T13:26:00,5.86
CUR016,2026-02-16T17:18:00,LW,1.6,Puerto Montt,2026-02-16T19:23:00,1.48
CUR016,2026-02-16T23:26:00,HW,5.83,Puerto Montt,2026-02-17T01:31:00,6.56
CUR016,2026-02-17T05:49:00,LW,1.16,Puerto Montt,2026-02-17T07:54:00,1.04
CUR016,2026-02-17T11:51:00,HW,5.33,Puerto Montt,2026-02-17T13:56:00,6.06
CUR016,2026-02-17T17:52:00,LW,1.37,Puerto Montt,2026-02-17T19:57:00,1.25
CUR016,2026-02-17T23:58:00,HW,5.95,Puerto Montt,2026-02-18T02:03:00,6.68
CUR016,2026-02-18T06:19:00,LW,1.05,Puerto Montt,2026-02-18T08:24:00,0.93
CUR016,2026-02-18T12:22:00,HW,5.46,Puerto Montt,2026-02-18T14:27:00,6.19
CUR016,2026-02-18T18:26:00,LW,1.25,Puerto Montt,2026-02-18T20:31:00,1.13
CUR016,2026-02-19T00:31:00,HW,5.93,Puerto Montt,2026-02-19T02:36:00,6.66
CUR016,2026-02-19T06:50:00,LW,1.05,Puerto Montt,2026-02-19T08:55:00,0.93
CUR016,2026-02-19T12:54:00,HW,5.51,Puerto Montt,2026-02-19T14:59:00,6.24
CUR016,2026-02-19T19:01:00,LW,1.26,Puerto Montt,2026-02-19T21:06:00,1.14
CUR016,2026-02-20T01:05:00,HW,5.78,Puerto Montt,2026-02-20T03:10:00,6.51
CUR016,2026-02-20T07:22:00,LW,1.17,Puerto Montt,2026-02-20T09:27:00,1.05
CUR016,2026-02-20T13:27:00,HW,5.49,Puerto Montt,2026-02-20T15:32:00,6.22
CUR016,2026-02-20T19:37:00,LW,1.39,Puerto Montt,2026-02-20T21:42:00,1.27
CUR016,2026-02-21T01:40:00,HW,5.51,Puerto Montt,2026-02-21T03:45:00,6.24
CUR016,2026-02-21T07:55:00,LW,1.41,Puerto Montt,2026-02-21T10:00:00,1.29
CUR016,2026-02-21T14:03:00,HW,5.39,Puerto Montt,2026-02-21T16:08:00,6.12
CUR016,2026-02-21T20:17:00,LW,1.64,Puerto Montt,2026-02-21T22:22:00,1.52
CUR016,2026-02-22T02:19:00,HW,5.14,Puerto Montt,2026-02-22T04:24:00,5.87
CUR016,2026-02-22T08:31:00,LW,1.75,Puerto Montt,2026-02-22T10:36:00,1.63
CUR016,2026-02-22T14:43:00,HW,5.2,Puerto Montt,2026-02-22T16:48:00,5.93
CUR016,2026-02-22T21:01:00,LW,1.99,Puerto Montt,2026-02-22T23:06:00,1.87
CUR016,2026-02-23T03:03:00,HW,4.7,Puerto Montt,2026-02-23T05:08:00,5.43
CUR016,2026-02-23T09:12:00,LW,2.16,Puerto Montt,2026-02-23T11:17:00,2.04
CUR016,2026-02-23T15:32:00,HW,4.93,Puerto Montt,2026-02-23T17:37:00,5.66
CUR016,2026-02-23T21:57:00,LW,2.38,Puerto Montt,2026-02-24T00:02:00,2.26
CUR016,2026-02-24T04:01:00,HW,4.23,Puerto Montt,2026-02-24T06:06:00,4.96
CUR016,2026-02-24T10:08:00,LW,2.61,Puerto Montt,2026-02-24T12:13:00,2.49
CUR016,2026-02-24T16:40:00,HW,4.65,Puerto Montt,2026-02-24T18:45:00,5.38
CUR016,2026-02-24T23:21:00,LW,2.7,Puerto Montt,2026-02-25T01:26:00,2.58
CUR016,2026-02-25T05:33:00,HW,3.87,Puerto Montt,2026-02-25T07:38:00,4.6
CUR016,2026-02-25T11:37:00,LW,2.96,Puerto Montt,2026-02-25T13:42:00,2.84
CUR016,2026-02-25T18:17:00,HW,4.53,Puerto Montt,2026-02-25T20:22:00,5.26
CUR016,2026-02-26T01:16:00,LW,2.66,Puerto Montt,2026-02-26T03:21:00,2.54
CUR016,2026-02-26T07:34:00,HW,3.93,Puerto Montt,2026-02-26T09:39:00,4.66
CUR016,2026-02-26T13:32:00,LW,2.89,Puerto Montt,2026-02-26T15:37:00,2.77
CUR016,2026-02-26T19:56:00,HW,4.79,Puerto Montt,2026-02-26T22:01:00,5.52
CUR016,2026-02-27T02:45:00,LW,2.2,Puerto Montt,2026-02-27T04:50:00,2.08
CUR016,2026-02-27T08:58:00,HW,4.38,Puerto Montt,2026-02-27T11:03:00,5.11
CUR016,2026-02-27T14:54:00,LW,2.43,Puerto Montt,2026-02-27T16:59:00,2.31
CUR016,2026-02-27T21:09:00,HW,5.29,Puerto Montt,2026-02-27T23:14:00,6.02
CUR016,2026-02-28T03:45:00,LW,1.62,Puerto Montt,2026-02-28T05:50:00,1.5
CUR016,2026-02-28T09:53:00,HW,4.92,Puerto Montt,2026-02-28T11:58:00,5.65
CUR016,2026-02-28T15:51:00,LW,1.85,Puerto Montt,2026-02-28T17:56:00,1.73
CUR016,2026-02-28T22:02:00,HW,5.82,Puerto Montt,2026-03-01T00:07:00,6.55
CUR016,2026-03-01T04:31:00,LW,1.1,Puerto Montt,2026-03-01T06:36:00,0.98
CUR016,2026-03-01T10:36:00,HW,5.4,Puerto Montt,2026-03-01T12:41:00,6.13
CUR016,2026-03-01T16:37:00,LW,1.33,Puerto Montt,2026-03-01T18:42:00,1.21
CUR016,2026-03-01T22:46:00,HW,6.21,Puerto Montt,2026-03-02T00:51:00,6.94
CUR016,2026-03-02T05:10:00,LW,0.74,Puerto Montt,2026-03-02T07:15:00,0.62
CUR016,2026-03-02T11:14:00,HW,5.74,Puerto Montt,2026-03-02T13:19:00,6.47
CUR016,2026-03-02T17:17:00,LW,0.96,Puerto Montt,2026-03-02T19:22:00,0.84
CUR016,2026-03-02T23:24:00,HW,6.41,Puerto Montt,2026-03-03T01:29:00,7.14
CUR016,2026-03-03T05:45:00,LW,0.58,Puerto Montt,2026-03-03T07:50:00,0.46
CUR016,2026-03-03T11:48:00,HW,5.91,Puerto Montt,2026-03-03T13:53:00,6.64
CUR016,2026-03-03T17:53:00,LW,0.81,Puerto Montt,2026-03-03T19:58:00,0.69
CUR016,2026-03-03T23:59:00,HW,6.38,Puerto Montt,2026-03-04T02:04:00,7.11
CUR016,2026-03-04T06:17:00,LW,0.64,Puerto Montt,2026-03-04T08:22:00,0.52
CUR016,2026-03-04T12:20:00,HW,5.91,Puerto Montt,2026-03-04T14:25:00,6.64
CUR016,2026-03-04T18:27:00,LW,0.87,Puerto Montt,2026-03-04T20:32:00,0.75
CUR016,2026-03-05T00:31:00,HW,6.14,Puerto Montt,2026-03-05T02:36:00,6.87
CUR016,2026-03-05T06:46:00,LW,0.87,Puerto Montt,2026-03-05T08:51:00,0.75
CUR016,2026-03-05T12:49:00,HW,5.76,Puerto Montt,2026-03-05T14:54:00,6.49
CUR016,2026-03-05T18:58:00,LW,1.12,Puerto Montt,2026-03-05T21:03:00,1.0
CUR016,2026-03-06T01:00:00,HW,5.75,Puerto Montt,2026-03-06T03:05:00,6.48
CUR016,2026-03-06T07:12:00,LW,1.24,Puerto Montt,2026-03-06T09:17:00,1.12
CUR016,2026-03-06T13:16:00,HW,5.51,Puerto Montt,2026-03-06T15:21:00,6.24
CUR016,2026-03-06T19:27:00,LW,1.5,Puerto Montt,2026-03-06T21:32:00,1.38
CUR016,2026-03-07T01:27:00,HW,5.28,Puerto Montt,2026-03-07T03:32:00,6.01
CUR016,2026-03-07T07:35:00,LW,1.68,Puerto Montt,2026-03-07T09:40:00,1.56
CUR016,2026-03-07T13:42:00,HW,5.18,Puerto Montt,2026-03-07T15:47:00,5.91
CUR016,2026-03-07T19:54:00,LW,1.95,Puerto Montt,2026-03-07T21:59:00,1.83
CUR016,2026-03-08T01:53:00,HW,4.77,Puerto Montt,2026-03-08T03:58:00,5.5
CUR016,2026-03-08T07:56:00,LW,2.15,Puerto Montt,2026-03-08T10:01:00,2.03
CUR016,2026-03-08T14:06:00,HW,4.82,Puerto Montt,2026-03-08T16:11:00,5.55
CUR016,2026-03-08T20:21:00,LW,2.43,Puerto Montt,2026-03-08T22:26:00,2.31
CUR016,2026-03-09T02:19:00,HW,4.26,Puerto Montt,2026-03-09T04:24:00,4.99
CUR016,2026-03-09T08:17:00,LW,2.62,Puerto Montt,2026-03-09T10:22:00,2.5
CUR016,2026-03-09T14:33:00,HW,4.44,Puerto Montt,2026-03-09T16:38:00,5.17
CUR016,2026-03-09T20:53:00,LW,2.91,Puerto Montt,2026-03-09T22:58:00,2.79
CUR016,2026-03-10T02:49:00,HW,3.77,Puerto Montt,2026-03-10T04:54:00,4.5
CUR016,2026-03-10T08:42:00,LW,3.08,Puerto Montt,2026-03-10T10:47:00,2.96
CUR016,2026-03-10T15:12:00,HW,4.05,Puerto Montt,2026-03-10T17:17:00,4.78
CUR016,2026-03-10T21:48:00,LW,3.35,Puerto Montt,2026-03-10T23:53:00,3.23
CUR016,2026-03-11T03:49:00,HW,3.31,Puerto Montt,2026-03-11T05:54:00,4.04
CUR016,2026-03-11T09:28:00,LW,3.53,Puerto Montt,2026-03-11T11:33:00,3.41
CUR016,2026-03-11T16:49:00,HW,3.71,Puerto Montt,2026-03-11T18:54:00,4.44
CUR016,2026-03-12T01:09:00,LW,3.48,Puerto Montt,2026-03-12T03:14:00,3.36
CUR016,2026-03-12T07:32:00,HW,3.26,Puerto Montt,2026-03-12T09:37:00,3.99
CUR016,2026-03-12T13:01:00,LW,3.68,Puerto Montt,2026-03-12T15:06:00,3.56
CUR016,2026-03-12T19:32:00,HW,3.85,Puerto Montt,2026-03-12T21:37:00,4.58
CUR016,2026-03-13T02:39:00,LW,3.05,Puerto Montt,2026-03-13T04:44:00,2.93
CUR016,2026-03-13T08:46:00,HW,3.69,Puerto Montt,2026-03-13T10:51:00,4.42
CUR016,2026-03-13T14:30:00,LW,3.25,Puerto Montt,2026-03-13T16:35:00,3.13
CUR016,2026-03-13T20:38:00,HW,4.3,Puerto Montt,2026-03-13T22:43:00,5.03
CUR016,2026-03-14T03:17:00,LW,2.56,Puerto Montt,2026-03-14T05:22:00,2.44
CUR016,2026-03-14T09:21:00,HW,4.15,Puerto Montt,2026-03-14T11:26:00,4.88
CUR016,2026-03-14T15:12:00,LW,2.73,Puerto Montt,2026-03-14T17:17:00,2.61
CUR016,2026-03-14T21:19:00,HW,4.78,Puerto Montt,2026-03-14T23:24:00,5.51
CUR016,2026-03-15T03:47:00,LW,2.06,Puerto Montt,2026-03-15T05:52:00,1.94
CUR016,2026-03-15T09:51:00,HW,4.61,Puerto Montt,2026-03-15T11:56:00,5.34
CUR016,2026-03-15T15:47:00,LW,2.2,Puerto Montt,2026-03-15T17:52:00,2.08
CUR016,2026-03-15T21:53:00,HW,5.25,Puerto Montt,2026-03-15T23:58:00,5.98
CUR016,2026-03-16T04:17:00,LW,1.6,Puerto Montt,2026-03-16T06:22:00,1.48
CUR016,2026-03-16T10:20:00,HW,5.04,Puerto Montt,2026-03-16T12:25:00,5.77
CUR016,2026-03-16T16:20:00,LW,1.71,Puerto Montt,2026-03-16T18:25:00,1.59
CUR016,2026-03-16T22:26:00,HW,5.65,Puerto Montt,2026-03-17T00:31:00,6.38
CUR016,2026-03-17T04:47:00,LW,1.21,Puerto Montt,2026-03-17T06:52:00,1.09
CUR016,2026-03-17T10:50:00,HW,5.42,Puerto Montt,2026-03-17T12:55:00,6.15
CUR016,2026-03-17T16:54:00,LW,1.3,Puerto Montt,2026-03-17T18:59:00,1.18
CUR016,2026-03-17T22:59:00,HW,5.94,Puerto Montt,2026-03-18T01:04:00,6.67
CUR016,2026-03-18T05:17:00,LW,0.94,Puerto Montt,2026-03-18T07:22:00,0.82
CUR016,2026-03-18T11:21:00,HW,5.72,Puerto Montt,2026-03-18T13:26:00,6.45
CUR016,2026-03-18T17:28:00,LW,1.01,Puerto Montt,2026-03-18T19:33:00,0.89
CUR016,2026-03-18T23:33:00,HW,6.08,Puerto Montt,2026-03-19T01:38:00,6.81
CUR016,2026-03-19T05:49:00,LW,0.81,Puerto Montt,2026-03-19T07:54:00,0.69
CUR016,2026-03-19T11:54:00,HW,5.93,Puerto Montt,2026-03-19T13:59:00,6.66
CUR016,2026-03-19T18:04:00,LW,0.86,Puerto Montt,2026-03-19T20:09:00,0.74
CUR016,2026-03-20T00:08:00,HW,6.05,Puerto Montt,2026-03-20T02:13:00,6.78
CUR016,2026-03-20T06:21:00,LW,0.84,Puerto Montt,2026-03-20T08:26:00,0.72
CUR016,2026-03-20T12:27:00,HW,6.01,Puerto Montt,2026-03-20T14:32:00,6.74
CUR016,2026-03-20T18:41:00,LW,0.89,Puerto Montt,2026-03-20T20:46:00,0.77
CUR016,2026-03-21T00:45:00,HW,5.86,Puerto Montt,2026-03-21T02:50:00,6.59
CUR016,2026-03-21T06:55:00,LW,1.03,Puerto Montt,2026-03-21T09:00:00,0.91
CUR016,2026-03-21T13:03:00,HW,5.96,Puerto Montt,2026-03-21T15:08:00,6.69
CUR016,2026-03-21T19:20:00,LW,1.09,Puerto Montt,2026-03-21T21:25:00,0.97
CUR016,2026-03-22T01:22:00,HW,5.53,Puerto Montt,2026-03-22T03:27:00,6.26
CUR016,2026-03-22T07:30:00,LW,1.36,Puerto Montt,2026-03-22T09:35:00,1.24
CUR016,2026-03-22T13:40:00,HW,5.77,Puerto Montt,2026-03-22T15:45:00,6.5
CUR016,2026-03-22T20:01:00,LW,1.43,Puerto Montt,2026-03-22T22:06:00,1.31
CUR016,2026-03-23T02:04:00,HW,5.09,Puerto Montt,2026-03-23T04:09:00,5.82
CUR016,2026-03-23T08:08:00,LW,1.8,Puerto Montt,2026-03-23T10:13:00,1.68
CUR016,2026-03-23T14:23:00,HW,5.45,Puerto Montt,2026-03-23T16:28:00,6.18
CUR016,2026-03-23T20:49:00,LW,1.87,Puerto Montt,2026-03-23T22:54:00,1.75
CUR016,2026-03-24T02:53:00,HW,4.59,Puerto Montt,2026-03-24T04:58:00,5.32
CUR016,2026-03-24T08:54:00,LW,2.3,Puerto Montt,2026-03-24T10:59:00,2.18
CUR016,2026-03-24T15:16:00,HW,5.04,Puerto Montt,2026-03-24T17:21:00,5.77
CUR016,2026-03-24T21:52:00,LW,2.32,Puerto Montt,2026-03-24T23:57:00,2.2
CUR016,2026-03-25T04:01:00,HW,4.11,Puerto Montt,2026-03-25T06:06:00,4.84
CUR016,2026-03-25T10:00:00,LW,2.79,Puerto Montt,2026-03-25T12:05:00,2.67
CUR016,2026-03-25T16:32:00,HW,4.66,Puerto Montt,2026-03-25T18:37:00,5.39
CUR016,2026-03-25T23:26:00,LW,2.61,Puerto Montt,2026-03-26T01:31:00,2.49
CUR016,2026-03-26T05:48:00,HW,3.87,Puerto Montt,2026-03-26T07:53:00,4.6
CUR016,2026-03-26T11:46:00,LW,3.03,Puerto Montt,2026-03-26T13:51:00,2.91
CUR016,2026-03-26T18:17:00,HW,4.56,Puerto Montt,2026-03-26T20:22:00,5.29
CUR016,2026-03-27T01:14:00,LW,2.46,Puerto Montt,2026-03-27T03:19:00,2.34
CUR016,2026-03-27T07:36:00,HW,4.12,Puerto Montt,2026-03-27T09:41:00,4.85
CUR016,2026-03-27T13:33:00,LW,2.77,Puerto Montt,2026-03-27T15:38:00,2.65
CUR016,2026-03-27T19:49:00,HW,4.85,Puerto Montt,2026-03-27T21:54:00,5.58
CUR016,2026-03-28T02:30:00,LW,2.0,Puerto Montt,2026-03-28T04:35:00,1.88
CUR016,2026-03-28T08:44:00,HW,4.61,Puerto Montt,2026-03-28T10:49:00,5.34
CUR016,2026-03-28T14:43:00,LW,2.23,Puerto Montt,2026-03-28T16:48:00,2.11
CUR016,2026-03-28T20:53:00,HW,5.31,Puerto Montt,2026-03-28T22:58:00,6.04
CUR016,2026-03-29T03:23:00,LW,1.5,Puerto Montt,2026-03-29T05:28:00,1.38
CUR016,2026-03-29T09:32:00,HW,5.12,Puerto Montt,2026-03-29T11:37:00,5.85
CUR016,2026-03-29T15:34:00,LW,1.68,Puerto Montt,2026-03-29T17:39:00,1.56
CUR016,2026-03-29T21:42:00,HW,5.73,Puerto Montt,2026-03-29T23:47:00,6.46
CUR016,2026-03-30T04:04:00,LW,1.09,Puerto Montt,2026-03-30T06:09:00,0.97
CUR016,2026-03-30T10:11:00,HW,5.53,Puerto Montt,2026-03-30T12:16:00,6.26
CUR016,2026-03-30T16:16:00,LW,1.23,Puerto Montt,2026-03-30T18:21:00,1.11
CUR016,2026-03-30T22:22:00,HW,6.01,Puerto Montt,2026-03-31T00:27:00,6.74
CUR016,2026-03-31T04:41:00,LW,0.85,Puerto Montt,2026-03-31T06:46:00,0.73
CUR016,2026-03-31T10:46:00,HW,5.81,Puerto Montt,2026-03-31T12:51:00,6.54
CUR016,2026-03-31T16:54:00,LW,0.96,Puerto Montt,2026-03-31T18:59:00,0.84
CUR016,2026-03-31T22:58:00,HW,6.09,Puerto Montt,2026-04-01T01:03:00,6.82
CUR016,2026-04-01T05:13:00,LW,0.8,Puerto Montt,2026-04-01T07:18:00,0.68
CUR016,2026-04-01T11:18:00,HW,5.93,Puerto Montt,2026-04-01T13:23:00,6.66
CUR016,2026-04-01T17:28:00,LW,0.89,Puerto Montt,2026-04-01T19:33:00,0.77
CUR016,2026-04-01T23:31:00,HW,5.99,Puerto Montt,2026-04-02T01:36:00,6.72
CUR016,2026-04-02T05:42:00,LW,0.92,Puerto Montt,2026-04-02T07:47:00,0.8
CUR016,2026-04-02T11:47:00,HW,5.91,Puerto Montt,2026-04-02T13:52:00,6.64
CUR016,2026-04-02T18:00:00,LW,1.01,Puerto Montt,2026-04-02T20:05:00,0.89
CUR016,2026-04-03T00:01:00,HW,5.73,Puerto Montt,2026-04-03T02:06:00,6.46
CUR016,2026-04-03T06:08:00,LW,1.19,Puerto Montt,2026-04-03T08:13:00,1.07
CUR016,2026-04-03T12:14:00,HW,5.76,Puerto Montt,2026-04-03T14:19:00,6.49
CUR016,2026-04-03T18:29:00,LW,1.28,Puerto Montt,2026-04-03T20:34:00,1.16
CUR016,2026-04-04T00:29:00,HW,5.37,Puerto Montt,2026-04-04T02:34:00,6.1
CUR016,2026-04-04T06:32:00,LW,1.54,Puerto Montt,2026-04-04T08:37:00,1.42
CUR016,2026-04-04T12:39:00,HW,5.52,Puerto Montt,2026-04-04T14:44:00,6.25
CUR016,2026-04-04T18:56:00,LW,1.63,Puerto Montt,2026-04-04T21:01:00,1.51
CUR016,2026-04-05T00:55:00,HW,4.97,Puerto Montt,2026-04-05T03:00:00,5.7
CUR016,2026-04-05T06:53:00,LW,1.93,Puerto Montt,2026-04-05T08:58:00,1.81
CUR016,2026-04-05T13:02:00,HW,5.23,Puerto Montt,2026-04-05T15:07:00,5.96
CUR016,2026-04-05T19:21:00,LW,2.03,Puerto Montt,2026-04-05T21:26:00,1.91
CUR016,2026-04-06T01:19:00,HW,4.56,Puerto Montt,2026-04-06T03:24:00,5.29
CUR016,2026-04-06T07:13:00,LW,2.33,Puerto Montt,2026-04-06T09:18:00,2.21
CUR016,2026-04-06T13:25:00,HW,4.9,Puerto Montt,2026-04-06T15:30:00,5.63
CUR016,2026-04-06T19:47:00,LW,2.43,Puerto Montt,2026-04-06T21:52:00,2.31
CUR016,2026-04-07T01:45:00,HW,4.14,Puerto Montt,2026-04-07T03:50:00,4.87
CUR016,2026-04-07T07:35:00,LW,2.72,Puerto Montt,2026-04-07T09:40:00,2.6
CUR016,2026-04-07T13:52:00,HW,4.54,Puerto Montt,2026-04-07T15:57:00,5.27
CUR016,2026-04-07T20:19:00,LW,2.83,Puerto Montt,2026-04-07T22:24:00,2.71
CUR016,2026-04-08T02:17:00,HW,3.74,Puerto Montt,2026-04-08T04:22:00,4.47
CUR016,2026-04-08T08:03:00,LW,3.11,Puerto Montt,2026-04-08T10:08:00,2.99
CUR016,2026-04-08T14:28:00,HW,4.17,Puerto Montt,2026-04-08T16:33:00,4.9
CUR016,2026-04-08T21:10:00,LW,3.21,Puerto Montt,2026-04-08T23:15:00,3.09
CUR016,2026-04-09T03:16:00,HW,3.36,Puerto Montt,2026-04-09T05:21:00,4.09
CUR016,2026-04-09T08:51:00,LW,3.49,Puerto Montt,2026-04-09T10:56:00,3.37
CUR016,2026-04-09T15:44:00,HW,3.81,Puerto Montt,2026-04-09T17:49:00,4.54
CUR016,2026-04-09T23:34:00,LW,3.4,Puerto Montt,2026-04-10T01:39:00,3.28
CUR016,2026-04-10T06:24:00,HW,3.27,Puerto Montt,2026-04-10T08:29:00,4.0
CUR016,2026-04-10T11:40:00,LW,3.69,Puerto Montt,2026-04-10T13:45:00,3.57
CUR016,2026-04-10T18:22:00,HW,3.78,Puerto Montt,2026-04-10T20:27:00,4.51
CUR016,2026-04-11T01:38:00,LW,3.07,Puerto Montt,2026-04-11T03:43:00,2.95
CUR016,2026-04-11T07:54:00,HW,3.66,Puerto Montt,2026-04-11T09:59:00,4.39
CUR016,2026-04-11T13:40:00,LW,3.29,Puerto Montt,2026-04-11T15:45:00,3.17
CUR016,2026-04-11T19:46:00,HW,4.16,Puerto Montt,2026-04-11T21:51:00,4.89
CUR016,2026-04-12T02:26:00,LW,2.59,Puerto Montt,2026-04-12T04:31:00,2.47
CUR016,2026-04-12T08:35:00,HW,4.14,Puerto Montt,2026-04-12T10:40:00,4.87
CUR016,2026-04-12T14:31:00,LW,2.75,Puerto Montt,2026-04-12T16:36:00,2.63
CUR016,2026-04-12T20:35:00,HW,4.64,Puerto Montt,2026-04-12T22:40:00,5.37
CUR016,2026-04-13T03:02:00,LW,2.09,Puerto Montt,2026-04-13T05:07:00,1.97
CUR016,2026-04-13T09:09:00,HW,4.65,Puerto Montt,2026-04-13T11:14:00,5.38
CUR016,2026-04-13T15:10:00,LW,2.18,Puerto Montt,2026-04-13T17:15:00,2.06
CUR016,2026-04-13T21:14:00,HW,5.11,Puerto Montt,2026-04-13T23:19:00,5.84
CUR016,2026-04-14T03:35:00,LW,1.61,Puerto Montt,2026-04-14T05:40:00,1.49
CUR016,2026-04-14T09:41:00,HW,5.15,Puerto Montt,2026-04-14T11:46:00,5.88
CUR016,2026-04-14T15:47:00,LW,1.64,Puerto Montt,2026-04-14T17:52:00,1.52
CUR016,2026-04-14T21:51:00,HW,5.52,Puerto Montt,2026-04-14T23:56:00,6.25
CUR016,2026-04-15T04:08:00,LW,1.21,Puerto Montt,2026-04-15T06:13:00,1.09
CUR016,2026-04-15T10:14:00,HW,5.62,Puerto Montt,2026-04-15T12:19:00,6.35
CUR016,2026-04-15T16:25:00,LW,1.19,Puerto Montt,2026-04-15T18:30:00,1.07
CUR016,2026-04-15T22:29:00,HW,5.82,Puerto Montt,2026-04-16T00:34:00,6.55
CUR016,2026-04-16T04:42:00,LW,0.94,Puerto Montt,2026-04-16T06:47:00,0.82
CUR016,2026-04-16T10:49:00,HW,5.99,Puerto Montt,2026-04-16T12:54:00,6.72
CUR016,2026-04-16T17:03:00,LW,0.86,Puerto Montt,2026-04-16T19:08:00,0.74
CUR016,2026-04-16T23:07:00,HW,5.96,Puerto Montt,2026-04-17T01:12:00,6.69
CUR016,2026-04-17T05:17:00,LW,0.83,Puerto Montt,2026-04-17T07:22:00,0.71
CUR016,2026-04-17T11:25:00,HW,6.24,Puerto Montt,2026-04-17T13:30:00,6.97
CUR016,2026-04-17T17:43:00,LW,0.71,Puerto Montt,2026-04-17T19:48:00,0.59
CUR016,2026-04-17T23:46:00,HW,5.93,Puerto Montt,2026-04-18T01:51:00,6.66
CUR016,2026-04-18T05:53:00,LW,0.89,Puerto Montt,2026-04-18T07:58:00,0.77
CUR016,2026-04-18T12:03:00,HW,6.33,Puerto Montt,2026-04-18T14:08:00,7.06
CUR016,2026-04-18T18:23:00,LW,0.75,Puerto Montt,2026-04-18T20:28:00,0.63
CUR016,2026-04-19T00:27:00,HW,5.74,Puerto Montt,2026-04-19T02:32:00,6.47
CUR016,2026-04-19T06:31:00,LW,1.11,Puerto Montt,2026-04-19T08:36:00,0.99
CUR016,2026-04-19T12:42:00,HW,6.24,Puerto Montt,2026-04-19T14:47:00,6.97
CUR016,2026-04-19T19:07:00,LW,0.97,Puerto Montt,2026-04-19T21:12:00,0.85
CUR016,2026-04-20T01:11:00,HW,5.41,Puerto Montt,2026-04-20T03:16:00,6.14
CUR016,2026-04-20T07:12:00,LW,1.47,Puerto Montt,2026-04-20T09:17:00,1.35
CUR016,2026-04-20T13:25:00,HW,5.98,Puerto Montt,2026-04-20T15:30:00,6.71
CUR016,2026-04-20T19:54:00,LW,1.32,Puerto Montt,2026-04-20T21:59:00,1.2
CUR016,2026-04-21T01:59:00,HW,4.99,Puerto Montt,2026-04-21T04:04:00,5.72
CUR016,2026-04-21T07:57:00,LW,1.91,Puerto Montt,2026-04-21T10:02:00,1.79
CUR016,2026-04-21T14:14:00,HW,5.6,Puerto Montt,2026-04-21T16:19:00,6.33
CUR016,2026-04-21T20:49:00,LW,1.74,Puerto Montt,2026-04-21T22:54:00,1.62
CUR016,2026-04-22T02:56:00,HW,4.56,Puerto Montt,2026-04-22T05:01:00,5.29
CUR016,2026-04-22T08:53:00,LW,2.36,Puerto Montt,2026-04-22T10:58:00,2.24
CUR016,2026-04-22T15:14:00,HW,5.17,Puerto Montt,2026-04-22T17:19:00,5.9
CUR016,2026-04-22T21:57:00,LW,2.12,Puerto Montt,2026-04-23T00:02:00,2.0
CUR016,2026-04-23T04:12:00,HW,4.22,Puerto Montt,2026-04-23T06:17:00,4.95
CUR016,2026-04-23T10:08:00,LW,2.72,Puerto Montt,2026-04-23T12:13:00,2.6
CUR016,2026-04-23T16:32:00,HW,4.82,Puerto Montt,2026-04-23T18:37:00,5.55
CUR016,2026-04-23T23:22:00,LW,2.29,Puerto Montt,2026-04-24T01:27:00,2.17
CUR016,2026-04-24T05:45:00,HW,4.15,Puerto Montt,2026-04-24T07:50:00,4.88
CUR016,2026-04-24T11:43:00,LW,2.8,Puerto Montt,2026-04-24T13:48:00,2.68
CUR016,2026-04-24T18:03:00,HW,4.73,Puerto Montt,2026-04-24T20:08:00,5.46
CUR016,2026-04-25T00:48:00,LW,2.18,Puerto Montt,2026-04-25T02:53:00,2.06
CUR016,2026-04-25T07:09:00,HW,4.39,Puerto Montt,2026-04-25T09:14:00,5.12
CUR016,2026-04-25T13:10:00,LW,2.54,Puerto Montt,2026-04-25T15:15:00,2.42
CUR016,2026-04-25T19:22:00,HW,4.9,Puerto Montt,2026-04-25T21:27:00,5.63
CUR016,2026-04-26T01:55:00,LW,1.88,Puerto Montt,2026-04-26T04:00:00,1.76
CUR016,2026-04-26T08:11:00,HW,4.77,Puerto Montt,2026-04-26T10:16:00,5.5
CUR016,2026-04-26T14:15:00,LW,2.12,Puerto Montt,2026-04-26T16:20:00,2.0
CUR016,2026-04-26T20:23:00,HW,5.17,Puerto Montt,2026-04-26T22:28:00,5.9
CUR016,2026-04-27T02:47:00,LW,1.57,Puerto Montt,2026-04-27T04:52:00,1.45
CUR016,2026-04-27T08:58:00,HW,5.16,Puerto Montt,2026-04-27T11:03:00,5.89
CUR016,2026-04-27T15:07:00,LW,1.71,Puerto Montt,2026-04-27T17:12:00,1.59
CUR016,2026-04-27T21:12:00,HW,5.41,Puerto Montt,2026-04-27T23:17:00,6.14
CUR016,2026-04-28T03:30:00,LW,1.33,Puerto Montt,2026-04-28T05:35:00,1.21
CUR016,2026-04-28T09:39:00,HW,5.47,Puerto Montt,2026-04-28T11:44:00,6.2
CUR016,2026-04-28T15:50:00,LW,1.4,Puerto Montt,2026-04-28T17:55:00,1.28
CUR016,2026-04-28T21:54:00,HW,5.54,Puerto Montt,2026-04-28T23:59:00,6.27
CUR016,2026-04-29T04:06:00,LW,1.23,Puerto Montt,2026-04-29T06:11:00,1.11
CUR016,2026-04-29T10:15:00,HW,5.69,Puerto Montt,2026-04-29T12:20:00,6.42
CUR016,2026-04-29T16:29:00,LW,1.23,Puerto Montt,2026-04-29T18:34:00,1.11
CUR016,2026-04-29T22:31:00,HW,5.54,Puerto Montt,2026-04-30T00:36:00,6.27
CUR016,2026-04-30T04:39:00,LW,1.25,Puerto Montt,2026-04-30T06:44:00,1.13
CUR016,2026-04-30T10:47:00,HW,5.78,Puerto Montt,2026-04-30T12:52:00,6.51
CUR016,2026-04-30T17:04:00,LW,1.21,Puerto Montt,2026-04-30T19:09:00,1.09
CUR016,2026-04-30T23:05:00,HW,5.42,Puerto Montt,2026-05-01T01:10:00,6.15
CUR016,2026-05-01T05:09:00,LW,1.4,Puerto Montt,2026-05-01T07:14:00,1.28
CUR016,2026-05-01T11:17:00,HW,5.75,Puerto Montt,2026-05-01T13:22:00,6.48
CUR016,2026-05-01T17:36:00,LW,1.33,Puerto Montt,2026-05-01T19:41:00,1.21
CUR016,2026-05-01T23:36:00,HW,5.22,Puerto Montt,2026-05-02T01:41:00,5.95
CUR016,2026-05-02T05:36:00,LW,1.62,Puerto Montt,2026-05-02T07:41:00,1.5
CUR016,2026-05-02T11:45:00,HW,5.64,Puerto Montt,2026-05-02T13:50:00,6.37
CUR016,2026-05-02T18:06:00,LW,1.55,Puerto Montt,2026-05-02T20:11:00,1.43
CUR016,2026-05-03T00:05:00,HW,4.96,Puerto Montt,2026-05-03T02:10:00,5.69
CUR016,2026-05-03T06:00:00,LW,1.9,Puerto Montt,2026-05-03T08:05:00,1.78
CUR016,2026-05-03T12:11:00,HW,5.45,Puerto Montt,2026-05-03T14:16:00,6.18
CUR016,2026-05-03T18:34:00,LW,1.81,Puerto Montt,2026-05-03T20:39:00,1.69
CUR016,2026-05-04T00:33:00,HW,4.68,Puerto Montt,2026-05-04T02:38:00,5.41
CUR016,2026-05-04T06:24:00,LW,2.18,Puerto Montt,2026-05-04T08:29:00,2.06
CUR016,2026-05-04T12:36:00,HW,5.22,Puerto Montt,2026-05-04T14:41:00,5.95
CUR016,2026-05-04T19:02:00,LW,2.1,Puerto Montt,2026-05-04T21:07:00,1.98
CUR016,2026-05-05T01:01:00,HW,4.39,Puerto Montt,2026-05-05T03:06:00,5.12
CUR016,2026-05-05T06:49:00,LW,2.47,Puerto Montt,2026-05-05T08:54:00,2.35
CUR016,2026-05-05T13:03:00,HW,4.95,Puerto Montt,2026-05-05T15:08:00,5.68
CUR016,2026-05-05T19:31:00,LW,2.4,Puerto Montt,2026-05-05T21:36:00,2.28
CUR016,2026-05-06T01:32:00,HW,4.09,Puerto Montt,2026-05-06T03:37:00,4.82
CUR016,2026-05-06T07:17:00,LW,2.76,Puerto Montt,2026-05-06T09:22:00,2.64
CUR016,2026-05-06T13:34:00,HW,4.65,Puerto Montt,2026-05-06T15:39:00,5.38
CUR016,2026-05-06T20:08:00,LW,2.68,Puerto Montt,2026-05-06T22:13:00,2.56
CUR016,2026-05-07T02:10:00,HW,3.8,Puerto Montt,2026-05-07T04:15:00,4.53
CUR016,2026-05-07T07:53:00,LW,3.04,Puerto Montt,2026-05-07T09:58:00,2.92
CUR016,2026-05-07T14:15:00,HW,4.34,Puerto Montt,2026-05-07T16:20:00,5.07
CUR016,2026-05-07T20:59:00,LW,2.93,Puerto Montt,2026-05-07T23:04:00,2.81
CUR016,2026-05-08T03:10:00,HW,3.55,Puerto Montt,2026-05-08T05:15:00,4.28
CUR016,2026-05-08T08:50:00,LW,3.31,Puerto Montt,2026-05-08T10:55:00,3.19
CUR016,2026-05-08T15:19:00,HW,4.06,Puerto Montt,2026-05-08T17:24:00,4.79
CUR016,2026-05-08T22:23:00,LW,3.06,Puerto Montt,2026-05-09T00:28:00,2.94
CUR016,2026-05-09T04:55:00,HW,3.47,Puerto Montt,2026-05-09T07:00:00,4.2
CUR016,2026-05-09T10:31:00,LW,3.43,Puerto Montt,2026-05-09T12:36:00,3.31
CUR016,2026-05-09T16:59:00,HW,3.94,Puerto Montt,2026-05-09T19:04:00,4.67
CUR016,2026-05-10T00:04:00,LW,2.94,Puerto Montt,2026-05-10T02:09:00,2.82
CUR016,2026-05-10T06:33:00,HW,3.71,Puerto Montt,2026-05-10T08:38:00,4.44
CUR016,2026-05-10T12:22:00,LW,3.23,Puerto Montt,2026-05-10T14:27:00,3.11
CUR016,2026-05-10T18:33:00,HW,4.11,Puerto Montt,2026-05-10T20:38:00,4.84
CUR016,2026-05-11T01:14:00,LW,2.61,Puerto Montt,2026-05-11T03:19:00,2.49
CUR016,2026-05-11T07:32:00,HW,4.13,Puerto Montt,2026-05-11T09:37:00,4.86
CUR016,2026-05-11T13:33:00,LW,2.79,Puerto Montt,2026-05-11T15:38:00,2.67
CUR016,2026-05-11T19:37:00,HW,4.46,Puerto Montt,2026-05-11T21:42:00,5.19
CUR016,2026-05-12T02:04:00,LW,2.19,Puerto Montt,2026-05-12T04:09:00,2.07
CUR016,2026-05-12T08:17:00,HW,4.64,Puerto Montt,2026-05-12T10:22:00,5.37
CUR016,2026-05-12T14:26:00,LW,2.27,Puerto Montt,2026-05-12T16:31:00,2.15
CUR016,2026-05-12T20:28:00,HW,4.85,Puerto Montt,2026-05-12T22:33:00,5.58
CUR016,2026-05-13T02:46:00,LW,1.78,Puerto Montt,2026-05-13T04:51:00,1.66
CUR016,2026-05-13T08:58:00,HW,5.16,Puerto Montt,2026-05-13T11:03:00,5.89
CUR016,2026-05-13T15:12:00,LW,1.75,Puerto Montt,2026-05-13T17:17:00,1.63
CUR016,2026-05-13T21:14:00,HW,5.21,Puerto Montt,2026-05-13T23:19:00,5.94
CUR016,2026-05-14T03:27:00,LW,1.44,Puerto Montt,2026-05-14T05:32:00,1.32
CUR016,2026-05-14T09:38:00,HW,5.65,Puerto Montt,2026-05-14T11:43:00,6.38
CUR016,2026-05-14T15:56:00,LW,1.3,Puerto Montt,2026-05-14T18:01:00,1.18
CUR016,2026-05-14T21:59:00,HW,5.48,Puerto Montt,2026-05-15T00:04:00,6.21
CUR016,2026-05-15T04:08:00,LW,1.2,Puerto Montt,2026-05-15T06:13:00,1.08
CUR016,2026-05-15T10:18:00,HW,6.05,Puerto Montt,2026-05-15T12:23:00,6.78
CUR016,2026-05-15T16:40:00,LW,0.96,Puerto Montt,2026-05-15T18:45:00,0.84
CUR016,2026-05-15T22:44:00,HW,5.63,Puerto Montt,2026-05-16T00:49:00,6.36
CUR016,2026-05-16T04:49:00,LW,1.1,Puerto Montt,2026-05-16T06:54:00,0.98
CUR016,2026-05-16T11:01:00,HW,6.32,Puerto Montt,2026-05-16T13:06:00,7.05
CUR016,2026-05-16T17:25:00,LW,0.79,Puerto Montt,2026-05-16T19:30:00,0.67
CUR016,2026-05-16T23:30:00,HW,5.65,Puerto Montt,2026-05-17T01:35:00,6.38
CUR016,2026-05-17T05:32:00,LW,1.13,Puerto Montt,2026-05-17T07:37:00,1.01
CUR016,2026-05-17T11:44:00,HW,6.42,Puerto Montt,2026-05-17T13:49:00,7.15
CUR016,2026-05-17T18:12:00,LW,0.78,Puerto Montt,2026-05-17T20:17:00,0.66
CUR016,2026-05-18T00:17:00,HW,5.53,Puerto Montt,2026-05-18T02:22:00,6.26
CUR016,2026-05-18T06:16:00,LW,1.29,Puerto Montt,2026-05-18T08:21:00,1.17
CUR016,2026-05-18T12:30:00,HW,6.34,Puerto Montt,2026-05-18T14:35:00,7.07
CUR016,2026-05-18T19:01:00,LW,0.92,Puerto Montt,2026-05-18T21:06:00,0.8
CUR016,2026-05-19T01:07:00,HW,5.32,Puerto Montt,2026-05-19T03:12:00,6.05
CUR016,2026-05-19T07:04:00,LW,1.55,Puerto Montt,2026-05-19T09:09:00,1.43
CUR016,2026-05-19T13:19:00,HW,6.12,Puerto Montt,2026-05-19T15:24:00,6.85
CUR016,2026-05-19T19:52:00,LW,1.17,Puerto Montt,2026-05-19T21:57:00,1.05
CUR016,2026-05-20T01:59:00,HW,5.04,Puerto Montt,2026-05-20T04:04:00,5.77
CUR016,2026-05-20T07:56:00,LW,1.85,Puerto Montt,2026-05-20T10:01:00,1.73
CUR016,2026-05-20T14:12:00,HW,5.79,Puerto Montt,2026-05-20T16:17:00,6.52
CUR016,2026-05-20T20:48:00,LW,1.47,Puerto Montt,2026-05-20T22:53:00,1.35
CUR016,2026-05-21T02:58:00,HW,4.77,Puerto Montt,2026-05-21T05:03:00,5.5
CUR016,2026-05-21T08:55:00,LW,2.14,Puerto Montt,2026-05-21T11:00:00,2.02
CUR016,2026-05-21T15:11:00,HW,5.42,Puerto Montt,2026-05-21T17:16:00,6.15
CUR016,2026-05-21T21:50:00,LW,1.74,Puerto Montt,2026-05-21T23:55:00,1.62
CUR016,2026-05-22T04:03:00,HW,4.56,Puerto Montt,2026-05-22T06:08:00,5.29
CUR016,2026-05-22T10:02:00,LW,2.37,Puerto Montt,2026-05-22T12:07:00,2.25
CUR016,2026-05-22T16:17:00,HW,5.09,Puerto Montt,2026-05-22T18:22:00,5.82
CUR016,2026-05-22T22:56:00,LW,1.92,Puerto Montt,2026-05-23T01:01:00,1.8
CUR016,2026-05-23T05:14:00,HW,4.49,Puerto Montt,2026-05-23T07:19:00,5.22
CUR016,2026-05-23T11:15:00,LW,2.47,Puerto Montt,2026-05-23T13:20:00,2.35
CUR016,2026-05-23T17:28:00,HW,4.87,Puerto Montt,2026-05-23T19:33:00,5.6
CUR016,2026-05-24T00:04:00,LW,1.99,Puerto Montt,2026-05-24T02:09:00,1.87
CUR016,2026-05-24T06:24:00,HW,4.57,Puerto Montt,2026-05-24T08:29:00,5.3
CUR016,2026-05-24T12:30:00,LW,2.41,Puerto Montt,2026-05-24T14:35:00,2.29
CUR016,2026-05-24T18:39:00,HW,4.79,Puerto Montt,2026-05-24T20:44:00,5.52
CUR016,2026-05-25T01:07:00,LW,1.96,Puerto Montt,2026-05-25T03:12:00,1.84
CUR016,2026-05-25T07:26:00,HW,4.75,Puerto Montt,2026-05-25T09:31:00,5.48
CUR016,2026-05-25T13:37:00,LW,2.23,Puerto Montt,2026-05-25T15:42:00,2.11
CUR016,2026-05-25T19:43:00,HW,4.81,Puerto Montt,2026-05-25T21:48:00,5.54
CUR016,2026-05-26T02:03:00,LW,1.89,Puerto Montt,2026-05-26T04:08:00,1.77
CUR016,2026-05-26T08:19:00,HW,4.98,Puerto Montt,2026-05-26T10:24:00,5.71
CUR016,2026-05-26T14:35:00,LW,2.01,Puerto Montt,2026-05-26T16:40:00,1.89
CUR016,2026-05-26T20:38:00,HW,4.86,Puerto Montt,2026-05-26T22:43:00,5.59
CUR016,2026-05-27T02:51:00,LW,1.82,Puerto Montt,2026-05-27T04:56:00,1.7
CUR016,2026-05-27T09:05:00,HW,5.2,Puerto Montt,2026-05-27T11:10:00,5.93
CUR016,2026-05-27T15:25:00,LW,1.81,Puerto Montt,2026-05-27T17:30:00,1.69
CUR016,2026-05-27T21:26:00,HW,4.9,Puerto Montt,2026-05-27T23:31:00,5.63
CUR016,2026-05-28T03:33:00,LW,1.8,Puerto Montt,2026-05-28T05:38:00,1.68
CUR016,2026-05-28T09:45:00,HW,5.38,Puerto Montt,2026-05-28T11:50:00,6.11
CUR016,2026-05-28T16:08:00,LW,1.69,Puerto Montt,2026-05-28T18:13:00,1.57
CUR016,2026-05-28T22:09:00,HW,4.9,Puerto Montt,2026-05-29T00:14:00,5.63
CUR016,2026-05-29T04:09:00,LW,1.84,Puerto Montt,2026-05-29T06:14:00,1.72
CUR016,2026-05-29T10:22:00,HW,5.48,Puerto Montt,2026-05-29T12:27:00,6.21
CUR016,2026-05-29T16:47:00,LW,1.64,Puerto Montt,2026-05-29T18:52:00,1.52
CUR016,2026-05-29T22:47:00,HW,4.87,Puerto Montt,2026-05-30T00:52:00,5.6
CUR016,2026-05-30T04:43:00,LW,1.92,Puerto Montt,2026-05-30T06:48:00,1.8
CUR016,2026-05-30T10:55:00,HW,5.51,Puerto Montt,2026-05-30T13:00:00,6.24
CUR016,2026-05-30T17:22:00,LW,1.68,Puerto Montt,2026-05-30T19:27:00,1.56
CUR016,2026-05-30T23:22:00,HW,4.79,Puerto Montt,2026-05-31T01:27:00,5.52
CUR016,2026-05-31T05:13:00,LW,2.03,Puerto Montt,2026-05-31T07:18:00,1.91
CUR016,2026-05-31T11:26:00,HW,5.47,Puerto Montt,2026-05-31T13:31:00,6.2
CUR016,2026-05-31T17:54:00,LW,1.77,Puerto Montt,2026-05-31T19:59:00,1.65
CUR016,2026-05-31T23:54:00,HW,4.68,Puerto Montt,2026-06-01T01:59:00,5.41
CUR016,2026-06-01T05:42:00,LW,2.16,Puerto Montt,2026-06-01T07:47:00,2.04
CUR016,2026-06-01T11:55:00,HW,5.37,Puerto Montt,2026-06-01T14:00:00,6.1
CUR016,2026-06-01T18:24:00,LW,1.9,Puerto Montt,2026-06-01T20:29:00,1.78
CUR016,2026-06-02T00:25:00,HW,4.54,Puerto Montt,2026-06-02T02:30:00,5.27
CUR016,2026-06-02T06:11:00,LW,2.31,Puerto Montt,2026-06-02T08:16:00,2.19
CUR016,2026-06-02T12:25:00,HW,5.23,Puerto Montt,2026-06-02T14:30:00,5.96
CUR016,2026-06-02T18:54:00,LW,2.05,Puerto Montt,2026-06-02T20:59:00,1.93
CUR016,2026-06-03T00:55:00,HW,4.39,Puerto Montt,2026-06-03T03:00:00,5.12
CUR016,2026-06-03T06:42:00,LW,2.46,Puerto Montt,2026-06-03T08:47:00,2.34
CUR016,2026-06-03T12:55:00,HW,5.06,Puerto Montt,2026-06-03T15:00:00,5.79
CUR016,2026-06-03T19:27:00,LW,2.21,Puerto Montt,2026-06-03T21:32:00,2.09
CUR016,2026-06-04T01:28:00,HW,4.22,Puerto Montt,2026-06-04T03:33:00,4.95
CUR016,2026-06-04T07:15:00,LW,2.62,Puerto Montt,2026-06-04T09:20:00,2.5
CUR016,2026-06-04T13:29:00,HW,4.85,Puerto Montt,2026-06-04T15:34:00,5.58
CUR016,2026-06-04T20:03:00,LW,2.37,Puerto Montt,2026-06-04T22:08:00,2.25
CUR016,2026-06-05T02:07:00,HW,4.05,Puerto Montt,2026-06-05T04:12:00,4.78
CUR016,2026-06-05T07:55:00,LW,2.77,Puerto Montt,2026-06-05T10:00:00,2.65
CUR016,2026-06-05T14:08:00,HW,4.63,Puerto Montt,2026-06-05T16:13:00,5.36
CUR016,2026-06-05T20:46:00,LW,2.51,Puerto Montt,2026-06-05T22:51:00,2.39
CUR016,2026-06-06T02:54:00,HW,3.91,Puerto Montt,2026-06-06T04:59:00,4.64
CUR016,2026-06-06T08:45:00,LW,2.92,Puerto Montt,2026-06-06T10:50:00,2.8
CUR016,2026-06-06T14:58:00,HW,4.42,Puerto Montt,2026-06-06T17:03:00,5.15
CUR016,2026-06-06T21:40:00,LW,2.61,Puerto Montt,2026-06-06T23:45:00,2.49
CUR016,2026-06-07T03:57:00,HW,3.86,Puerto Montt,2026-06-07T06:02:00,4.59
CUR016,2026-06-07T09:49:00,LW,3.02,Puerto Montt,2026-06-07T11:54:00,2.9
CUR016,2026-06-07T16:02:00,HW,4.25,Puerto Montt,2026-06-07T18:07:00,4.98
CUR016,2026-06-07T22:44:00,LW,2.63,Puerto Montt,2026-06-08T00:49:00,2.51
CUR016,2026-06-08T05:10:00,HW,3.95,Puerto Montt,2026-06-08T07:15:00,4.68
CUR016,2026-06-08T11:07:00,LW,2.99,Puerto Montt,2026-06-08T13:12:00,2.87
CUR016,2026-06-08T17:18:00,HW,4.2,Puerto Montt,2026-06-08T19:23:00,4.93
CUR016,2026-06-08T23:53:00,LW,2.54,Puerto Montt,2026-06-09T01:58:00,2.42
CUR016,2026-06-09T06:20:00,HW,4.22,Puerto Montt,2026-06-09T08:25:00,4.95
CUR016,2026-06-09T12:27:00,LW,2.78,Puerto Montt,2026-06-09T14:32:00,2.66
CUR016,2026-06-09T18:33:00,HW,4.31,Puerto Montt,2026-06-09T20:38:00,5.04
CUR016,2026-06-10T00:58:00,LW,2.35,Puerto Montt,2026-06-10T03:03:00,2.23
CUR016,2026-06-10T07:20:00,HW,4.61,Puerto Montt,2026-06-10T09:25:00,5.34
CUR016,2026-06-10T13:37:00,LW,2.43,Puerto Montt,2026-06-10T15:42:00,2.31
CUR016,2026-06-10T19:40:00,HW,4.52,Puerto Montt,2026-06-10T21:45:00,5.25
CUR016,2026-06-11T01:56:00,LW,2.1,Puerto Montt,2026-06-11T04:01:00,1.98
CUR016,2026-06-11T08:14:00,HW,5.06,Puerto Montt,2026-06-11T10:19:00,5.79
CUR016,2026-06-11T14:38:00,LW,2.01,Puerto Montt,2026-06-11T16:43:00,1.89
CUR016,2026-06-11T20:40:00,HW,4.78,Puerto Montt,2026-06-11T22:45:00,5.51
CUR016,2026-06-12T02:49:00,LW,1.85,Puerto Montt,2026-06-12T04:54:00,1.73
CUR016,2026-06-12T09:05:00,HW,5.51,Puerto Montt,2026-06-12T11:10:00,6.24
CUR016,2026-06-12T15:33:00,LW,1.58,Puerto Montt,2026-06-12T17:38:00,1.46
CUR016,2026-06-12T21:36:00,HW,5.04,Puerto Montt,2026-06-12T23:41:00,5.77
CUR016,2026-06-13T03:40:00,LW,1.63,Puerto Montt,2026-06-13T05:45:00,1.51
CUR016,2026-06-13T09:55:00,HW,5.91,Puerto Montt,2026-06-13T12:00:00,6.64
CUR016,2026-06-13T16:25:00,LW,1.21,Puerto Montt,2026-06-13T18:30:00,1.09
CUR016,2026-06-13T22:30:00,HW,5.25,Puerto Montt,2026-06-14T00:35:00,5.98
CUR016,2026-06-14T04:31:00,LW,1.47,Puerto Montt,2026-06-14T06:36:00,1.35
CUR016,2026-06-14T10:45:00,HW,6.21,Puerto Montt,2026-06-14T12:50:00,6.94
CUR016,2026-06-14T17:17:00,LW,0.95,Puerto Montt,2026-06-14T19:22:00,0.83
CUR016,2026-06-14T23:23:00,HW,5.39,Puerto Montt,2026-06-15T01:28:00,6.12
CUR016,2026-06-15T05:21:00,LW,1.37,Puerto Montt,2026-06-15T07:26:00,1.25
CUR016,2026-06-15T11:35:00,HW,6.39,Puerto Montt,2026-06-15T13:40:00,7.12
CUR016,2026-06-15T18:07:00,LW,0.81,Puerto Montt,2026-06-15T20:12:00,0.69
CUR016,2026-06-16T00:14:00,HW,5.44,Puerto Montt,2026-06-16T02:19:00,6.17
CUR016,2026-06-16T06:11:00,LW,1.35,Puerto Montt,2026-06-16T08:16:00,1.23
CUR016,2026-06-16T12:25:00,HW,6.42,Puerto Montt,2026-06-16T14:30:00,7.15
CUR016,2026-06-16T18:57:00,LW,0.79,Puerto Montt,2026-06-16T21:02:00,0.67
CUR016,2026-06-17T01:04:00,HW,5.41,Puerto Montt,2026-06-17T03:09:00,6.14
CUR016,2026-06-17T07:01:00,LW,1.4,Puerto Montt,2026-06-17T09:06:00,1.28
CUR016,2026-06-17T13:14:00,HW,6.3,Puerto Montt,2026-06-17T15:19:00,7.03
CUR016,2026-06-17T19:47:00,LW,0.9,Puerto Montt,2026-06-17T21:52:00,0.78
CUR016,2026-06-18T01:53:00,HW,5.3,Puerto Montt,2026-06-18T03:58:00,6.03
CUR016,2026-06-18T07:52:00,LW,1.53,Puerto Montt,2026-06-18T09:57:00,1.41
CUR016,2026-06-18T14:04:00,HW,6.06,Puerto Montt,2026-06-18T16:09:00,6.79
CUR016,2026-06-18T20:35:00,LW,1.1,Puerto Montt,2026-06-18T22:40:00,0.98
CUR016,2026-06-19T02:43:00,HW,5.14,Puerto Montt,2026-06-19T04:48:00,5.87
CUR016,2026-06-19T08:43:00,LW,1.72,Puerto Montt,2026-06-19T10:48:00,1.6
CUR016,2026-06-19T14:54:00,HW,5.71,Puerto Montt,2026-06-19T16:59:00,6.44
CUR016,2026-06-19T21:24:00,LW,1.37,Puerto Montt,2026-06-19T23:29:00,1.25
CUR016,2026-06-20T03:35:00,HW,4.94,Puerto Montt,2026-06-20T05:40:00,5.67
CUR016,2026-06-20T09:36:00,LW,1.97,Puerto Montt,2026-06-20T11:41:00,1.85
CUR016,2026-06-20T15:46:00,HW,5.3,Puerto Montt,2026-06-20T17:51:00,6.03
CUR016,2026-06-20T22:15:00,LW,1.68,Puerto Montt,2026-06-21T00:20:00,1.56
CUR016,2026-06-21T04:30:00,HW,4.75,Puerto Montt,2026-06-21T06:35:00,5.48
CUR016,2026-06-21T10:34:00,LW,2.22,Puerto Montt,2026-06-21T12:39:00,2.1
CUR016,2026-06-21T16:42:00,HW,4.89,Puerto Montt,2026-06-21T18:47:00,5.62
CUR016,2026-06-21T23:09:00,LW,1.99,Puerto Montt,2026-06-22T01:14:00,1.87
CUR016,2026-06-22T05:29:00,HW,4.62,Puerto Montt,2026-06-22T07:34:00,5.35
CUR016,2026-06-22T11:38:00,LW,2.44,Puerto Montt,2026-06-22T13:43:00,2.32
CUR016,2026-06-22T17:46:00,HW,4.54,Puerto Montt,2026-06-22T19:51:00,5.27
CUR016,2026-06-23T00:09:00,LW,2.24,Puerto Montt,2026-06-23T02:14:00,2.12
CUR016,2026-06-23T06:33:00,HW,4.57,Puerto Montt,2026-06-23T08:38:00,5.3
CUR016,2026-06-23T12:51:00,LW,2.54,Puerto Montt,2026-06-23T14:56:00,2.42
CUR016,2026-06-23T18:55:00,HW,4.31,Puerto Montt,2026-06-23T21:00:00,5.04
CUR016,2026-06-24T01:12:00,LW,2.4,Puerto Montt,2026-06-24T03:17:00,2.28
CUR016,2026-06-24T07:36:00,HW,4.64,Puerto Montt,2026-06-24T09:41:00,5.37
CUR016,2026-06-24T14:04:00,LW,2.49,Puerto Montt,2026-06-24T16:09:00,2.37
CUR016,2026-06-24T20:05:00,HW,4.23,Puerto Montt,2026-06-24T22:10:00,4.96
CUR016,2026-06-25T02:13:00,LW,2.46,Puerto Montt,2026-06-25T04:18:00,2.34
CUR016,2026-06-25T08:34:00,HW,4.79,Puerto Montt,2026-06-25T10:39:00,5.52
CUR016,2026-06-25T15:06:00,LW,2.33,Puerto Montt,2026-06-25T17:11:00,2.21
CUR016,2026-06-25T21:07:00,HW,4.29,Puerto Montt,2026-06-25T23:12:00,5.02
CUR016,2026-06-26T03:06:00,LW,2.43,Puerto Montt,2026-06-26T05:11:00,2.31
CUR016,2026-06-26T09:24:00,HW,4.98,Puerto Montt,2026-06-26T11:29:00,5.71
CUR016,2026-06-26T15:57:00,LW,2.14,Puerto Montt,2026-06-26T18:02:00,2.02
CUR016,2026-06-26T21:57:00,HW,4.4,Puerto Montt,2026-06-27T00:02:00,5.13
CUR016,2026-06-27T03:50:00,LW,2.37,Puerto Montt,2026-06-27T05:55:00,2.25
CUR016,2026-06-27T10:06:00,HW,5.16,Puerto Montt,2026-06-27T12:11:00,5.89
CUR016,2026-06-27T16:39:00,LW,1.98,Puerto Montt,2026-06-27T18:44:00,1.86
CUR016,2026-06-27T22:39:00,HW,4.52,Puerto Montt,2026-06-28T00:44:00,5.25
CUR016,2026-06-28T04:29:00,LW,2.29,Puerto Montt,2026-06-28T06:34:00,2.17
CUR016,2026-06-28T10:43:00,HW,5.3,Puerto Montt,2026-06-28T12:48:00,6.03
CUR016,2026-06-28T17:14:00,LW,1.87,Puerto Montt,2026-06-28T19:19:00,1.75
CUR016,2026-06-28T23:15:00,HW,4.61,Puerto Montt,2026-06-29T01:20:00,5.34
CUR016,2026-06-29T05:04:00,LW,2.23,Puerto Montt,2026-06-29T07:09:00,2.11
CUR016,2026-06-29T11:17:00,HW,5.38,Puerto Montt,2026-06-29T13:22:00,6.11
CUR016,2026-06-29T17:47:00,LW,1.81,Puerto Montt,2026-06-29T19:52:00,1.69
CUR016,2026-06-29T23:47:00,HW,4.66,Puerto Montt,2026-06-30T01:52:00,5.39
CUR016,2026-06-30T05:36:00,LW,2.18,Puerto Montt,2026-06-30T07:41:00,2.06
CUR016,2026-06-30T11:48:00,HW,5.41,Puerto Montt,2026-06-30T13:53:00,6.14
CUR016,2026-06-30T18:17:00,LW,1.79,Puerto Montt,2026-06-30T20:22:00,1.67
CUR016,2026-07-01T00:18:00,HW,4.66,Puerto Montt,2026-07-01T02:23:00,5.39
CUR016,2026-07-01T06:07:00,LW,2.17,Puerto Montt,2026-07-01T08:12:00,2.05
CUR016,2026-07-01T12:18:00,HW,5.38,Puerto Montt,2026-07-01T14:23:00,6.11
CUR016,2026-07-01T18:47:00,LW,1.8,Puerto Montt,2026-07-01T20:52:00,1.68
CUR016,2026-07-02T00:48:00,HW,4.62,Puerto Montt,2026-07-02T02:53:00,5.35
CUR016,2026-07-02T06:39:00,LW,2.18,Puerto Montt,2026-07-02T08:44:00,2.06
CUR016,2026-07-02T12:49:00,HW,5.3,Puerto Montt,2026-07-02T14:54:00,6.03
CUR016,2026-07-02T19:17:00,LW,1.86,Puerto Montt,2026-07-02T21:22:00,1.74
CUR016,2026-07-03T01:19:00,HW,4.55,Puerto Montt,2026-07-03T03:24:00,5.28
CUR016,2026-07-03T07:12:00,LW,2.23,Puerto Montt,2026-07-03T09:17:00,2.11
CUR016,2026-07-03T13:21:00,HW,5.17,Puerto Montt,2026-07-03T15:26:00,5.9
CUR016,2026-07-03T19:49:00,LW,1.94,Puerto Montt,2026-07-03T21:54:00,1.82
CUR016,2026-07-04T01:52:00,HW,4.46,Puerto Montt,2026-07-04T03:57:00,5.19
CUR016,2026-07-04T07:48:00,LW,2.32,Puerto Montt,2026-07-04T09:53:00,2.2
CUR016,2026-07-04T13:56:00,HW,4.99,Puerto Montt,2026-07-04T16:01:00,5.72
CUR016,2026-07-04T20:24:00,LW,2.05,Puerto Montt,2026-07-04T22:29:00,1.93
CUR016,2026-07-05T02:30:00,HW,4.39,Puerto Montt,2026-07-05T04:35:00,5.12
CUR016,2026-07-05T08:29:00,LW,2.43,Puerto Montt,2026-07-05T10:34:00,2.31
CUR016,2026-07-05T14:35:00,HW,4.79,Puerto Montt,2026-07-05T16:40:00,5.52
CUR016,2026-07-05T21:03:00,LW,2.18,Puerto Montt,2026-07-05T23:08:00,2.06
CUR016,2026-07-06T03:14:00,HW,4.34,Puerto Montt,2026-07-06T05:19:00,5.07
CUR016,2026-07-06T09:17:00,LW,2.56,Puerto Montt,2026-07-06T11:22:00,2.44
CUR016,2026-07-06T15:22:00,HW,4.56,Puerto Montt,2026-07-06T17:27:00,5.29
CUR016,2026-07-06T21:49:00,LW,2.31,Puerto Montt,2026-07-06T23:54:00,2.19
CUR016,2026-07-07T04:08:00,HW,4.34,Puerto Montt,2026-07-07T06:13:00,5.07
CUR016,2026-07-07T10:15:00,LW,2.68,Puerto Montt,2026-07-07T12:20:00,2.56
CUR016,2026-07-07T16:21:00,HW,4.34,Puerto Montt,2026-07-07T18:26:00,5.07
CUR016,2026-07-07T22:45:00,LW,2.44,Puerto Montt,2026-07-08T00:50:00,2.32
CUR016,2026-07-08T05:13:00,HW,4.41,Puerto Montt,2026-07-08T07:18:00,5.14
CUR016,2026-07-08T11:28:00,LW,2.72,Puerto Montt,2026-07-08T13:33:00,2.6
CUR016,2026-07-08T17:34:00,HW,4.18,Puerto Montt,2026-07-08T19:39:00,4.91
CUR016,2026-07-08T23:54:00,LW,2.52,Puerto Montt,2026-07-09T01:59:00,2.4
CUR016,2026-07-09T06:24:00,HW,4.58,Puerto Montt,2026-07-09T08:29:00,5.31
CUR016,2026-07-09T12:52:00,LW,2.61,Puerto Montt,2026-07-09T14:57:00,2.49
CUR016,2026-07-09T18:58:00,HW,4.18,Puerto Montt,2026-07-09T21:03:00,4.91
CUR016,2026-07-10T01:10:00,LW,2.49,Puerto Montt,2026-07-10T03:15:00,2.37
CUR016,2026-07-10T07:36:00,HW,4.87,Puerto Montt,2026-07-10T09:41:00,5.6
CUR016,2026-07-10T14:13:00,LW,2.31,Puerto Montt,2026-07-10T16:18:00,2.19
CUR016,2026-07-10T20:18:00,HW,4.35,Puerto Montt,2026-07-10T22:23:00,5.08
CUR016,2026-07-11T02:23:00,LW,2.32,Puerto Montt,2026-07-11T04:28:00,2.2
CUR016,2026-07-11T08:43:00,HW,5.26,Puerto Montt,2026-07-11T10:48:00,5.99
CUR016,2026-07-11T15:22:00,LW,1.88,Puerto Montt,2026-07-11T17:27:00,1.76
CUR016,2026-07-11T21:28:00,HW,4.66,Puerto Montt,2026-07-11T23:33:00,5.39
CUR016,2026-07-12T03:27:00,LW,2.04,Puerto Montt,2026-07-12T05:32:00,1.92
CUR016,2026-07-12T09:45:00,HW,5.7,Puerto Montt,2026-07-12T11:50:00,6.43
CUR016,2026-07-12T16:21:00,LW,1.41,Puerto Montt,2026-07-12T18:26:00,1.29
CUR016,2026-07-12T22:28:00,HW,5.02,Puerto Montt,2026-07-13T00:33:00,5.75
CUR016,2026-07-13T04:25:00,LW,1.71,Puerto Montt,2026-07-13T06:30:00,1.59
CUR016,2026-07-13T10:40:00,HW,6.1,Puerto Montt,2026-07-13T12:45:00,6.83
CUR016,2026-07-13T17:14:00,LW,1.0,Puerto Montt,2026-07-13T19:19:00,0.88
CUR016,2026-07-13T23:20:00,HW,5.35,Puerto Montt,2026-07-14T01:25:00,6.08
CUR016,2026-07-14T05:18:00,LW,1.39,Puerto Montt,2026-07-14T07:23:00,1.27
CUR016,2026-07-14T11:31:00,HW,6.41,Puerto Montt,2026-07-14T13:36:00,7.14
CUR016,2026-07-14T18:02:00,LW,0.7,Puerto Montt,2026-07-14T20:07:00,0.58
CUR016,2026-07-15T00:08:00,HW,5.58,Puerto Montt,2026-07-15T02:13:00,6.31
CUR016,2026-07-15T06:07:00,LW,1.16,Puerto Montt,2026-07-15T08:12:00,1.04
CUR016,2026-07-15T12:18:00,HW,6.56,Puerto Montt,2026-07-15T14:23:00,7.29
CUR016,2026-07-15T18:47:00,LW,0.57,Puerto Montt,2026-07-15T20:52:00,0.45
CUR016,2026-07-16T00:52:00,HW,5.68,Puerto Montt,2026-07-16T02:57:00,6.41
CUR016,2026-07-16T06:52:00,LW,1.05,Puerto Montt,2026-07-16T08:57:00,0.93
CUR016,2026-07-16T13:02:00,HW,6.51,Puerto Montt,2026-07-16T15:07:00,7.24
CUR016,2026-07-16T19:29:00,LW,0.62,Puerto Montt,2026-07-16T21:34:00,0.5
CUR016,2026-07-17T01:34:00,HW,5.65,Puerto Montt,2026-07-17T03:39:00,6.38
CUR016,2026-07-17T07:36:00,LW,1.11,Puerto Montt,2026-07-17T09:41:00,0.99
CUR016,2026-07-17T13:44:00,HW,6.27,Puerto Montt,2026-07-17T15:49:00,7.0
CUR016,2026-07-17T20:09:00,LW,0.83,Puerto Montt,2026-07-17T22:14:00,0.71
CUR016,2026-07-18T02:15:00,HW,5.49,Puerto Montt,2026-07-18T04:20:00,6.22
CUR016,2026-07-18T08:18:00,LW,1.34,Puerto Montt,2026-07-18T10:23:00,1.22
CUR016,2026-07-18T14:25:00,HW,5.86,Puerto Montt,2026-07-18T16:30:00,6.59
CUR016,2026-07-18T20:48:00,LW,1.19,Puerto Montt,2026-07-18T22:53:00,1.07
CUR016,2026-07-19T02:56:00,HW,5.23,Puerto Montt,2026-07-19T05:01:00,5.96
CUR016,2026-07-19T09:01:00,LW,1.69,Puerto Montt,2026-07-19T11:06:00,1.57
CUR016,2026-07-19T15:06:00,HW,5.34,Puerto Montt,2026-07-19T17:11:00,6.07
CUR016,2026-07-19T21:27:00,LW,1.64,Puerto Montt,2026-07-19T23:32:00,1.52
CUR016,2026-07-20T03:39:00,HW,4.92,Puerto Montt,2026-07-20T05:44:00,5.65
CUR016,2026-07-20T09:46:00,LW,2.13,Puerto Montt,2026-07-20T11:51:00,2.01
CUR016,2026-07-20T15:50:00,HW,4.78,Puerto Montt,2026-07-20T17:55:00,5.51
CUR016,2026-07-20T22:08:00,LW,2.13,Puerto Montt,2026-07-21T00:13:00,2.01
CUR016,2026-07-21T04:27:00,HW,4.59,Puerto Montt,2026-07-21T06:32:00,5.32
CUR016,2026-07-21T10:40:00,LW,2.57,Puerto Montt,2026-07-21T12:45:00,2.45
CUR016,2026-07-21T16:44:00,HW,4.23,Puerto Montt,2026-07-21T18:49:00,4.96
CUR016,2026-07-21T22:59:00,LW,2.6,Puerto Montt,2026-07-22T01:04:00,2.48
CUR016,2026-07-22T05:29:00,HW,4.33,Puerto Montt,2026-07-22T07:34:00,5.06
CUR016,2026-07-22T11:57:00,LW,2.91,Puerto Montt,2026-07-22T14:02:00,2.79
CUR016,2026-07-22T18:00:00,HW,3.82,Puerto Montt,2026-07-22T20:05:00,4.55
CUR016,2026-07-23T00:11:00,LW,2.95,Puerto Montt,2026-07-23T02:16:00,2.83
CUR016,2026-07-23T06:49:00,HW,4.23,Puerto Montt,2026-07-23T08:54:00,4.96
CUR016,2026-07-23T13:37:00,LW,2.97,Puerto Montt,2026-07-23T15:42:00,2.85
CUR016,2026-07-23T19:40:00,HW,3.7,Puerto Montt,2026-07-23T21:45:00,4.43
CUR016,2026-07-24T01:40:00,LW,3.06,Puerto Montt,2026-07-24T03:45:00,2.94
CUR016,2026-07-24T08:10:00,HW,4.36,Puerto Montt,2026-07-24T10:15:00,5.09
CUR016,2026-07-24T14:59:00,LW,2.75,Puerto Montt,2026-07-24T17:04:00,2.63
CUR016,2026-07-24T21:02:00,HW,3.88,Puerto Montt,2026-07-24T23:07:00,4.61
CUR016,2026-07-25T02:52:00,LW,2.92,Puerto Montt,2026-07-25T04:57:00,2.8
CUR016,2026-07-25T09:12:00,HW,4.63,Puerto Montt,2026-07-25T11:17:00,5.36
CUR016,2026-07-25T15:53:00,LW,2.43,Puerto Montt,2026-07-25T17:58:00,2.31
CUR016,2026-07-25T21:54:00,HW,4.16,Puerto Montt,2026-07-25T23:59:00,4.89
CUR016,2026-07-26T03:43:00,LW,2.68,Puerto Montt,2026-07-26T05:48:00,2.56
CUR016,2026-07-26T09:57:00,HW,4.94,Puerto Montt,2026-07-26T12:02:00,5.67
CUR016,2026-07-26T16:31:00,LW,2.12,Puerto Montt,2026-07-26T18:36:00,2.0
CUR016,2026-07-26T22:32:00,HW,4.44,Puerto Montt,2026-07-27T00:37:00,5.17
CUR016,2026-07-27T04:22:00,LW,2.41,Puerto Montt,2026-07-27T06:27:00,2.29
CUR016,2026-07-27T10:34:00,HW,5.21,Puerto Montt,2026-07-27T12:39:00,5.94
CUR016,2026-07-27T17:03:00,LW,1.86,Puerto Montt,2026-07-27T19:08:00,1.74
CUR016,2026-07-27T23:04:00,HW,4.67,Puerto Montt,2026-07-28T01:09:00,5.4
CUR016,2026-07-28T04:55:00,LW,2.15,Puerto Montt,2026-07-28T07:00:00,2.03
CUR016,2026-07-28T11:05:00,HW,5.43,Puerto Montt,2026-07-28T13:10:00,6.16
CUR016,2026-07-28T17:33:00,LW,1.66,Puerto Montt,2026-07-28T19:38:00,1.54
CUR016,2026-07-28T23:33:00,HW,4.85,Puerto Montt,2026-07-29T01:38:00,5.58
CUR016,2026-07-29T05:26:00,LW,1.95,Puerto Montt,2026-07-29T07:31:00,1.83
CUR016,2026-07-29T11:35:00,HW,5.58,Puerto Montt,2026-07-29T13:40:00,6.31
CUR016,2026-07-29T18:01:00,LW,1.51,Puerto Montt,2026-07-29T20:06:00,1.39
CUR016,2026-07-30T00:01:00,HW,4.96,Puerto Montt,2026-07-30T02:06:00,5.69
CUR016,2026-07-30T05:57:00,LW,1.8,Puerto Montt,2026-07-30T08:02:00,1.68
CUR016,2026-07-30T12:05:00,HW,5.64,Puerto Montt,2026-07-30T14:10:00,6.37
CUR016,2026-07-30T18:29:00,LW,1.44,Puerto Montt,2026-07-30T20:34:00,1.32
CUR016,2026-07-31T00:30:00,HW,5.01,Puerto Montt,2026-07-31T02:35:00,5.74
CUR016,2026-07-31T06:27:00,LW,1.73,Puerto Montt,2026-07-31T08:32:00,1.61
CUR016,2026-07-31T12:34:00,HW,5.62,Puerto Montt,2026-07-31T14:39:00,6.35
CUR016,2026-07-31T18:57:00,LW,1.44,Puerto Montt,2026-07-31T21:02:00,1.32
CUR016,2026-08-01T00:59:00,HW,5.01,Puerto Montt,2026-08-01T03:04:00,5.74
CUR016,2026-08-01T06:59:00,LW,1.73,Puerto Montt,2026-08-01T09:04:00,1.61
CUR016,2026-08-01T13:05:00,HW,5.51,Puerto Montt,2026-08-01T15:10:00,6.24
CUR016,2026-08-01T19:26:00,LW,1.52,Puerto Montt,2026-08-01T21:31:00,1.4
CUR016,2026-08-02T01:29:00,HW,4.98,Puerto Montt,2026-08-02T03:34:00,5.71
CUR016,2026-08-02T07:33:00,LW,1.81,Puerto Montt,2026-08-02T09:38:00,1.69
CUR016,2026-08-02T13:37:00,HW,5.32,Puerto Montt,2026-08-02T15:42:00,6.05
CUR016,2026-08-02T19:57:00,LW,1.66,Puerto Montt,2026-08-02T22:02:00,1.54
CUR016,2026-08-03T02:02:00,HW,4.92,Puerto Montt,2026-08-03T04:07:00,5.65
CUR016,2026-08-03T08:09:00,LW,1.96,Puerto Montt,2026-08-03T10:14:00,1.84
CUR016,2026-08-03T14:12:00,HW,5.06,Puerto Montt,2026-08-03T16:17:00,5.79
CUR016,2026-08-03T20:30:00,LW,1.87,Puerto Montt,2026-08-03T22:35:00,1.75
CUR016,2026-08-04T02:40:00,HW,4.84,Puerto Montt,2026-08-04T04:45:00,5.57
CUR016,2026-08-04T08:50:00,LW,2.18,Puerto Montt,2026-08-04T10:55:00,2.06
CUR016,2026-08-04T14:52:00,HW,4.74,Puerto Montt,2026-08-04T16:57:00,5.47
CUR016,2026-08-04T21:08:00,LW,2.13,Puerto Montt,2026-08-04T23:13:00,2.01
CUR016,2026-08-05T03:24:00,HW,4.72,Puerto Montt,2026-08-05T05:29:00,5.45
CUR016,2026-08-05T09:40:00,LW,2.44,Puerto Montt,2026-08-05T11:45:00,2.32
CUR016,2026-08-05T15:42:00,HW,4.38,Puerto Montt,2026-08-05T17:47:00,5.11
CUR016,2026-08-05T21:56:00,LW,2.44,Puerto Montt,2026-08-06T00:01:00,2.32
CUR016,2026-08-06T04:22:00,HW,4.59,Puerto Montt,2026-08-06T06:27:00,5.32
CUR016,2026-08-06T10:47:00,LW,2.69,Puerto Montt,2026-08-06T12:52:00,2.57
CUR016,2026-08-06T16:52:00,HW,4.03,Puerto Montt,2026-08-06T18:57:00,4.76
CUR016,2026-08-06T23:04:00,LW,2.74,Puerto Montt,2026-08-07T01:09:00,2.62
CUR016,2026-08-07T05:41:00,HW,4.52,Puerto Montt,2026-08-07T07:46:00,5.25
CUR016,2026-08-07T12:24:00,LW,2.78,Puerto Montt,2026-08-07T14:29:00,2.66
CUR016,2026-08-07T18:35:00,HW,3.88,Puerto Montt,2026-08-07T20:40:00,4.61
CUR016,2026-08-08T00:41:00,LW,2.87,Puerto Montt,2026-08-08T02:46:00,2.75
CUR016,2026-08-08T07:15:00,HW,4.66,Puerto Montt,2026-08-08T09:20:00,5.39
CUR016,2026-08-08T14:07:00,LW,2.51,Puerto Montt,2026-08-08T16:12:00,2.39
CUR016,2026-08-08T20:18:00,HW,4.1,Puerto Montt,2026-08-08T22:23:00,4.83
CUR016,2026-08-09T02:16:00,LW,2.65,Puerto Montt,2026-08-09T04:21:00,2.53
CUR016,2026-08-09T08:38:00,HW,5.07,Puerto Montt,2026-08-09T10:43:00,5.8
CUR016,2026-08-09T15:22:00,LW,1.97,Puerto Montt,2026-08-09T17:27:00,1.85
CUR016,2026-08-09T21:31:00,HW,4.57,Puerto Montt,2026-08-09T23:36:00,5.3
CUR016,2026-08-10T03:28:00,LW,2.18,Puerto Montt,2026-08-10T05:33:00,2.06
CUR016,2026-08-10T09:43:00,HW,5.6,Puerto Montt,2026-08-10T11:48:00,6.33
CUR016,2026-08-10T16:18:00,LW,1.39,Puerto Montt,2026-08-10T18:23:00,1.27
CUR016,2026-08-10T22:25:00,HW,5.08,Puerto Montt,2026-08-11T00:30:00,5.81
CUR016,2026-08-11T04:23:00,LW,1.64,Puerto Montt,2026-08-11T06:28:00,1.52
CUR016,2026-08-11T10:35:00,HW,6.11,Puerto Montt,2026-08-11T12:40:00,6.84
CUR016,2026-08-11T17:05:00,LW,0.88,Puerto Montt,2026-08-11T19:10:00,0.76
CUR016,2026-08-11T23:11:00,HW,5.52,Puerto Montt,2026-08-12T01:16:00,6.25
CUR016,2026-08-12T05:11:00,LW,1.17,Puerto Montt,2026-08-12T07:16:00,1.05
CUR016,2026-08-12T11:21:00,HW,6.48,Puerto Montt,2026-08-12T13:26:00,7.21
CUR016,2026-08-12T17:47:00,LW,0.54,Puerto Montt,2026-08-12T19:52:00,0.42
CUR016,2026-08-12T23:52:00,HW,5.83,Puerto Montt,2026-08-13T01:57:00,6.56
CUR016,2026-08-13T05:54:00,LW,0.85,Puerto Montt,2026-08-13T07:59:00,0.73
CUR016,2026-08-13T12:02:00,HW,6.64,Puerto Montt,2026-08-13T14:07:00,7.37
CUR016,2026-08-13T18:26:00,LW,0.41,Puerto Montt,2026-08-13T20:31:00,0.29
CUR016,2026-08-14T00:30:00,HW,5.96,Puerto Montt,2026-08-14T02:35:00,6.69
CUR016,2026-08-14T06:34:00,LW,0.74,Puerto Montt,2026-08-14T08:39:00,0.62
CUR016,2026-08-14T12:41:00,HW,6.56,Puerto Montt,2026-08-14T14:46:00,7.29
CUR016,2026-08-14T19:02:00,LW,0.5,Puerto Montt,2026-08-14T21:07:00,0.38
CUR016,2026-08-15T01:05:00,HW,5.92,Puerto Montt,2026-08-15T03:10:00,6.65
CUR016,2026-08-15T07:11:00,LW,0.85,Puerto Montt,2026-08-15T09:16:00,0.73
CUR016,2026-08-15T13:17:00,HW,6.25,Puerto Montt,2026-08-15T15:22:00,6.98
CUR016,2026-08-15T19:35:00,LW,0.8,Puerto Montt,2026-08-15T21:40:00,0.68
CUR016,2026-08-16T01:40:00,HW,5.72,Puerto Montt,2026-08-16T03:45:00,6.45
CUR016,2026-08-16T07:47:00,LW,1.16,Puerto Montt,2026-08-16T09:52:00,1.04
CUR016,2026-08-16T13:51:00,HW,5.78,Puerto Montt,2026-08-16T15:56:00,6.51
CUR016,2026-08-16T20:06:00,LW,1.23,Puerto Montt,2026-08-16T22:11:00,1.11
CUR016,2026-08-17T02:13:00,HW,5.4,Puerto Montt,2026-08-17T04:18:00,6.13
CUR016,2026-08-17T08:22:00,LW,1.61,Puerto Montt,2026-08-17T10:27:00,1.49
CUR016,2026-08-17T14:24:00,HW,5.2,Puerto Montt,2026-08-17T16:29:00,5.93
CUR016,2026-08-17T20:36:00,LW,1.76,Puerto Montt,2026-08-17T22:41:00,1.64
CUR016,2026-08-18T02:46:00,HW,5.0,Puerto Montt,2026-08-18T04:51:00,5.73
CUR016,2026-08-18T08:58:00,LW,2.15,Puerto Montt,2026-08-18T11:03:00,2.03
CUR016,2026-08-18T14:59:00,HW,4.59,Puerto Montt,2026-08-18T17:04:00,5.32
CUR016,2026-08-18T21:06:00,LW,2.33,Puerto Montt,2026-08-18T23:11:00,2.21
CUR016,2026-08-19T03:23:00,HW,4.58,Puerto Montt,2026-08-19T05:28:00,5.31
CUR016,2026-08-19T09:41:00,LW,2.7,Puerto Montt,2026-08-19T11:46:00,2.58
CUR016,2026-08-19T15:40:00,HW,3.99,Puerto Montt,2026-08-19T17:45:00,4.72
CUR016,2026-08-19T21:41:00,LW,2.88,Puerto Montt,2026-08-19T23:46:00,2.76
CUR016,2026-08-20T04:14:00,HW,4.17,Puerto Montt,2026-08-20T06:19:00,4.9
CUR016,2026-08-20T10:50:00,LW,3.18,Puerto Montt,2026-08-20T12:55:00,3.06
CUR016,2026-08-20T16:54:00,HW,3.49,Puerto Montt,2026-08-20T18:59:00,4.22
CUR016,2026-08-20T22:45:00,LW,3.36,Puerto Montt,2026-08-21T00:50:00,3.24
CUR016,2026-08-21T05:51:00,HW,3.9,Puerto Montt,2026-08-21T07:56:00,4.63
CUR016,2026-08-21T13:18:00,LW,3.31,Puerto Montt,2026-08-21T15:23:00,3.19
CUR016,2026-08-21T19:30:00,HW,3.38,Puerto Montt,2026-08-21T21:35:00,4.11
CUR016,2026-08-22T01:18:00,LW,3.5,Puerto Montt,2026-08-22T03:23:00,3.38
CUR016,2026-08-22T07:52:00,HW,4.02,Puerto Montt,2026-08-22T09:57:00,4.75
CUR016,2026-08-22T14:55:00,LW,2.97,Puerto Montt,2026-08-22T17:00:00,2.85
CUR016,2026-08-22T21:00:00,HW,3.72,Puerto Montt,2026-08-22T23:05:00,4.45
CUR016,2026-08-23T02:45:00,LW,3.18,Puerto Montt,2026-08-23T04:50:00,3.06
CUR016,2026-08-23T08:59:00,HW,4.4,Puerto Montt,2026-08-23T11:04:00,5.13
CUR016,2026-08-23T15:39:00,LW,2.54,Puerto Montt,2026-08-23T17:44:00,2.42
CUR016,2026-08-23T21:42:00,HW,4.13,Puerto Montt,2026-08-23T23:47:00,4.86
CUR016,2026-08-24T03:31:00,LW,2.76,Puerto Montt,2026-08-24T05:36:00,2.64
CUR016,2026-08-24T09:41:00,HW,4.81,Puerto Montt,2026-08-24T11:46:00,5.54
CUR016,2026-08-24T16:11:00,LW,2.14,Puerto Montt,2026-08-24T18:16:00,2.02
CUR016,2026-08-24T22:13:00,HW,4.5,Puerto Montt,2026-08-25T00:18:00,5.23
CUR016,2026-08-25T04:05:00,LW,2.34,Puerto Montt,2026-08-25T06:10:00,2.22
CUR016,2026-08-25T10:13:00,HW,5.19,Puerto Montt,2026-08-25T12:18:00,5.92
CUR016,2026-08-25T16:39:00,LW,1.77,Puerto Montt,2026-08-25T18:44:00,1.65
CUR016,2026-08-25T22:41:00,HW,4.84,Puerto Montt,2026-08-26T00:46:00,5.57
CUR016,2026-08-26T04:36:00,LW,1.96,Puerto Montt,2026-08-26T06:41:00,1.84
CUR016,2026-08-26T10:43:00,HW,5.5,Puerto Montt,2026-08-26T12:48:00,6.23
CUR016,2026-08-26T17:06:00,LW,1.46,Puerto Montt,2026-08-26T19:11:00,1.34
CUR016,2026-08-26T23:08:00,HW,5.11,Puerto Montt,2026-08-27T01:13:00,5.84
CUR016,2026-08-27T05:06:00,LW,1.63,Puerto Montt,2026-08-27T07:11:00,1.51
CUR016,2026-08-27T11:13:00,HW,5.73,Puerto Montt,2026-08-27T13:18:00,6.46
CUR016,2026-08-27T17:33:00,LW,1.24,Puerto Montt,2026-08-27T19:38:00,1.12
CUR016,2026-08-27T23:35:00,HW,5.32,Puerto Montt,2026-08-28T01:40:00,6.05
CUR016,2026-08-28T05:37:00,LW,1.4,Puerto Montt,2026-08-28T07:42:00,1.28
CUR016,2026-08-28T11:42:00,HW,5.85,Puerto Montt,2026-08-28T13:47:00,6.58
CUR016,2026-08-28T18:01:00,LW,1.11,Puerto Montt,2026-08-28T20:06:00,0.99
CUR016,2026-08-29T00:04:00,HW,5.45,Puerto Montt,2026-08-29T02:09:00,6.18
CUR016,2026-08-29T06:08:00,LW,1.28,Puerto Montt,2026-08-29T08:13:00,1.16
CUR016,2026-08-29T12:13:00,HW,5.85,Puerto Montt,2026-08-29T14:18:00,6.58
CUR016,2026-08-29T18:30:00,LW,1.11,Puerto Montt,2026-08-29T20:35:00,0.99
CUR016,2026-08-30T00:33:00,HW,5.52,Puerto Montt,2026-08-30T02:38:00,6.25
CUR016,2026-08-30T06:40:00,LW,1.27,Puerto Montt,2026-08-30T08:45:00,1.15
CUR016,2026-08-30T12:44:00,HW,5.73,Puerto Montt,2026-08-30T14:49:00,6.46
CUR016,2026-08-30T18:59:00,LW,1.21,Puerto Montt,2026-08-30T21:04:00,1.09
CUR016,2026-08-31T01:03:00,HW,5.51,Puerto Montt,2026-08-31T03:08:00,6.24
CUR016,2026-08-31T07:14:00,LW,1.39,Puerto Montt,2026-08-31T09:19:00,1.27
CUR016,2026-08-31T13:16:00,HW,5.49,Puerto Montt,2026-08-31T15:21:00,6.22
CUR016,2026-08-31T19:29:00,LW,1.43,Puerto Montt,2026-08-31T21:34:00,1.31
CUR016,2026-09-01T01:36:00,HW,5.42,Puerto Montt,2026-09-01T03:41:00,6.15
CUR016,2026-09-01T07:50:00,LW,1.61,Puerto Montt,2026-09-01T09:55:00,1.49
CUR016,2026-09-01T13:51:00,HW,5.15,Puerto Montt,2026-09-01T15:56:00,5.88
CUR016,2026-09-01T20:02:00,LW,1.74,Puerto Montt,2026-09-01T22:07:00,1.62
CUR016,2026-09-02T02:12:00,HW,5.25,Puerto Montt,2026-09-02T04:17:00,5.98
CUR016,2026-09-02T08:30:00,LW,1.93,Puerto Montt,2026-09-02T10:35:00,1.81
CUR016,2026-09-02T14:31:00,HW,4.74,Puerto Montt,2026-09-02T16:36:00,5.47
CUR016,2026-09-02T20:39:00,LW,2.13,Puerto Montt,2026-09-02T22:44:00,2.01
CUR016,2026-09-03T02:55:00,HW,4.99,Puerto Montt,2026-09-03T05:00:00,5.72
CUR016,2026-09-03T09:20:00,LW,2.31,Puerto Montt,2026-09-03T11:25:00,2.19
CUR016,2026-09-03T15:21:00,HW,4.29,Puerto Montt,2026-09-03T17:26:00,5.02
CUR016,2026-09-03T21:26:00,LW,2.56,Puerto Montt,2026-09-03T23:31:00,2.44
CUR016,2026-09-04T03:54:00,HW,4.69,Puerto Montt,2026-09-04T05:59:00,5.42
CUR016,2026-09-04T10:30:00,LW,2.68,Puerto Montt,2026-09-04T12:35:00,2.56
CUR016,2026-09-04T16:39:00,HW,3.87,Puerto Montt,2026-09-04T18:44:00,4.6
CUR016,2026-09-04T22:42:00,LW,2.97,Puerto Montt,2026-09-05T00:47:00,2.85
CUR016,2026-09-05T05:23:00,HW,4.46,Puerto Montt,2026-09-05T07:28:00,5.19
CUR016,2026-09-05T12:23:00,LW,2.8,Puerto Montt,2026-09-05T14:28:00,2.68
CUR016,2026-09-05T18:44:00,HW,3.78,Puerto Montt,2026-09-05T20:49:00,4.51
CUR016,2026-09-06T00:42:00,LW,3.06,Puerto Montt,2026-09-06T02:47:00,2.94
CUR016,2026-09-06T07:13:00,HW,4.58,Puerto Montt,2026-09-06T09:18:00,5.31
CUR016,2026-09-06T14:09:00,LW,2.43,Puerto Montt,2026-09-06T16:14:00,2.31
CUR016,2026-09-06T20:24:00,HW,4.17,Puerto Montt,2026-09-06T22:29:00,4.9
CUR016,2026-09-07T02:20:00,LW,2.65,Puerto Montt,2026-09-07T04:25:00,2.53
CUR016,2026-09-07T08:36:00,HW,5.06,Puerto Montt,2026-09-07T10:41:00,5.79
CUR016,2026-09-07T15:15:00,LW,1.83,Puerto Montt,2026-09-07T17:20:00,1.71
CUR016,2026-09-07T21:25:00,HW,4.74,Puerto Montt,2026-09-07T23:30:00,5.47
CUR016,2026-09-08T03:23:00,LW,2.03,Puerto Montt,2026-09-08T05:28:00,1.91
CUR016,2026-09-08T09:34:00,HW,5.63,Puerto Montt,2026-09-08T11:39:00,6.36
CUR016,2026-09-08T16:04:00,LW,1.24,Puerto Montt,2026-09-08T18:09:00,1.12
CUR016,2026-09-08T22:11:00,HW,5.3,Puerto Montt,2026-09-09T00:16:00,6.03
CUR016,2026-09-09T04:12:00,LW,1.42,Puerto Montt,2026-09-09T06:17:00,1.3
CUR016,2026-09-09T10:21:00,HW,6.12,Puerto Montt,2026-09-09T12:26:00,6.85
CUR016,2026-09-09T16:45:00,LW,0.78,Puerto Montt,2026-09-09T18:50:00,0.66
CUR016,2026-09-09T22:50:00,HW,5.74,Puerto Montt,2026-09-10T00:55:00,6.47
CUR016,2026-09-10T04:54:00,LW,0.95,Puerto Montt,2026-09-10T06:59:00,0.83
CUR016,2026-09-10T11:02:00,HW,6.42,Puerto Montt,2026-09-10T13:07:00,7.15
CUR016,2026-09-10T17:22:00,LW,0.51,Puerto Montt,2026-09-10T19:27:00,0.39
CUR016,2026-09-10T23:27:00,HW,6.02,Puerto Montt,2026-09-11T01:32:00,6.75
CUR016,2026-09-11T05:33:00,LW,0.68,Puerto Montt,2026-09-11T07:38:00,0.56
CUR016,2026-09-11T11:39:00,HW,6.49,Puerto Montt,2026-09-11T13:44:00,7.22
CUR016,2026-09-11T17:57:00,LW,0.48,Puerto Montt,2026-09-11T20:02:00,0.36
CUR016,2026-09-12T00:01:00,HW,6.11,Puerto Montt,2026-09-12T02:06:00,6.84
CUR016,2026-09-12T06:09:00,LW,0.65,Puerto Montt,2026-09-12T08:14:00,0.53
CUR016,2026-09-12T12:14:00,HW,6.32,Puerto Montt,2026-09-12T14:19:00,7.05
CUR016,2026-09-12T18:28:00,LW,0.66,Puerto Montt,2026-09-12T20:33:00,0.54
CUR016,2026-09-13T00:33:00,HW,6.03,Puerto Montt,2026-09-13T02:38:00,6.76
CUR016,2026-09-13T06:43:00,LW,0.85,Puerto Montt,2026-09-13T08:48:00,0.73
CUR016,2026-09-13T12:47:00,HW,5.97,Puerto Montt,2026-09-13T14:52:00,6.7
CUR016,2026-09-13T18:57:00,LW,1.01,Puerto Montt,2026-09-13T21:02:00,0.89
CUR016,2026-09-14T01:03:00,HW,5.79,Puerto Montt,2026-09-14T03:08:00,6.52
CUR016,2026-09-14T07:16:00,LW,1.22,Puerto Montt,2026-09-14T09:21:00,1.1
CUR016,2026-09-14T13:17:00,HW,5.48,Puerto Montt,2026-09-14T15:22:00,6.21
CUR016,2026-09-14T19:24:00,LW,1.48,Puerto Montt,2026-09-14T21:29:00,1.36
CUR016,2026-09-15T01:31:00,HW,5.45,Puerto Montt,2026-09-15T03:36:00,6.18
CUR016,2026-09-15T07:46:00,LW,1.7,Puerto Montt,2026-09-15T09:51:00,1.58
CUR016,2026-09-15T13:46:00,HW,4.94,Puerto Montt,2026-09-15T15:51:00,5.67
CUR016,2026-09-15T19:48:00,LW,2.0,Puerto Montt,2026-09-15T21:53:00,1.88
CUR016,2026-09-16T01:59:00,HW,5.04,Puerto Montt,2026-09-16T04:04:00,5.77
CUR016,2026-09-16T08:17:00,LW,2.23,Puerto Montt,2026-09-16T10:22:00,2.11
CUR016,2026-09-16T14:15:00,HW,4.38,Puerto Montt,2026-09-16T16:20:00,5.11
CUR016,2026-09-16T20:11:00,LW,2.53,Puerto Montt,2026-09-16T22:16:00,2.41
CUR016,2026-09-17T02:28:00,HW,4.6,Puerto Montt,2026-09-17T04:33:00,5.33
CUR016,2026-09-17T08:51:00,LW,2.76,Puerto Montt,2026-09-17T10:56:00,2.64
CUR016,2026-09-17T14:49:00,HW,3.84,Puerto Montt,2026-09-17T16:54:00,4.57
CUR016,2026-09-17T20:37:00,LW,3.03,Puerto Montt,2026-09-17T22:42:00,2.91
CUR016,2026-09-18T03:06:00,HW,4.15,Puerto Montt,2026-09-18T05:11:00,4.88
CUR016,2026-09-18T09:46:00,LW,3.24,Puerto Montt,2026-09-18T11:51:00,3.12
CUR016,2026-09-18T15:50:00,HW,3.36,Puerto Montt,2026-09-18T17:55:00,4.09
CUR016,2026-09-18T21:21:00,LW,3.5,Puerto Montt,2026-09-18T23:26:00,3.38
CUR016,2026-09-19T04:32:00,HW,3.77,Puerto Montt,2026-09-19T06:37:00,4.5
CUR016,2026-09-19T12:40:00,LW,3.44,Puerto Montt,2026-09-19T14:45:00,3.32
CUR016,2026-09-19T19:09:00,HW,3.27,Puerto Montt,2026-09-19T21:14:00,4.0
CUR016,2026-09-20T00:42:00,LW,3.7,Puerto Montt,2026-09-20T02:47:00,3.58
CUR016,2026-09-20T07:14:00,HW,3.82,Puerto Montt,2026-09-20T09:19:00,4.55
CUR016,2026-09-20T14:24:00,LW,3.07,Puerto Montt,2026-09-20T16:29:00,2.95
CUR016,2026-09-20T20:34:00,HW,3.67,Puerto Montt,2026-09-20T22:39:00,4.4
CUR016,2026-09-21T02:19:00,LW,3.3,Puerto Montt,2026-09-21T04:24:00,3.18
CUR016,2026-09-21T08:26:00,HW,4.21,Puerto Montt,2026-09-21T10:31:00,4.94
CUR016,2026-09-21T15:05:00,LW,2.61,Puerto Montt,2026-09-21T17:10:00,2.49
CUR016,2026-09-21T21:10:00,HW,4.11,Puerto Montt,2026-09-21T23:15:00,4.84
CUR016,2026-09-22T03:02:00,LW,2.8,Puerto Montt,2026-09-22T05:07:00,2.68
CUR016,2026-09-22T09:07:00,HW,4.66,Puerto Montt,2026-09-22T11:12:00,5.39
CUR016,2026-09-22T15:35:00,LW,2.16,Puerto Montt,2026-09-22T17:40:00,2.04
CUR016,2026-09-22T21:38:00,HW,4.55,Puerto Montt,2026-09-22T23:43:00,5.28
CUR016,2026-09-23T03:35:00,LW,2.29,Puerto Montt,2026-09-23T05:40:00,2.17
CUR016,2026-09-23T09:40:00,HW,5.09,Puerto Montt,2026-09-23T11:45:00,5.82
CUR016,2026-09-23T16:02:00,LW,1.73,Puerto Montt,2026-09-23T18:07:00,1.61
CUR016,2026-09-23T22:06:00,HW,4.96,Puerto Montt,2026-09-24T00:11:00,5.69
CUR016,2026-09-24T04:07:00,LW,1.83,Puerto Montt,2026-09-24T06:12:00,1.71
CUR016,2026-09-24T10:11:00,HW,5.46,Puerto Montt,2026-09-24T12:16:00,6.19
CUR016,2026-09-24T16:30:00,LW,1.37,Puerto Montt,2026-09-24T18:35:00,1.25
CUR016,2026-09-24T22:34:00,HW,5.32,Puerto Montt,2026-09-25T00:39:00,6.05
CUR016,2026-09-25T04:38:00,LW,1.43,Puerto Montt,2026-09-25T06:43:00,1.31
CUR016,2026-09-25T10:43:00,HW,5.73,Puerto Montt,2026-09-25T12:48:00,6.46
CUR016,2026-09-25T16:59:00,LW,1.1,Puerto Montt,2026-09-25T19:04:00,0.98
CUR016,2026-09-25T23:03:00,HW,5.63,Puerto Montt,2026-09-26T01:08:00,6.36
CUR016,2026-09-26T05:11:00,LW,1.14,Puerto Montt,2026-09-26T07:16:00,1.02
CUR016,2026-09-26T11:15:00,HW,5.89,Puerto Montt,2026-09-26T13:20:00,6.62
CUR016,2026-09-26T17:28:00,LW,0.96,Puerto Montt,2026-09-26T19:33:00,0.84
CUR016,2026-09-26T23:34:00,HW,5.84,Puerto Montt,2026-09-27T01:39:00,6.57
CUR016,2026-09-27T05:45:00,LW,0.98,Puerto Montt,2026-09-27T07:50:00,0.86
CUR016,2026-09-27T11:48:00,HW,5.89,Puerto Montt,2026-09-27T13:53:00,6.62
CUR016,2026-09-27T17:59:00,LW,0.97,Puerto Montt,2026-09-27T20:04:00,0.85
CUR016,2026-09-28T00:05:00,HW,5.95,Puerto Montt,2026-09-28T02:10:00,6.68
CUR016,2026-09-28T06:20:00,LW,0.98,Puerto Montt,2026-09-28T08:25:00,0.86
CUR016,2026-09-28T12:22:00,HW,5.75,Puerto Montt,2026-09-28T14:27:00,6.48
CUR016,2026-09-28T18:31:00,LW,1.12,Puerto Montt,2026-09-28T20:36:00,1.0
CUR016,2026-09-29T00:39:00,HW,5.94,Puerto Montt,2026-09-29T02:44:00,6.67
CUR016,2026-09-29T06:57:00,LW,1.12,Puerto Montt,2026-09-29T09:02:00,1.0
CUR016,2026-09-29T12:59:00,HW,5.48,Puerto Montt,2026-09-29T15:04:00,6.21
CUR016,2026-09-29T19:05:00,LW,1.4,Puerto Montt,2026-09-29T21:10:00,1.28
CUR016,2026-09-30T01:14:00,HW,5.79,Puerto Montt,2026-09-30T03:19:00,6.52
CUR016,2026-09-30T07:36:00,LW,1.4,Puerto Montt,2026-09-30T09:41:00,1.28
CUR016,2026-09-30T13:38:00,HW,5.1,Puerto Montt,2026-09-30T15:43:00,5.83
CUR016,2026-09-30T19:41:00,LW,1.78,Puerto Montt,2026-09-30T21:46:00,1.66
CUR016,2026-10-01T01:54:00,HW,5.52,Puerto Montt,2026-10-01T03:59:00,6.25
CUR016,2026-10-01T08:21:00,LW,1.79,Puerto Montt,2026-10-01T10:26:00,1.67
CUR016,2026-10-01T14:23:00,HW,4.65,Puerto Montt,2026-10-01T16:28:00,5.38
CUR016,2026-10-01T20:23:00,LW,2.23,Puerto Montt,2026-10-01T22:28:00,2.11
CUR016,2026-10-02T02:42:00,HW,5.15,Puerto Montt,2026-10-02T04:47:00,5.88
CUR016,2026-10-02T09:17:00,LW,2.22,Puerto Montt,2026-10-02T11:22:00,2.1
CUR016,2026-10-02T15:23:00,HW,4.19,Puerto Montt,2026-10-02T17:28:00,4.92
CUR016,2026-10-02T21:20:00,LW,2.7,Puerto Montt,2026-10-02T23:25:00,2.58
CUR016,2026-10-03T03:49:00,HW,4.75,Puerto Montt,2026-10-03T05:54:00,5.48
CUR016,2026-10-03T10:37:00,LW,2.55,Puerto Montt,2026-10-03T12:42:00,2.43
CUR016,2026-10-03T16:56:00,HW,3.88,Puerto Montt,2026-10-03T19:01:00,4.61
CUR016,2026-10-03T22:52:00,LW,3.02,Puerto Montt,2026-10-04T00:57:00,2.9
CUR016,2026-10-04T05:25:00,HW,4.53,Puerto Montt,2026-10-04T07:30:00,5.26
CUR016,2026-10-04T12:24:00,LW,2.55,Puerto Montt,2026-10-04T14:29:00,2.43
CUR016,2026-10-04T18:49:00,HW,3.99,Puerto Montt,2026-10-04T20:54:00,4.72
CUR016,2026-10-05T00:46:00,LW,2.91,Puerto Montt,2026-10-05T02:51:00,2.79
CUR016,2026-10-05T07:05:00,HW,4.7,Puerto Montt,2026-10-05T09:10:00,5.43
CUR016,2026-10-05T13:51:00,LW,2.17,Puerto Montt,2026-10-05T15:56:00,2.05
CUR016,2026-10-05T20:08:00,HW,4.44,Puerto Montt,2026-10-05T22:13:00,5.17
CUR016,2026-10-06T02:07:00,LW,2.42,Puerto Montt,2026-10-06T04:12:00,2.3
CUR016,2026-10-06T08:18:00,HW,5.12,Puerto Montt,2026-10-06T10:23:00,5.85
CUR016,2026-10-06T14:50:00,LW,1.66,Puerto Montt,2026-10-06T16:55:00,1.54
CUR016,2026-10-06T21:01:00,HW,4.97,Puerto Montt,2026-10-06T23:06:00,5.7
CUR016,2026-10-07T03:04:00,LW,1.84,Puerto Montt,2026-10-07T05:09:00,1.72
CUR016,2026-10-07T09:12:00,HW,5.57,Puerto Montt,2026-10-07T11:17:00,6.3
CUR016,2026-10-07T15:36:00,LW,1.21,Puerto Montt,2026-10-07T17:41:00,1.09
CUR016,2026-10-07T21:44:00,HW,5.45,Puerto Montt,2026-10-07T23:49:00,6.18
CUR016,2026-10-08T03:50:00,LW,1.32,Puerto Montt,2026-10-08T05:55:00,1.2
CUR016,2026-10-08T09:56:00,HW,5.91,Puerto Montt,2026-10-08T12:01:00,6.64
CUR016,2026-10-08T16:15:00,LW,0.89,Puerto Montt,2026-10-08T18:20:00,0.77
CUR016,2026-10-08T22:22:00,HW,5.81,Puerto Montt,2026-10-09T00:27:00,6.54
CUR016,2026-10-09T04:31:00,LW,0.96,Puerto Montt,2026-10-09T06:36:00,0.84
CUR016,2026-10-09T10:36:00,HW,6.08,Puerto Montt,2026-10-09T12:41:00,6.81
CUR016,2026-10-09T16:51:00,LW,0.76,Puerto Montt,2026-10-09T18:56:00,0.64
CUR016,2026-10-09T22:57:00,HW,6.02,Puerto Montt,2026-10-10T01:02:00,6.75
CUR016,2026-10-10T05:09:00,LW,0.81,Puerto Montt,2026-10-10T07:14:00,0.69
CUR016,2026-10-10T11:13:00,HW,6.04,Puerto Montt,2026-10-10T13:18:00,6.77
CUR016,2026-10-10T17:24:00,LW,0.83,Puerto Montt,2026-10-10T19:29:00,0.71
CUR016,2026-10-10T23:30:00,HW,6.07,Puerto Montt,2026-10-11T01:35:00,6.8
CUR016,2026-10-11T05:45:00,LW,0.86,Puerto Montt,2026-10-11T07:50:00,0.74
CUR016,2026-10-11T11:47:00,HW,5.83,Puerto Montt,2026-10-11T13:52:00,6.56
CUR016,2026-10-11T17:54:00,LW,1.06,Puerto Montt,2026-10-11T19:59:00,0.94
CUR016,2026-10-12T00:01:00,HW,5.96,Puerto Montt,2026-10-12T02:06:00,6.69
CUR016,2026-10-12T06:18:00,LW,1.09,Puerto Montt,2026-10-12T08:23:00,0.97
CUR016,2026-10-12T12:19:00,HW,5.49,Puerto Montt,2026-10-12T14:24:00,6.22
CUR016,2026-10-12T18:21:00,LW,1.41,Puerto Montt,2026-10-12T20:26:00,1.29
CUR016,2026-10-13T00:29:00,HW,5.72,Puerto Montt,2026-10-13T02:34:00,6.45
CUR016,2026-10-13T06:48:00,LW,1.45,Puerto Montt,2026-10-13T08:53:00,1.33
CUR016,2026-10-13T12:48:00,HW,5.08,Puerto Montt,2026-10-13T14:53:00,5.81
CUR016,2026-10-13T18:46:00,LW,1.83,Puerto Montt,2026-10-13T20:51:00,1.71
CUR016,2026-10-14T00:56:00,HW,5.4,Puerto Montt,2026-10-14T03:01:00,6.13
CUR016,2026-10-14T07:18:00,LW,1.87,Puerto Montt,2026-10-14T09:23:00,1.75
CUR016,2026-10-14T13:17:00,HW,4.64,Puerto Montt,2026-10-14T15:22:00,5.37
CUR016,2026-10-14T19:10:00,LW,2.26,Puerto Montt,2026-10-14T21:15:00,2.14
CUR016,2026-10-15T01:22:00,HW,5.04,Puerto Montt,2026-10-15T03:27:00,5.77
CUR016,2026-10-15T07:47:00,LW,2.31,Puerto Montt,2026-10-15T09:52:00,2.19
CUR016,2026-10-15T13:46:00,HW,4.2,Puerto Montt,2026-10-15T15:51:00,4.93
CUR016,2026-10-15T19:33:00,LW,2.68,Puerto Montt,2026-10-15T21:38:00,2.56
CUR016,2026-10-16T01:51:00,HW,4.64,Puerto Montt,2026-10-16T03:56:00,5.37
CUR016,2026-10-16T08:21:00,LW,2.74,Puerto Montt,2026-10-16T10:26:00,2.62
CUR016,2026-10-16T14:21:00,HW,3.79,Puerto Montt,2026-10-16T16:26:00,4.52
CUR016,2026-10-16T20:02:00,LW,3.08,Puerto Montt,2026-10-16T22:07:00,2.96
CUR016,2026-10-17T02:27:00,HW,4.24,Puerto Montt,2026-10-17T04:32:00,4.97
CUR016,2026-10-17T09:11:00,LW,3.11,Puerto Montt,2026-10-17T11:16:00,2.99
CUR016,2026-10-17T15:20:00,HW,3.43,Puerto Montt,2026-10-17T17:25:00,4.16
CUR016,2026-10-17T20:50:00,LW,3.46,Puerto Montt,2026-10-17T22:55:00,3.34
CUR016,2026-10-18T03:35:00,HW,3.88,Puerto Montt,2026-10-18T05:40:00,4.61
CUR016,2026-10-18T11:07:00,LW,3.32,Puerto Montt,2026-10-18T13:12:00,3.2
CUR016,2026-10-18T17:50:00,HW,3.31,Puerto Montt,2026-10-18T19:55:00,4.04
CUR016,2026-10-18T23:10:00,LW,3.66,Puerto Montt,2026-10-19T01:15:00,3.54
CUR016,2026-10-19T05:52:00,HW,3.77,Puerto Montt,2026-10-19T07:57:00,4.5
CUR016,2026-10-19T13:11:00,LW,3.11,Puerto Montt,2026-10-19T15:16:00,2.99
CUR016,2026-10-19T19:31:00,HW,3.61,Puerto Montt,2026-10-19T21:36:00,4.34
CUR016,2026-10-20T01:18:00,LW,3.36,Puerto Montt,2026-10-20T03:23:00,3.24
CUR016,2026-10-20T07:24:00,HW,4.05,Puerto Montt,2026-10-20T09:29:00,4.78
CUR016,2026-10-20T14:06:00,LW,2.7,Puerto Montt,2026-10-20T16:11:00,2.58
CUR016,2026-10-20T20:17:00,HW,4.04,Puerto Montt,2026-10-20T22:22:00,4.77
CUR016,2026-10-21T02:13:00,LW,2.88,Puerto Montt,2026-10-21T04:18:00,2.76
CUR016,2026-10-21T08:16:00,HW,4.45,Puerto Montt,2026-10-21T10:21:00,5.18
CUR016,2026-10-21T14:43:00,LW,2.26,Puerto Montt,2026-10-21T16:48:00,2.14
CUR016,2026-10-21T20:52:00,HW,4.51,Puerto Montt,2026-10-21T22:57:00,5.24
CUR016,2026-10-22T02:54:00,LW,2.36,Puerto Montt,2026-10-22T04:59:00,2.24
CUR016,2026-10-22T08:56:00,HW,4.86,Puerto Montt,2026-10-22T11:01:00,5.59
CUR016,2026-10-22T15:16:00,LW,1.83,Puerto Montt,2026-10-22T17:21:00,1.71
CUR016,2026-10-22T21:23:00,HW,4.98,Puerto Montt,2026-10-22T23:28:00,5.71
CUR016,2026-10-23T03:30:00,LW,1.87,Puerto Montt,2026-10-23T05:35:00,1.75
CUR016,2026-10-23T09:33:00,HW,5.24,Puerto Montt,2026-10-23T11:38:00,5.97
CUR016,2026-10-23T15:48:00,LW,1.46,Puerto Montt,2026-10-23T17:53:00,1.34
CUR016,2026-10-23T21:56:00,HW,5.43,Puerto Montt,2026-10-24T00:01:00,6.16
CUR016,2026-10-24T04:06:00,LW,1.43,Puerto Montt,2026-10-24T06:11:00,1.31
CUR016,2026-10-24T10:09:00,HW,5.53,Puerto Montt,2026-10-24T12:14:00,6.26
CUR016,2026-10-24T16:21:00,LW,1.19,Puerto Montt,2026-10-24T18:26:00,1.07
CUR016,2026-10-24T22:29:00,HW,5.8,Puerto Montt,2026-10-25T00:34:00,6.53
CUR016,2026-10-25T04:44:00,LW,1.1,Puerto Montt,2026-10-25T06:49:00,0.98
CUR016,2026-10-25T10:46:00,HW,5.7,Puerto Montt,2026-10-25T12:51:00,6.43
CUR016,2026-10-25T16:55:00,LW,1.05,Puerto Montt,2026-10-25T19:00:00,0.93
CUR016,2026-10-25T23:04:00,HW,6.08,Puerto Montt,2026-10-26T01:09:00,6.81
CUR016,2026-10-26T05:22:00,LW,0.91,Puerto Montt,2026-10-26T07:27:00,0.79
CUR016,2026-10-26T11:25:00,HW,5.73,Puerto Montt,2026-10-26T13:30:00,6.46
CUR016,2026-10-26T17:31:00,LW,1.06,Puerto Montt,2026-10-26T19:36:00,0.94
CUR016,2026-10-26T23:40:00,HW,6.21,Puerto Montt,2026-10-27T01:45:00,6.94
CUR016,2026-10-27T06:02:00,LW,0.88,Puerto Montt,2026-10-27T08:07:00,0.76
CUR016,2026-10-27T12:05:00,HW,5.61,Puerto Montt,2026-10-27T14:10:00,6.34
CUR016,2026-10-27T18:08:00,LW,1.22,Puerto Montt,2026-10-27T20:13:00,1.1
CUR016,2026-10-28T00:19:00,HW,6.19,Puerto Montt,2026-10-28T02:24:00,6.92
CUR016,2026-10-28T06:44:00,LW,1.01,Puerto Montt,2026-10-28T08:49:00,0.89
CUR016,2026-10-28T12:48:00,HW,5.36,Puerto Montt,2026-10-28T14:53:00,6.09
CUR016,2026-10-28T18:48:00,LW,1.49,Puerto Montt,2026-10-28T20:53:00,1.37
CUR016,2026-10-29T01:01:00,HW,6.01,Puerto Montt,2026-10-29T03:06:00,6.74
CUR016,2026-10-29T07:30:00,LW,1.28,Puerto Montt,2026-10-29T09:35:00,1.16
CUR016,2026-10-29T13:34:00,HW,5.02,Puerto Montt,2026-10-29T15:39:00,5.75
CUR016,2026-10-29T19:32:00,LW,1.85,Puerto Montt,2026-10-29T21:37:00,1.73
CUR016,2026-10-30T01:48:00,HW,5.7,Puerto Montt,2026-10-30T03:53:00,6.43
CUR016,2026-10-30T08:22:00,LW,1.63,Puerto Montt,2026-10-30T10:27:00,1.51
CUR016,2026-10-30T14:28:00,HW,4.65,Puerto Montt,2026-10-30T16:33:00,5.38
CUR016,2026-10-30T20:24:00,LW,2.24,Puerto Montt,2026-10-30T22:29:00,2.12
CUR016,2026-10-31T02:43:00,HW,5.32,Puerto Montt,2026-10-31T04:48:00,6.05
CUR016,2026-10-31T09:24:00,LW,1.97,Puerto Montt,2026-10-31T11:29:00,1.85
CUR016,2026-10-31T15:35:00,HW,4.34,Puerto Montt,2026-10-31T17:40:00,5.07
CUR016,2026-10-31T21:31:00,LW,2.58,Puerto Montt,2026-10-31T23:36:00,2.46
CUR016,2026-11-01T03:52:00,HW,4.97,Puerto Montt,2026-11-01T05:57:00,5.7
CUR016,2026-11-01T10:39:00,LW,2.18,Puerto Montt,2026-11-01T12:44:00,2.06
CUR016,2026-11-01T16:59:00,HW,4.2,Puerto Montt,2026-11-01T19:04:00,4.93
CUR016,2026-11-01T22:56:00,LW,2.73,Puerto Montt,2026-11-02T01:01:00,2.61
CUR016,2026-11-02T05:16:00,HW,4.78,Puerto Montt,2026-11-02T07:21:00,5.51
CUR016,2026-11-02T12:01:00,LW,2.17,Puerto Montt,2026-11-02T14:06:00,2.05
CUR016,2026-11-02T18:24:00,HW,4.34,Puerto Montt,2026-11-02T20:29:00,5.07
CUR016,2026-11-03T00:24:00,LW,2.59,Puerto Montt,2026-11-03T02:29:00,2.47
CUR016,2026-11-03T06:38:00,HW,4.84,Puerto Montt,2026-11-03T08:43:00,5.57
CUR016,2026-11-03T13:14:00,LW,1.96,Puerto Montt,2026-11-03T15:19:00,1.84
CUR016,2026-11-03T19:32:00,HW,4.67,Puerto Montt,2026-11-03T21:37:00,5.4
CUR016,2026-11-04T01:37:00,LW,2.25,Puerto Montt,2026-11-04T03:42:00,2.13
CUR016,2026-11-04T07:46:00,HW,5.05,Puerto Montt,2026-11-04T09:51:00,5.78
CUR016,2026-11-04T14:12:00,LW,1.67,Puerto Montt,2026-11-04T16:17:00,1.55
CUR016,2026-11-04T20:26:00,HW,5.05,Puerto Montt,2026-11-04T22:31:00,5.78
CUR016,2026-11-05T02:35:00,LW,1.84,Puerto Montt,2026-11-05T04:40:00,1.72
CUR016,2026-11-05T08:41:00,HW,5.28,Puerto Montt,2026-11-05T10:46:00,6.01
CUR016,2026-11-05T15:00:00,LW,1.43,Puerto Montt,2026-11-05T17:05:00,1.31
CUR016,2026-11-05T21:11:00,HW,5.41,Puerto Montt,2026-11-05T23:16:00,6.14
CUR016,2026-11-06T03:24:00,LW,1.49,Puerto Montt,2026-11-06T05:29:00,1.37
CUR016,2026-11-06T09:28:00,HW,5.44,Puerto Montt,2026-11-06T11:33:00,6.17
CUR016,2026-11-06T15:42:00,LW,1.28,Puerto Montt,2026-11-06T17:47:00,1.16
CUR016,2026-11-06T21:52:00,HW,5.67,Puerto Montt,2026-11-06T23:57:00,6.4
CUR016,2026-11-07T04:08:00,LW,1.26,Puerto Montt,2026-11-07T06:13:00,1.14
CUR016,2026-11-07T10:11:00,HW,5.49,Puerto Montt,2026-11-07T12:16:00,6.22
CUR016,2026-11-07T16:19:00,LW,1.27,Puerto Montt,2026-11-07T18:24:00,1.15
CUR016,2026-11-07T22:29:00,HW,5.82,Puerto Montt,2026-11-08T00:34:00,6.55
CUR016,2026-11-08T04:48:00,LW,1.19,Puerto Montt,2026-11-08T06:53:00,1.07
CUR016,2026-11-08T10:50:00,HW,5.42,Puerto Montt,2026-11-08T12:55:00,6.15
CUR016,2026-11-08T16:53:00,LW,1.38,Puerto Montt,2026-11-08T18:58:00,1.26
CUR016,2026-11-08T23:03:00,HW,5.84,Puerto Montt,2026-11-09T01:08:00,6.57
CUR016,2026-11-09T05:25:00,LW,1.25,Puerto Montt,2026-11-09T07:30:00,1.13
CUR016,2026-11-09T11:26:00,HW,5.25,Puerto Montt,2026-11-09T13:31:00,5.98
CUR016,2026-11-09T17:25:00,LW,1.59,Puerto Montt,2026-11-09T19:30:00,1.47
CUR016,2026-11-09T23:35:00,HW,5.75,Puerto Montt,2026-11-10T01:40:00,6.48
CUR016,2026-11-10T05:59:00,LW,1.44,Puerto Montt,2026-11-10T08:04:00,1.32
CUR016,2026-11-10T11:59:00,HW,5.01,Puerto Montt,2026-11-10T14:04:00,5.74
CUR016,2026-11-10T17:54:00,LW,1.85,Puerto Montt,2026-11-10T19:59:00,1.73
CUR016,2026-11-11T00:05:00,HW,5.56,Puerto Montt,2026-11-11T02:10:00,6.29
CUR016,2026-11-11T06:31:00,LW,1.71,Puerto Montt,2026-11-11T08:36:00,1.59
CUR016,2026-11-11T12:30:00,HW,4.73,Puerto Montt,2026-11-11T14:35:00,5.46
CUR016,2026-11-11T18:21:00,LW,2.15,Puerto Montt,2026-11-11T20:26:00,2.03
CUR016,2026-11-12T00:33:00,HW,5.32,Puerto Montt,2026-11-12T02:38:00,6.05
CUR016,2026-11-12T07:01:00,LW,2.0,Puerto Montt,2026-11-12T09:06:00,1.88
CUR016,2026-11-12T13:01:00,HW,4.44,Puerto Montt,2026-11-12T15:06:00,5.17
CUR016,2026-11-12T18:47:00,LW,2.44,Puerto Montt,2026-11-12T20:52:00,2.32
CUR016,2026-11-13T01:02:00,HW,5.03,Puerto Montt,2026-11-13T03:07:00,5.76
CUR016,2026-11-13T07:32:00,LW,2.3,Puerto Montt,2026-11-13T09:37:00,2.18
CUR016,2026-11-13T13:33:00,HW,4.16,Puerto Montt,2026-11-13T15:38:00,4.89
CUR016,2026-11-13T19:16:00,LW,2.72,Puerto Montt,2026-11-13T21:21:00,2.6
CUR016,2026-11-14T01:33:00,HW,4.74,Puerto Montt,2026-11-14T03:38:00,5.47
CUR016,2026-11-14T08:07:00,LW,2.58,Puerto Montt,2026-11-14T10:12:00,2.46
CUR016,2026-11-14T14:10:00,HW,3.89,Puerto Montt,2026-11-14T16:15:00,4.62
CUR016,2026-11-14T19:52:00,LW,2.98,Puerto Montt,2026-11-14T21:57:00,2.86
CUR016,2026-11-15T02:11:00,HW,4.43,Puerto Montt,2026-11-15T04:16:00,5.16
CUR016,2026-11-15T08:53:00,LW,2.82,Puerto Montt,2026-11-15T10:58:00,2.7
CUR016,2026-11-15T15:02:00,HW,3.66,Puerto Montt,2026-11-15T17:07:00,4.39
CUR016,2026-11-15T20:41:00,LW,3.21,Puerto Montt,2026-11-15T22:46:00,3.09
CUR016,2026-11-16T03:05:00,HW,4.15,Puerto Montt,2026-11-16T05:10:00,4.88
CUR016,2026-11-16T09:59:00,LW,2.97,Puerto Montt,2026-11-16T12:04:00,2.85
CUR016,2026-11-16T16:23:00,HW,3.54,Puerto Montt,2026-11-16T18:28:00,4.27
CUR016,2026-11-16T22:01:00,LW,3.36,Puerto Montt,2026-11-17T00:06:00,3.24
CUR016,2026-11-17T04:25:00,HW,3.97,Puerto Montt,2026-11-17T06:30:00,4.7
CUR016,2026-11-17T11:26:00,LW,2.96,Puerto Montt,2026-11-17T13:31:00,2.84
CUR016,2026-11-17T17:57:00,HW,3.66,Puerto Montt,2026-11-17T20:02:00,4.39
CUR016,2026-11-17T23:44:00,LW,3.29,Puerto Montt,2026-11-18T01:49:00,3.17
CUR016,2026-11-18T05:57:00,HW,4.0,Puerto Montt,2026-11-18T08:02:00,4.73
CUR016,2026-11-18T12:41:00,LW,2.74,Puerto Montt,2026-11-18T14:46:00,2.62
CUR016,2026-11-18T19:04:00,HW,3.99,Puerto Montt,2026-11-18T21:09:00,4.72
CUR016,2026-11-19T01:04:00,LW,2.97,Puerto Montt,2026-11-19T03:09:00,2.85
CUR016,2026-11-19T07:08:00,HW,4.24,Puerto Montt,2026-11-19T09:13:00,4.97
CUR016,2026-11-19T13:36:00,LW,2.42,Puerto Montt,2026-11-19T15:41:00,2.3
CUR016,2026-11-19T19:53:00,HW,4.43,Puerto Montt,2026-11-19T21:58:00,5.16
CUR016,2026-11-20T02:02:00,LW,2.53,Puerto Montt,2026-11-20T04:07:00,2.41
CUR016,2026-11-20T08:03:00,HW,4.55,Puerto Montt,2026-11-20T10:08:00,5.28
CUR016,2026-11-20T14:22:00,LW,2.07,Puerto Montt,2026-11-20T16:27:00,1.95
CUR016,2026-11-20T20:35:00,HW,4.91,Puerto Montt,2026-11-20T22:40:00,5.64
CUR016,2026-11-21T02:50:00,LW,2.06,Puerto Montt,2026-11-21T04:55:00,1.94
CUR016,2026-11-21T08:51:00,HW,4.88,Puerto Montt,2026-11-21T10:56:00,5.61
CUR016,2026-11-21T15:04:00,LW,1.75,Puerto Montt,2026-11-21T17:09:00,1.63
CUR016,2026-11-21T21:16:00,HW,5.38,Puerto Montt,2026-11-21T23:21:00,6.11
CUR016,2026-11-22T03:35:00,LW,1.62,Puerto Montt,2026-11-22T05:40:00,1.5
CUR016,2026-11-22T09:37:00,HW,5.16,Puerto Montt,2026-11-22T11:42:00,5.89
CUR016,2026-11-22T15:45:00,LW,1.5,Puerto Montt,2026-11-22T17:50:00,1.38
CUR016,2026-11-22T21:56:00,HW,5.79,Puerto Montt,2026-11-23T00:01:00,6.52
CUR016,2026-11-23T04:19:00,LW,1.26,Puerto Montt,2026-11-23T06:24:00,1.14
CUR016,2026-11-23T10:22:00,HW,5.35,Puerto Montt,2026-11-23T12:27:00,6.08
CUR016,2026-11-23T16:26:00,LW,1.35,Puerto Montt,2026-11-23T18:31:00,1.23
CUR016,2026-11-23T22:38:00,HW,6.1,Puerto Montt,2026-11-24T00:43:00,6.83
CUR016,2026-11-24T05:04:00,LW,1.01,Puerto Montt,2026-11-24T07:09:00,0.89
CUR016,2026-11-24T11:09:00,HW,5.44,Puerto Montt,2026-11-24T13:14:00,6.17
CUR016,2026-11-24T17:09:00,LW,1.31,Puerto Montt,2026-11-24T19:14:00,1.19
CUR016,2026-11-24T23:22:00,HW,6.28,Puerto Montt,2026-11-25T01:27:00,7.01
CUR016,2026-11-25T05:51:00,LW,0.91,Puerto Montt,2026-11-25T07:56:00,0.79
CUR016,2026-11-25T11:56:00,HW,5.42,Puerto Montt,2026-11-25T14:01:00,6.15
CUR016,2026-11-25T17:54:00,LW,1.38,Puerto Montt,2026-11-25T19:59:00,1.26
CUR016,2026-11-26T00:08:00,HW,6.3,Puerto Montt,2026-11-26T02:13:00,7.03
CUR016,2026-11-26T06:39:00,LW,0.95,Puerto Montt,2026-11-26T08:44:00,0.83
CUR016,2026-11-26T12:44:00,HW,5.3,Puerto Montt,2026-11-26T14:49:00,6.03
CUR016,2026-11-26T18:42:00,LW,1.53,Puerto Montt,2026-11-26T20:47:00,1.41
CUR016,2026-11-27T00:56:00,HW,6.17,Puerto Montt,2026-11-27T03:01:00,6.9
CUR016,2026-11-27T07:29:00,LW,1.09,Puerto Montt,2026-11-27T09:34:00,0.97
CUR016,2026-11-27T13:36:00,HW,5.12,Puerto Montt,2026-11-27T15:41:00,5.85
CUR016,2026-11-27T19:32:00,LW,1.73,Puerto Montt,2026-11-27T21:37:00,1.61
CUR016,2026-11-28T01:47:00,HW,5.93,Puerto Montt,2026-11-28T03:52:00,6.66
CUR016,2026-11-28T08:22:00,LW,1.3,Puerto Montt,2026-11-28T10:27:00,1.18
CUR016,2026-11-28T14:30:00,HW,4.92,Puerto Montt,2026-11-28T16:35:00,5.65
CUR016,2026-11-28T20:28:00,LW,1.96,Puerto Montt,2026-11-28T22:33:00,1.84
CUR016,2026-11-29T02:42:00,HW,5.63,Puerto Montt,2026-11-29T04:47:00,6.36
CUR016,2026-11-29T09:19:00,LW,1.53,Puerto Montt,2026-11-29T11:24:00,1.41
CUR016,2026-11-29T15:30:00,HW,4.74,Puerto Montt,2026-11-29T17:35:00,5.47
CUR016,2026-11-29T21:29:00,LW,2.16,Puerto Montt,2026-11-29T23:34:00,2.04
CUR016,2026-11-30T03:42:00,HW,5.31,Puerto Montt,2026-11-30T05:47:00,6.04
CUR016,2026-11-30T10:19:00,LW,1.73,Puerto Montt,2026-11-30T12:24:00,1.61
CUR016,2026-11-30T16:35:00,HW,4.63,Puerto Montt,2026-11-30T18:40:00,5.36
CUR016,2026-11-30T22:35:00,LW,2.3,Puerto Montt,2026-12-01T00:40:00,2.18
CUR016,2026-12-01T04:48:00,HW,5.04,Puerto Montt,2026-12-01T06:53:00,5.77
CUR016,2026-12-01T11:22:00,LW,1.87,Puerto Montt,2026-12-01T13:27:00,1.75
CUR016,2026-12-01T17:42:00,HW,4.64,Puerto Montt,2026-12-01T19:47:00,5.37
CUR016,2026-12-01T23:46:00,LW,2.34,Puerto Montt,2026-12-02T01:51:00,2.22
CUR016,2026-12-02T05:57:00,HW,4.86,Puerto Montt,2026-12-02T08:02:00,5.59
CUR016,2026-12-02T12:26:00,LW,1.93,Puerto Montt,2026-12-02T14:31:00,1.81
CUR016,2026-12-02T18:46:00,HW,4.75,Puerto Montt,2026-12-02T20:51:00,5.48
CUR016,2026-12-03T00:57:00,LW,2.26,Puerto Montt,2026-12-03T03:02:00,2.14
CUR016,2026-12-03T07:04:00,HW,4.78,Puerto Montt,2026-12-03T09:09:00,5.51
CUR016,2026-12-03T13:26:00,LW,1.93,Puerto Montt,2026-12-03T15:31:00,1.81
CUR016,2026-12-03T19:45:00,HW,4.93,Puerto Montt,2026-12-03T21:50:00,5.66
CUR016,2026-12-04T02:02:00,LW,2.1,Puerto Montt,2026-12-04T04:07:00,1.98
CUR016,2026-12-04T08:06:00,HW,4.77,Puerto Montt,2026-12-04T10:11:00,5.5
CUR016,2026-12-04T14:21:00,LW,1.9,Puerto Montt,2026-12-04T16:26:00,1.78
CUR016,2026-12-04T20:38:00,HW,5.14,Puerto Montt,2026-12-04T22:43:00,5.87
CUR016,2026-12-05T03:00:00,LW,1.9,Puerto Montt,2026-12-05T05:05:00,1.78
CUR016,2026-12-05T09:02:00,HW,4.8,Puerto Montt,2026-12-05T11:07:00,5.53
CUR016,2026-12-05T15:10:00,LW,1.88,Puerto Montt,2026-12-05T17:15:00,1.76
CUR016,2026-12-05T21:25:00,HW,5.33,Puerto Montt,2026-12-05T23:30:00,6.06
CUR016,2026-12-06T03:50:00,LW,1.74,Puerto Montt,2026-12-06T05:55:00,1.62
CUR016,2026-12-06T09:52:00,HW,4.83,Puerto Montt,2026-12-06T11:57:00,5.56
CUR016,2026-12-06T15:53:00,LW,1.9,Puerto Montt,2026-12-06T17:58:00,1.78
CUR016,2026-12-06T22:07:00,HW,5.47,Puerto Montt,2026-12-07T00:12:00,6.2
CUR016,2026-12-07T04:35:00,LW,1.65,Puerto Montt,2026-12-07T06:40:00,1.53
CUR016,2026-12-07T10:36:00,HW,4.83,Puerto Montt,2026-12-07T12:41:00,5.56
CUR016,2026-12-07T16:32:00,LW,1.95,Puerto Montt,2026-12-07T18:37:00,1.83
CUR016,2026-12-07T22:45:00,HW,5.53,Puerto Montt,2026-12-08T00:50:00,6.26
CUR016,2026-12-08T05:14:00,LW,1.64,Puerto Montt,2026-12-08T07:19:00,1.52
CUR016,2026-12-08T11:15:00,HW,4.79,Puerto Montt,2026-12-08T13:20:00,5.52
CUR016,2026-12-08T17:07:00,LW,2.04,Puerto Montt,2026-12-08T19:12:00,1.92
CUR016,2026-12-08T23:20:00,HW,5.52,Puerto Montt,2026-12-09T01:25:00,6.25
CUR016,2026-12-09T05:50:00,LW,1.71,Puerto Montt,2026-12-09T07:55:00,1.59
CUR016,2026-12-09T11:50:00,HW,4.71,Puerto Montt,2026-12-09T13:55:00,5.44
CUR016,2026-12-09T17:39:00,LW,2.14,Puerto Montt,2026-12-09T19:44:00,2.02
CUR016,2026-12-09T23:52:00,HW,5.43,Puerto Montt,2026-12-10T01:57:00,6.16
CUR016,2026-12-10T06:22:00,LW,1.82,Puerto Montt,2026-12-10T08:27:00,1.7
CUR016,2026-12-10T12:22:00,HW,4.6,Puerto Montt,2026-12-10T14:27:00,5.33
CUR016,2026-12-10T18:10:00,LW,2.27,Puerto Montt,2026-12-10T20:15:00,2.15
CUR016,2026-12-11T00:22:00,HW,5.3,Puerto Montt,2026-12-11T02:27:00,6.03
CUR016,2026-12-11T06:53:00,LW,1.96,Puerto Montt,2026-12-11T08:58:00,1.84
CUR016,2026-12-11T12:53:00,HW,4.47,Puerto Montt,2026-12-11T14:58:00,5.2
CUR016,2026-12-11T18:40:00,LW,2.39,Puerto Montt,2026-12-11T20:45:00,2.27
CUR016,2026-12-12T00:52:00,HW,5.14,Puerto Montt,2026-12-12T02:57:00,5.87
CUR016,2026-12-12T07:23:00,LW,2.11,Puerto Montt,2026-12-12T09:28:00,1.99
CUR016,2026-12-12T13:24:00,HW,4.32,Puerto Montt,2026-12-12T15:29:00,5.05
CUR016,2026-12-12T19:11:00,LW,2.52,Puerto Montt,2026-12-12T21:16:00,2.4
CUR016,2026-12-13T01:23:00,HW,4.94,Puerto Montt,2026-12-13T03:28:00,5.67
CUR016,2026-12-13T07:55:00,LW,2.26,Puerto Montt,2026-12-13T10:00:00,2.14
CUR016,2026-12-13T13:57:00,HW,4.16,Puerto Montt,2026-12-13T16:02:00,4.89
CUR016,2026-12-13T19:46:00,LW,2.66,Puerto Montt,2026-12-13T21:51:00,2.54
CUR016,2026-12-14T01:57:00,HW,4.73,Puerto Montt,2026-12-14T04:02:00,5.46
CUR016,2026-12-14T08:31:00,LW,2.4,Puerto Montt,2026-12-14T10:36:00,2.28
CUR016,2026-12-14T14:37:00,HW,4.03,Puerto Montt,2026-12-14T16:42:00,4.76
CUR016,2026-12-14T20:28:00,LW,2.8,Puerto Montt,2026-12-14T22:33:00,2.68
CUR016,2026-12-15T02:38:00,HW,4.51,Puerto Montt,2026-12-15T04:43:00,5.24
CUR016,2026-12-15T09:14:00,LW,2.53,Puerto Montt,2026-12-15T11:19:00,2.41
CUR016,2026-12-15T15:27:00,HW,3.94,Puerto Montt,2026-12-15T17:32:00,4.67
CUR016,2026-12-15T21:20:00,LW,2.93,Puerto Montt,2026-12-15T23:25:00,2.81
CUR016,2026-12-16T03:30:00,HW,4.3,Puerto Montt,2026-12-16T05:35:00,5.03
CUR016,2026-12-16T10:07:00,LW,2.62,Puerto Montt,2026-12-16T12:12:00,2.5
CUR016,2026-12-16T16:29:00,HW,3.94,Puerto Montt,2026-12-16T18:34:00,4.67
CUR016,2026-12-16T22:26:00,LW,3.0,Puerto Montt,2026-12-17T00:31:00,2.88
CUR016,2026-12-17T04:36:00,HW,4.15,Puerto Montt,2026-12-17T06:41:00,4.88
CUR016,2026-12-17T11:10:00,LW,2.64,Puerto Montt,2026-12-17T13:15:00,2.52
CUR016,2026-12-17T17:39:00,HW,4.09,Puerto Montt,2026-12-17T19:44:00,4.82
CUR016,2026-12-17T23:45:00,LW,2.94,Puerto Montt,2026-12-18T01:50:00,2.82
CUR016,2026-12-18T05:52:00,HW,4.13,Puerto Montt,2026-12-18T07:57:00,4.86
CUR016,2026-12-18T12:18:00,LW,2.56,Puerto Montt,2026-12-18T14:23:00,2.44
CUR016,2026-12-18T18:45:00,HW,4.38,Puerto Montt,2026-12-18T20:50:00,5.11
CUR016,2026-12-19T01:03:00,LW,2.7,Puerto Montt,2026-12-19T03:08:00,2.58
CUR016,2026-12-19T07:06:00,HW,4.24,Puerto Montt,2026-12-19T09:11:00,4.97
CUR016,2026-12-19T13:22:00,LW,2.39,Puerto Montt,2026-12-19T15:27:00,2.27
CUR016,2026-12-19T19:44:00,HW,4.77,Puerto Montt,2026-12-19T21:49:00,5.5
CUR016,2026-12-20T02:10:00,LW,2.34,Puerto Montt,2026-12-20T04:15:00,2.22
CUR016,2026-12-20T08:12:00,HW,4.46,Puerto Montt,2026-12-20T10:17:00,5.19
CUR016,2026-12-20T14:21:00,LW,2.17,Puerto Montt,2026-12-20T16:26:00,2.05
CUR016,2026-12-20T20:39:00,HW,5.2,Puerto Montt,2026-12-20T22:44:00,5.93
CUR016,2026-12-21T03:09:00,LW,1.92,Puerto Montt,2026-12-21T05:14:00,1.8
CUR016,2026-12-21T09:12:00,HW,4.73,Puerto Montt,2026-12-21T11:17:00,5.46
CUR016,2026-12-21T15:15:00,LW,1.94,Puerto Montt,2026-12-21T17:20:00,1.82
CUR016,2026-12-21T21:32:00,HW,5.62,Puerto Montt,2026-12-21T23:37:00,6.35
CUR016,2026-12-22T04:04:00,LW,1.51,Puerto Montt,2026-12-22T06:09:00,1.39
CUR016,2026-12-22T10:08:00,HW,4.99,Puerto Montt,2026-12-22T12:13:00,5.72
CUR016,2026-12-22T16:08:00,LW,1.71,Puerto Montt,2026-12-22T18:13:00,1.59
CUR016,2026-12-22T22:23:00,HW,5.99,Puerto Montt,2026-12-23T00:28:00,6.72
CUR016,2026-12-23T04:56:00,LW,1.16,Puerto Montt,2026-12-23T07:01:00,1.04
CUR016,2026-12-23T11:01:00,HW,5.22,Puerto Montt,2026-12-23T13:06:00,5.95
CUR016,2026-12-23T16:59:00,LW,1.52,Puerto Montt,2026-12-23T19:04:00,1.4
CUR016,2026-12-23T23:14:00,HW,6.26,Puerto Montt,2026-12-24T01:19:00,6.99
CUR016,2026-12-24T05:46:00,LW,0.91,Puerto Montt,2026-12-24T07:51:00,0.79
CUR016,2026-12-24T11:52:00,HW,5.38,Puerto Montt,2026-12-24T13:57:00,6.11
CUR016,2026-12-24T17:49:00,LW,1.39,Puerto Montt,2026-12-24T19:54:00,1.27
CUR016,2026-12-25T00:03:00,HW,6.4,Puerto Montt,2026-12-25T02:08:00,7.13
CUR016,2026-12-25T06:35:00,LW,0.78,Puerto Montt,2026-12-25T08:40:00,0.66
CUR016,2026-12-25T12:41:00,HW,5.45,Puerto Montt,2026-12-25T14:46:00,6.18
CUR016,2026-12-25T18:39:00,LW,1.32,Puerto Montt,2026-12-25T20:44:00,1.2
CUR016,2026-12-26T00:52:00,HW,6.4,Puerto Montt,2026-12-26T02:57:00,7.13
CUR016,2026-12-26T07:24:00,LW,0.77,Puerto Montt,2026-12-26T09:29:00,0.65
CUR016,2026-12-26T13:29:00,HW,5.44,Puerto Montt,2026-12-26T15:34:00,6.17
CUR016,2026-12-26T19:29:00,LW,1.34,Puerto Montt,2026-12-26T21:34:00,1.22
CUR016,2026-12-27T01:40:00,HW,6.26,Puerto Montt,2026-12-27T03:45:00,6.99
CUR016,2026-12-27T08:11:00,LW,0.89,Puerto Montt,2026-12-27T10:16:00,0.77
CUR016,2026-12-27T14:17:00,HW,5.34,Puerto Montt,2026-12-27T16:22:00,6.07
CUR016,2026-12-27T20:18:00,LW,1.46,Puerto Montt,2026-12-27T22:23:00,1.34
CUR016,2026-12-28T02:28:00,HW,5.97,Puerto Montt,2026-12-28T04:33:00,6.7
CUR016,2026-12-28T08:57:00,LW,1.11,Puerto Montt,2026-12-28T11:02:00,0.99
CUR016,2026-12-28T15:06:00,HW,5.19,Puerto Montt,2026-12-28T17:11:00,5.92
CUR016,2026-12-28T21:08:00,LW,1.67,Puerto Montt,2026-12-28T23:13:00,1.55
CUR016,2026-12-29T03:17:00,HW,5.59,Puerto Montt,2026-12-29T05:22:00,6.32
CUR016,2026-12-29T09:44:00,LW,1.41,Puerto Montt,2026-12-29T11:49:00,1.29
CUR016,2026-12-29T15:57:00,HW,5.0,Puerto Montt,2026-12-29T18:02:00,5.73
CUR016,2026-12-29T22:01:00,LW,1.95,Puerto Montt,2026-12-30T00:06:00,1.83
CUR016,2026-12-30T04:10:00,HW,5.15,Puerto Montt,2026-12-30T06:15:00,5.88
CUR016,2026-12-30T10:34:00,LW,1.76,Puerto Montt,2026-12-30T12:39:00,1.64
CUR016,2026-12-30T16:52:00,HW,4.81,Puerto Montt,2026-12-30T18:57:00,5.54
CUR016,2026-12-30T23:01:00,LW,2.24,Puerto Montt,2026-12-31T01:06:00,2.12
CUR016,2026-12-31T05:08:00,HW,4.71,Puerto Montt,2026-12-31T07:13:00,5.44
CUR016,2026-12-31T11:30:00,LW,2.1,Puerto Montt,2026-12-31T13:35:00,1.98
CUR016,2026-12-31T17:54:00,HW,4.68,Puerto Montt,2026-12-31T19:59:00,5.41
CUR018,2026-01-01T01:25:00,LW,2.63,Punta Delgada,2026-01-01T01:21:00,2.64
CUR018,2026-01-01T07:22:00,HW,9.37,Punta Delgada,2026-01-01T06:45:00,8.16
CUR018,2026-01-01T13:59:00,LW,1.5,Punta Delgada,2026-01-01T13:55:00,1.51
CUR018,2026-01-01T20:05:00,HW,9.62,Punta Delgada,2026-01-01T19:28:00,8.41
CUR018,2026-01-02T02:33:00,LW,2.24,Punta Delgada,2026-01-02T02:29:00,2.25
CUR018,2026-01-02T08:12:00,HW,9.77,Punta Delgada,2026-01-02T07:35:00,8.56
CUR018,2026-01-02T15:00:00,LW,0.95,Punta Delgada,2026-01-02T14:56:00,0.96
CUR018,2026-01-02T20:58:00,HW,9.95,Punta Delgada,2026-01-02T20:21:00,8.74
CUR018,2026-01-03T03:30:00,LW,1.83,Punta Delgada,2026-01-03T03:26:00,1.84
CUR018,2026-01-03T08:59:00,HW,10.08,Punta Delgada,2026-01-03T08:22:00,8.87
CUR018,2026-01-03T15:56:00,LW,0.5,Punta Delgada,2026-01-03T15:52:00,0.51
CUR018,2026-01-03T21:47:00,HW,10.16,Punta Delgada,2026-01-03T21:10:00,8.95
CUR018,2026-01-04T04:21:00,LW,1.52,Punta Delgada,2026-01-04T04:17:00,1.53
CUR018,2026-01-04T09:45:00,HW,10.26,Punta Delgada,2026-01-04T09:08:00,9.05
CUR018,2026-01-04T16:47:00,LW,0.25,Punta Delgada,2026-01-04T16:43:00,0.26
CUR018,2026-01-04T22:35:00,HW,10.24,Punta Delgada,2026-01-04T21:58:00,9.03
CUR018,2026-01-05T05:07:00,LW,1.37,Punta Delgada,2026-01-05T05:03:00,1.38
CUR018,2026-01-05T10:30:00,HW,10.29,Punta Delgada,2026-01-05T09:53:00,9.08
CUR018,2026-01-05T17:34:00,LW,0.25,Punta Delgada,2026-01-05T17:30:00,0.26
CUR018,2026-01-05T23:22:00,HW,10.18,Punta Delgada,2026-01-05T22:45:00,8.97
CUR018,2026-01-06T05:52:00,LW,1.4,Punta Delgada,2026-01-06T05:48:00,1.41
CUR018,2026-01-06T11:17:00,HW,10.15,Punta Delgada,2026-01-06T10:40:00,8.94
CUR018,2026-01-06T18:19:00,LW,0.52,Punta Delgada,2026-01-06T18:15:00,0.53
CUR018,2026-01-07T00:08:00,HW,9.99,Punta Delgada,2026-01-06T23:31:00,8.78
CUR018,2026-01-07T06:36:00,LW,1.6,Punta Delgada,2026-01-07T06:32:00,1.61
CUR018,2026-01-07T12:05:00,HW,9.87,Punta Delgada,2026-01-07T11:28:00,8.66
CUR018,2026-01-07T19:02:00,LW,1.01,Punta Delgada,2026-01-07T18:58:00,1.02
CUR018,2026-01-08T00:53:00,HW,9.7,Punta Delgada,2026-01-08T00:16:00,8.49
CUR018,2026-01-08T07:19:00,LW,1.92,Punta Delgada,2026-01-08T07:15:00,1.93
CUR018,2026-01-08T12:56:00,HW,9.49,Punta Delgada,2026-01-08T12:19:00,8.28
CUR018,2026-01-08T19:44:00,LW,1.65,Punta Delgada,2026-01-08T19:40:00,1.66
CUR018,2026-01-09T01:38:00,HW,9.32,Punta Delgada,2026-01-09T01:01:00,8.11
CUR018,2026-01-09T08:02:00,LW,2.31,Punta Delgada,2026-01-09T07:58:00,2.32
CUR018,2026-01-09T13:49:00,HW,9.05,Punta Delgada,2026-01-09T13:12:00,7.84
CUR018,2026-01-09T20:27:00,LW,2.34,Punta Delgada,2026-01-09T20:23:00,2.35
CUR018,2026-01-10T02:24:00,HW,8.9,Punta Delgada,2026-01-10T01:47:00,7.69
CUR018,2026-01-10T08:48:00,LW,2.69,Punta Delgada,2026-01-10T08:44:00,2.7
CUR018,2026-01-10T14:46:00,HW,8.62,Punta Delgada,2026-01-10T14:09:00,7.41
CUR018,2026-01-10T21:13:00,LW,3.0,Punta Delgada,2026-01-10T21:09:00,3.01
CUR018,2026-01-11T03:16:00,HW,8.5,Punta Delgada,2026-01-11T02:39:00,7.29
CUR018,2026-01-11T09:40:00,LW,3.0,Punta Delgada,2026-01-11T09:36:00,3.01
CUR018,2026-01-11T15:49:00,HW,8.27,Punta Delgada,2026-01-11T15:12:00,7.06
CUR018,2026-01-11T22:05:00,LW,3.53,Punta Delgada,2026-01-11T22:01:00,3.54
CUR018,2026-01-12T04:17:00,HW,8.18,Punta Delgada,2026-01-12T03:40:00,6.97
CUR018,2026-01-12T10:41:00,LW,3.17,Punta Delgada,2026-01-12T10:37:00,3.18
CUR018,2026-01-12T16:56:00,HW,8.06,Punta Delgada,2026-01-12T16:19:00,6.85
CUR018,2026-01-12T23:11:00,LW,3.86,Punta Delgada,2026-01-12T23:07:00,3.87
CUR018,2026-01-13T05:24:00,HW,8.05,Punta Delgada,2026-01-13T04:47:00,6.84
CUR018,2026-01-13T11:49:00,LW,3.16,Punta Delgada,2026-01-13T11:45:00,3.17
CUR018,2026-01-13T18:03:00,HW,8.06,Punta Delgada,2026-01-13T17:26:00,6.85
CUR018,2026-01-14T00:29:00,LW,3.94,Punta Delgada,2026-01-14T00:25:00,3.95
CUR018,2026-01-14T06:25:00,HW,8.11,Punta Delgada,2026-01-14T05:48:00,6.9
CUR018,2026-01-14T12:52:00,LW,2.97,Punta Delgada,2026-01-14T12:48:00,2.98
CUR018,2026-01-14T19:02:00,HW,8.22,Punta Delgada,2026-01-14T18:25:00,7.01
CUR018,2026-01-15T01:36:00,LW,3.8,Punta Delgada,2026-01-15T01:32:00,3.81
CUR018,2026-01-15T07:15:00,HW,8.3,Punta Delgada,2026-01-15T06:38:00,7.09
CUR018,2026-01-15T13:46:00,LW,2.68,Punta Delgada,2026-01-15T13:42:00,2.69
CUR018,2026-01-15T19:51:00,HW,8.48,Punta Delgada,2026-01-15T19:14:00,7.27
CUR018,2026-01-16T02:25:00,LW,3.54,Punta Delgada,2026-01-16T02:21:00,3.55
CUR018,2026-01-16T07:58:00,HW,8.55,Punta Delgada,2026-01-16T07:21:00,7.34
CUR018,2026-01-16T14:32:00,LW,2.35,Punta Delgada,2026-01-16T14:28:00,2.36
CUR018,2026-01-16T20:34:00,HW,8.77,Punta Delgada,2026-01-16T19:57:00,7.56
CUR018,2026-01-17T03:03:00,LW,3.23,Punta Delgada,2026-01-17T02:59:00,3.24
CUR018,2026-01-17T08:36:00,HW,8.81,Punta Delgada,2026-01-17T07:59:00,7.6
CUR018,2026-01-17T15:14:00,LW,2.01,Punta Delgada,2026-01-17T15:10:00,2.02
CUR018,2026-01-17T21:13:00,HW,9.04,Punta Delgada,2026-01-17T20:36:00,7.83
CUR018,2026-01-18T03:36:00,LW,2.92,Punta Delgada,2026-01-18T03:32:00,2.93
CUR018,2026-01-18T09:11:00,HW,9.06,Punta Delgada,2026-01-18T08:34:00,7.85
CUR018,2026-01-18T15:52:00,LW,1.72,Punta Delgada,2026-01-18T15:48:00,1.73
CUR018,2026-01-18T21:49:00,HW,9.27,Punta Delgada,2026-01-18T21:12:00,8.06
CUR018,2026-01-19T04:08:00,LW,2.62,Punta Delgada,2026-01-19T04:04:00,2.63
CUR018,2026-01-19T09:44:00,HW,9.29,Punta Delgada,2026-01-19T09:07:00,8.08
CUR018,2026-01-19T16:30:00,LW,1.48,Punta Delgada,2026-01-19T16:26:00,1.49
CUR018,2026-01-19T22:24:00,HW,9.43,Punta Delgada,2026-01-19T21:47:00,8.22
CUR018,2026-01-20T04:41:00,LW,2.38,Punta Delgada,2026-01-20T04:37:00,2.39
CUR018,2026-01-20T10:16:00,HW,9.49,Punta Delgada,2026-01-20T09:39:00,8.28
CUR018,2026-01-20T17:07:00,LW,1.35,Punta Delgada,2026-01-20T17:03:00,1.36
CUR018,2026-01-20T22:57:00,HW,9.53,Punta Delgada,2026-01-20T22:20:00,8.32
CUR018,2026-01-21T05:16:00,LW,2.21,Punta Delgada,2026-01-21T05:12:00,2.22
CUR018,2026-01-21T10:49:00,HW,9.64,Punta Delgada,2026-01-21T10:12:00,8.43
CUR018,2026-01-21T17:44:00,LW,1.34,Punta Delgada,2026-01-21T17:40:00,1.35
CUR018,2026-01-21T23:29:00,HW,9.57,Punta Delgada,2026-01-21T22:52:00,8.36
CUR018,2026-01-22T05:53:00,LW,2.12,Punta Delgada,2026-01-22T05:49:00,2.13
CUR018,2026-01-22T11:25:00,HW,9.71,Punta Delgada,2026-01-22T10:48:00,8.5
CUR018,2026-01-22T18:21:00,LW,1.45,Punta Delgada,2026-01-22T18:17:00,1.46
CUR018,2026-01-23T00:03:00,HW,9.56,Punta Delgada,2026-01-22T23:26:00,8.35
CUR018,2026-01-23T06:32:00,LW,2.11,Punta Delgada,2026-01-23T06:28:00,2.12
CUR018,2026-01-23T12:06:00,HW,9.68,Punta Delgada,2026-01-23T11:29:00,8.47
CUR018,2026-01-23T19:00:00,LW,1.68,Punta Delgada,2026-01-23T18:56:00,1.69
CUR018,2026-01-24T00:40:00,HW,9.49,Punta Delgada,2026-01-24T00:03:00,8.28
CUR018,2026-01-24T07:15:00,LW,2.16,Punta Delgada,2026-01-24T07:11:00,2.17
CUR018,2026-01-24T12:54:00,HW,9.54,Punta Delgada,2026-01-24T12:17:00,8.33
CUR018,2026-01-24T19:41:00,LW,2.01,Punta Delgada,2026-01-24T19:37:00,2.02
CUR018,2026-01-25T01:23:00,HW,9.34,Punta Delgada,2026-01-25T00:46:00,8.13
CUR018,2026-01-25T08:02:00,LW,2.25,Punta Delgada,2026-01-25T07:58:00,2.26
CUR018,2026-01-25T13:50:00,HW,9.3,Punta Delgada,2026-01-25T13:13:00,8.09
CUR018,2026-01-25T20:27:00,LW,2.38,Punta Delgada,2026-01-25T20:23:00,2.39
CUR018,2026-01-26T02:14:00,HW,9.13,Punta Delgada,2026-01-26T01:37:00,7.92
CUR018,2026-01-26T08:56:00,LW,2.34,Punta Delgada,2026-01-26T08:52:00,2.35
CUR018,2026-01-26T14:57:00,HW,9.03,Punta Delgada,2026-01-26T14:20:00,7.82
CUR018,2026-01-26T21:21:00,LW,2.75,Punta Delgada,2026-01-26T21:17:00,2.76
CUR018,2026-01-27T03:16:00,HW,8.9,Punta Delgada,2026-01-27T02:39:00,7.69
CUR018,2026-01-27T10:00:00,LW,2.37,Punta Delgada,2026-01-27T09:56:00,2.38
CUR018,2026-01-27T16:17:00,HW,8.85,Punta Delgada,2026-01-27T15:40:00,7.64
CUR018,2026-01-27T22:26:00,LW,3.01,Punta Delgada,2026-01-27T22:22:00,3.02
CUR018,2026-01-28T04:35:00,HW,8.79,Punta Delgada,2026-01-28T03:58:00,7.58
CUR018,2026-01-28T11:13:00,LW,2.25,Punta Delgada,2026-01-28T11:09:00,2.26
CUR018,2026-01-28T17:39:00,HW,8.88,Punta Delgada,2026-01-28T17:02:00,7.67
CUR018,2026-01-28T23:43:00,LW,3.08,Punta Delgada,2026-01-28T23:39:00,3.09
CUR018,2026-01-29T05:54:00,HW,8.94,Punta Delgada,2026-01-29T05:17:00,7.73
CUR018,2026-01-29T12:28:00,LW,1.94,Punta Delgada,2026-01-29T12:24:00,1.95
CUR018,2026-01-29T18:50:00,HW,9.13,Punta Delgada,2026-01-29T18:13:00,7.92
CUR018,2026-01-30T01:03:00,LW,2.87,Punta Delgada,2026-01-30T00:59:00,2.88
CUR018,2026-01-30T06:59:00,HW,9.26,Punta Delgada,2026-01-30T06:22:00,8.05
CUR018,2026-01-30T13:38:00,LW,1.49,Punta Delgada,2026-01-30T13:34:00,1.5
CUR018,2026-01-30T19:50:00,HW,9.48,Punta Delgada,2026-01-30T19:13:00,8.27
CUR018,2026-01-31T02:12:00,LW,2.46,Punta Delgada,2026-01-31T02:08:00,2.47
CUR018,2026-01-31T07:53:00,HW,9.62,Punta Delgada,2026-01-31T07:16:00,8.41
CUR018,2026-01-31T14:42:00,LW,1.02,Punta Delgada,2026-01-31T14:38:00,1.03
CUR018,2026-01-31T20:43:00,HW,9.81,Punta Delgada,2026-01-31T20:06:00,8.6
CUR018,2026-02-01T03:11:00,LW,1.98,Punta Delgada,2026-02-01T03:07:00,1.99
CUR018,2026-02-01T08:43:00,HW,9.93,Punta Delgada,2026-02-01T08:06:00,8.72
CUR018,2026-02-01T15:39:00,LW,0.63,Punta Delgada,2026-02-01T15:35:00,0.64
CUR018,2026-02-01T21:33:00,HW,10.05,Punta Delgada,2026-02-01T20:56:00,8.84
CUR018,2026-02-02T04:03:00,LW,1.58,Punta Delgada,2026-02-02T03:59:00,1.59
CUR018,2026-02-02T09:31:00,HW,10.11,Punta Delgada,2026-02-02T08:54:00,8.9
CUR018,2026-02-02T16:30:00,LW,0.42,Punta Delgada,2026-02-02T16:26:00,0.43
CUR018,2026-02-02T22:20:00,HW,10.16,Punta Delgada,2026-02-02T21:43:00,8.95
CUR018,2026-02-03T04:50:00,LW,1.33,Punta Delgada,2026-02-03T04:46:00,1.34
CUR018,2026-02-03T10:19:00,HW,10.14,Punta Delgada,2026-02-03T09:42:00,8.93
CUR018,2026-02-03T17:17:00,LW,0.45,Punta Delgada,2026-02-03T17:13:00,0.46
CUR018,2026-02-03T23:05:00,HW,10.13,Punta Delgada,2026-02-03T22:28:00,8.92
CUR018,2026-02-04T05:35:00,LW,1.27,Punta Delgada,2026-02-04T05:31:00,1.28
CUR018,2026-02-04T11:06:00,HW,10.02,Punta Delgada,2026-02-04T10:29:00,8.81
CUR018,2026-02-04T18:01:00,LW,0.73,Punta Delgada,2026-02-04T17:57:00,0.74
CUR018,2026-02-04T23:49:00,HW,9.97,Punta Delgada,2026-02-04T23:12:00,8.76
CUR018,2026-02-05T06:18:00,LW,1.4,Punta Delgada,2026-02-05T06:14:00,1.41
CUR018,2026-02-05T11:54:00,HW,9.77,Punta Delgada,2026-02-05T11:17:00,8.56
CUR018,2026-02-05T18:42:00,LW,1.22,Punta Delgada,2026-02-05T18:38:00,1.23
CUR018,2026-02-06T00:31:00,HW,9.7,Punta Delgada,2026-02-05T23:54:00,8.49
CUR018,2026-02-06T06:59:00,LW,1.68,Punta Delgada,2026-02-06T06:55:00,1.69
CUR018,2026-02-06T12:43:00,HW,9.42,Punta Delgada,2026-02-06T12:06:00,8.21
CUR018,2026-02-06T19:22:00,LW,1.86,Punta Delgada,2026-02-06T19:18:00,1.87
CUR018,2026-02-07T01:12:00,HW,9.34,Punta Delgada,2026-02-07T00:35:00,8.13
CUR018,2026-02-07T07:40:00,LW,2.06,Punta Delgada,2026-02-07T07:36:00,2.07
CUR018,2026-02-07T13:32:00,HW,9.03,Punta Delgada,2026-02-07T12:55:00,7.82
CUR018,2026-02-07T19:59:00,LW,2.55,Punta Delgada,2026-02-07T19:55:00,2.56
CUR018,2026-02-08T01:54:00,HW,8.93,Punta Delgada,2026-02-08T01:17:00,7.72
CUR018,2026-02-08T08:20:00,LW,2.47,Punta Delgada,2026-02-08T08:16:00,2.48
CUR018,2026-02-08T14:24:00,HW,8.62,Punta Delgada,2026-02-08T13:47:00,7.41
CUR018,2026-02-08T20:36:00,LW,3.2,Punta Delgada,2026-02-08T20:32:00,3.21
CUR018,2026-02-09T02:39:00,HW,8.51,Punta Delgada,2026-02-09T02:02:00,7.3
CUR018,2026-02-09T09:03:00,LW,2.83,Punta Delgada,2026-02-09T08:59:00,2.84
CUR018,2026-02-09T15:18:00,HW,8.26,Punta Delgada,2026-02-09T14:41:00,7.05
CUR018,2026-02-09T21:13:00,LW,3.72,Punta Delgada,2026-02-09T21:09:00,3.73
CUR018,2026-02-10T03:31:00,HW,8.15,Punta Delgada,2026-02-10T02:54:00,6.94
CUR018,2026-02-10T09:50:00,LW,3.1,Punta Delgada,2026-02-10T09:46:00,3.11
CUR018,2026-02-10T16:17:00,HW,8.01,Punta Delgada,2026-02-10T15:40:00,6.8
CUR018,2026-02-10T21:57:00,LW,4.08,Punta Delgada,2026-02-10T21:53:00,4.09
CUR018,2026-02-11T04:33:00,HW,7.91,Punta Delgada,2026-02-11T03:56:00,6.7
CUR018,2026-02-11T10:46:00,LW,3.22,Punta Delgada,2026-02-11T10:42:00,3.23
CUR018,2026-02-11T17:21:00,HW,7.92,Punta Delgada,2026-02-11T16:44:00,6.71
CUR018,2026-02-11T22:56:00,LW,4.25,Punta Delgada,2026-02-11T22:52:00,4.26
CUR018,2026-02-12T05:37:00,HW,7.88,Punta Delgada,2026-02-12T05:00:00,6.67
CUR018,2026-02-12T11:48:00,LW,3.16,Punta Delgada,2026-02-12T11:44:00,3.17
CUR018,2026-02-12T18:22:00,HW,8.03,Punta Delgada,2026-02-12T17:45:00,6.82
CUR018,2026-02-13T00:11:00,LW,4.19,Punta Delgada,2026-02-13T00:07:00,4.2
CUR018,2026-02-13T06:33:00,HW,8.04,Punta Delgada,2026-02-13T05:56:00,6.83
CUR018,2026-02-13T12:47:00,LW,2.94,Punta Delgada,2026-02-13T12:43:00,2.95
CUR018,2026-02-13T19:15:00,HW,8.28,Punta Delgada,2026-02-13T18:38:00,7.07
CUR018,2026-02-14T01:22:00,LW,3.91,Punta Delgada,2026-02-14T01:18:00,3.92
CUR018,2026-02-14T07:20:00,HW,8.31,Punta Delgada,2026-02-14T06:43:00,7.1
CUR018,2026-02-14T13:41:00,LW,2.61,Punta Delgada,2026-02-14T13:37:00,2.62
CUR018,2026-02-14T20:00:00,HW,8.61,Punta Delgada,2026-02-14T19:23:00,7.4
CUR018,2026-02-15T02:13:00,LW,3.5,Punta Delgada,2026-02-15T02:09:00,3.51
CUR018,2026-02-15T08:02:00,HW,8.65,Punta Delgada,2026-02-15T07:25:00,7.44
CUR018,2026-02-15T14:31:00,LW,2.23,Punta Delgada,2026-02-15T14:27:00,2.24
CUR018,2026-02-15T20:41:00,HW,8.95,Punta Delgada,2026-02-15T20:04:00,7.74
CUR018,2026-02-16T02:55:00,LW,3.04,Punta Delgada,2026-02-16T02:51:00,3.05
CUR018,2026-02-16T08:40:00,HW,9.01,Punta Delgada,2026-02-16T08:03:00,7.8
CUR018,2026-02-16T15:17:00,LW,1.86,Punta Delgada,2026-02-16T15:13:00,1.87
CUR018,2026-02-16T21:19:00,HW,9.26,Punta Delgada,2026-02-16T20:42:00,8.05
CUR018,2026-02-17T03:35:00,LW,2.6,Punta Delgada,2026-02-17T03:31:00,2.61
CUR018,2026-02-17T09:17:00,HW,9.35,Punta Delgada,2026-02-17T08:40:00,8.14
CUR018,2026-02-17T16:01:00,LW,1.54,Punta Delgada,2026-02-17T15:57:00,1.55
CUR018,2026-02-17T21:54:00,HW,9.51,Punta Delgada,2026-02-17T21:17:00,8.3
CUR018,2026-02-18T04:15:00,LW,2.2,Punta Delgada,2026-02-18T04:11:00,2.21
CUR018,2026-02-18T09:53:00,HW,9.63,Punta Delgada,2026-02-18T09:16:00,8.42
CUR018,2026-02-18T16:43:00,LW,1.33,Punta Delgada,2026-02-18T16:39:00,1.34
CUR018,2026-02-18T22:28:00,HW,9.7,Punta Delgada,2026-02-18T21:51:00,8.49
CUR018,2026-02-19T04:56:00,LW,1.9,Punta Delgada,2026-02-19T04:52:00,1.91
CUR018,2026-02-19T10:29:00,HW,9.84,Punta Delgada,2026-02-19T09:52:00,8.63
CUR018,2026-02-19T17:23:00,LW,1.26,Punta Delgada,2026-02-19T17:19:00,1.27
CUR018,2026-02-19T23:01:00,HW,9.81,Punta Delgada,2026-02-19T22:24:00,8.6
CUR018,2026-02-20T05:37:00,LW,1.71,Punta Delgada,2026-02-20T05:33:00,1.72
CUR018,2026-02-20T11:09:00,HW,9.93,Punta Delgada,2026-02-20T10:32:00,8.72
CUR018,2026-02-20T18:03:00,LW,1.35,Punta Delgada,2026-02-20T17:59:00,1.36
CUR018,2026-02-20T23:36:00,HW,9.85,Punta Delgada,2026-02-20T22:59:00,8.64
CUR018,2026-02-21T06:19:00,LW,1.64,Punta Delgada,2026-02-21T06:15:00,1.65
CUR018,2026-02-21T11:52:00,HW,9.9,Punta Delgada,2026-02-21T11:15:00,8.69
CUR018,2026-02-21T18:43:00,LW,1.59,Punta Delgada,2026-02-21T18:39:00,1.6
CUR018,2026-02-22T00:15:00,HW,9.8,Punta Delgada,2026-02-21T23:38:00,8.59
CUR018,2026-02-22T07:03:00,LW,1.66,Punta Delgada,2026-02-22T06:59:00,1.67
CUR018,2026-02-22T12:41:00,HW,9.74,Punta Delgada,2026-02-22T12:04:00,8.53
CUR018,2026-02-22T19:24:00,LW,1.94,Punta Delgada,2026-02-22T19:20:00,1.95
CUR018,2026-02-23T00:58:00,HW,9.66,Punta Delgada,2026-02-23T00:21:00,8.45
CUR018,2026-02-23T07:50:00,LW,1.77,Punta Delgada,2026-02-23T07:46:00,1.78
CUR018,2026-02-23T13:37:00,HW,9.47,Punta Delgada,2026-02-23T13:00:00,8.26
CUR018,2026-02-23T20:09:00,LW,2.36,Punta Delgada,2026-02-23T20:05:00,2.37
CUR018,2026-02-24T01:48:00,HW,9.43,Punta Delgada,2026-02-24T01:11:00,8.22
CUR018,2026-02-24T08:42:00,LW,1.91,Punta Delgada,2026-02-24T08:38:00,1.92
CUR018,2026-02-24T14:41:00,HW,9.17,Punta Delgada,2026-02-24T14:04:00,7.96
CUR018,2026-02-24T21:01:00,LW,2.77,Punta Delgada,2026-02-24T20:57:00,2.78
CUR018,2026-02-25T02:46:00,HW,9.14,Punta Delgada,2026-02-25T02:09:00,7.93
CUR018,2026-02-25T09:42:00,LW,2.04,Punta Delgada,2026-02-25T09:38:00,2.05
CUR018,2026-02-25T15:55:00,HW,8.91,Punta Delgada,2026-02-25T15:18:00,7.7
CUR018,2026-02-25T22:04:00,LW,3.09,Punta Delgada,2026-02-25T22:00:00,3.1
CUR018,2026-02-26T04:00:00,HW,8.91,Punta Delgada,2026-02-26T03:23:00,7.7
CUR018,2026-02-26T10:52:00,LW,2.07,Punta Delgada,2026-02-26T10:48:00,2.08
CUR018,2026-02-26T17:16:00,HW,8.83,Punta Delgada,2026-02-26T16:39:00,7.62
CUR018,2026-02-26T23:19:00,LW,3.21,Punta Delgada,2026-02-26T23:15:00,3.22
CUR018,2026-02-27T05:24:00,HW,8.9,Punta Delgada,2026-02-27T04:47:00,7.69
CUR018,2026-02-27T12:06:00,LW,1.92,Punta Delgada,2026-02-27T12:02:00,1.93
CUR018,2026-02-27T18:30:00,HW,9.0,Punta Delgada,2026-02-27T17:53:00,7.79
CUR018,2026-02-28T00:40:00,LW,3.03,Punta Delgada,2026-02-28T00:36:00,3.04
CUR018,2026-02-28T06:36:00,HW,9.12,Punta Delgada,2026-02-28T05:59:00,7.91
CUR018,2026-02-28T13:17:00,LW,1.63,Punta Delgada,2026-02-28T13:13:00,1.64
CUR018,2026-02-28T19:33:00,HW,9.3,Punta Delgada,2026-02-28T18:56:00,8.09
CUR018,2026-03-01T01:52:00,LW,2.61,Punta Delgada,2026-03-01T01:48:00,2.62
CUR018,2026-03-01T07:35:00,HW,9.43,Punta Delgada,2026-03-01T06:58:00,8.22
CUR018,2026-03-01T14:22:00,LW,1.27,Punta Delgada,2026-03-01T14:18:00,1.28
CUR018,2026-03-01T20:27:00,HW,9.63,Punta Delgada,2026-03-01T19:50:00,8.42
CUR018,2026-03-02T02:52:00,LW,2.08,Punta Delgada,2026-03-02T02:48:00,2.09
CUR018,2026-03-02T08:29:00,HW,9.71,Punta Delgada,2026-03-02T07:52:00,8.5
CUR018,2026-03-02T15:21:00,LW,0.95,Punta Delgada,2026-03-02T15:17:00,0.96
CUR018,2026-03-02T21:15:00,HW,9.88,Punta Delgada,2026-03-02T20:38:00,8.67
CUR018,2026-03-03T03:44:00,LW,1.61,Punta Delgada,2026-03-03T03:40:00,1.62
CUR018,2026-03-03T09:19:00,HW,9.89,Punta Delgada,2026-03-03T08:42:00,8.68
CUR018,2026-03-03T16:12:00,LW,0.77,Punta Delgada,2026-03-03T16:08:00,0.78
CUR018,2026-03-03T22:01:00,HW,10.02,Punta Delgada,2026-03-03T21:24:00,8.81
CUR018,2026-03-04T04:32:00,LW,1.29,Punta Delgada,2026-03-04T04:28:00,1.3
CUR018,2026-03-04T10:07:00,HW,9.95,Punta Delgada,2026-03-04T09:30:00,8.74
CUR018,2026-03-04T16:59:00,LW,0.8,Punta Delgada,2026-03-04T16:55:00,0.81
CUR018,2026-03-04T22:44:00,HW,10.03,Punta Delgada,2026-03-04T22:07:00,8.82
CUR018,2026-03-05T05:17:00,LW,1.17,Punta Delgada,2026-03-05T05:13:00,1.18
CUR018,2026-03-05T10:55:00,HW,9.87,Punta Delgada,2026-03-05T10:18:00,8.66
CUR018,2026-03-05T17:41:00,LW,1.05,Punta Delgada,2026-03-05T17:37:00,1.06
CUR018,2026-03-05T23:26:00,HW,9.9,Punta Delgada,2026-03-05T22:49:00,8.69
CUR018,2026-03-06T05:58:00,LW,1.24,Punta Delgada,2026-03-06T05:54:00,1.25
CUR018,2026-03-06T11:41:00,HW,9.66,Punta Delgada,2026-03-06T11:04:00,8.45
CUR018,2026-03-06T18:21:00,LW,1.51,Punta Delgada,2026-03-06T18:17:00,1.52
CUR018,2026-03-07T00:06:00,HW,9.66,Punta Delgada,2026-03-06T23:29:00,8.45
CUR018,2026-03-07T06:38:00,LW,1.49,Punta Delgada,2026-03-07T06:34:00,1.5
CUR018,2026-03-07T12:27:00,HW,9.37,Punta Delgada,2026-03-07T11:50:00,8.16
CUR018,2026-03-07T18:57:00,LW,2.09,Punta Delgada,2026-03-07T18:53:00,2.1
CUR018,2026-03-08T00:44:00,HW,9.33,Punta Delgada,2026-03-08T00:07:00,8.12
CUR018,2026-03-08T07:15:00,LW,1.85,Punta Delgada,2026-03-08T07:11:00,1.86
CUR018,2026-03-08T13:13:00,HW,9.03,Punta Delgada,2026-03-08T12:36:00,7.82
CUR018,2026-03-08T19:30:00,LW,2.71,Punta Delgada,2026-03-08T19:26:00,2.72
CUR018,2026-03-09T01:22:00,HW,8.96,Punta Delgada,2026-03-09T00:45:00,7.75
CUR018,2026-03-09T07:51:00,LW,2.25,Punta Delgada,2026-03-09T07:47:00,2.26
CUR018,2026-03-09T13:58:00,HW,8.67,Punta Delgada,2026-03-09T13:21:00,7.46
CUR018,2026-03-09T19:58:00,LW,3.27,Punta Delgada,2026-03-09T19:54:00,3.28
CUR018,2026-03-10T02:01:00,HW,8.57,Punta Delgada,2026-03-10T01:24:00,7.36
CUR018,2026-03-10T08:26:00,LW,2.63,Punta Delgada,2026-03-10T08:22:00,2.64
CUR018,2026-03-10T14:46:00,HW,8.33,Punta Delgada,2026-03-10T14:09:00,7.12
CUR018,2026-03-10T20:27:00,LW,3.73,Punta Delgada,2026-03-10T20:23:00,3.74
CUR018,2026-03-11T02:44:00,HW,8.21,Punta Delgada,2026-03-11T02:07:00,7.0
CUR018,2026-03-11T09:05:00,LW,2.93,Punta Delgada,2026-03-11T09:01:00,2.94
CUR018,2026-03-11T15:37:00,HW,8.06,Punta Delgada,2026-03-11T15:00:00,6.85
CUR018,2026-03-11T21:04:00,LW,4.04,Punta Delgada,2026-03-11T21:00:00,4.05
CUR018,2026-03-12T03:38:00,HW,7.93,Punta Delgada,2026-03-12T03:01:00,6.72
CUR018,2026-03-12T09:51:00,LW,3.12,Punta Delgada,2026-03-12T09:47:00,3.13
CUR018,2026-03-12T16:35:00,HW,7.91,Punta Delgada,2026-03-12T15:58:00,6.7
CUR018,2026-03-12T21:53:00,LW,4.22,Punta Delgada,2026-03-12T21:49:00,4.23
CUR018,2026-03-13T04:43:00,HW,7.81,Punta Delgada,2026-03-13T04:06:00,6.6
CUR018,2026-03-13T10:46:00,LW,3.16,Punta Delgada,2026-03-13T10:42:00,3.17
CUR018,2026-03-13T17:37:00,HW,7.94,Punta Delgada,2026-03-13T17:00:00,6.73
CUR018,2026-03-13T22:54:00,LW,4.21,Punta Delgada,2026-03-13T22:50:00,4.22
CUR018,2026-03-14T05:46:00,HW,7.91,Punta Delgada,2026-03-14T05:09:00,6.7
CUR018,2026-03-14T11:46:00,LW,3.04,Punta Delgada,2026-03-14T11:42:00,3.05
CUR018,2026-03-14T18:35:00,HW,8.15,Punta Delgada,2026-03-14T17:58:00,6.94
CUR018,2026-03-15T00:05:00,LW,4.0,Punta Delgada,2026-03-15T00:01:00,4.01
CUR018,2026-03-15T06:41:00,HW,8.19,Punta Delgada,2026-03-15T06:04:00,6.98
CUR018,2026-03-15T12:47:00,LW,2.78,Punta Delgada,2026-03-15T12:43:00,2.79
CUR018,2026-03-15T19:25:00,HW,8.48,Punta Delgada,2026-03-15T18:48:00,7.27
CUR018,2026-03-16T01:14:00,LW,3.58,Punta Delgada,2026-03-16T01:10:00,3.59
CUR018,2026-03-16T07:28:00,HW,8.58,Punta Delgada,2026-03-16T06:51:00,7.37
CUR018,2026-03-16T13:47:00,LW,2.42,Punta Delgada,2026-03-16T13:43:00,2.43
CUR018,2026-03-16T20:09:00,HW,8.87,Punta Delgada,2026-03-16T19:32:00,7.66
CUR018,2026-03-17T02:13:00,LW,3.05,Punta Delgada,2026-03-17T02:09:00,3.06
CUR018,2026-03-17T08:12:00,HW,9.0,Punta Delgada,2026-03-17T07:35:00,7.79
CUR018,2026-03-17T14:43:00,LW,2.02,Punta Delgada,2026-03-17T14:39:00,2.03
CUR018,2026-03-17T20:49:00,HW,9.25,Punta Delgada,2026-03-17T20:12:00,8.04
CUR018,2026-03-18T03:04:00,LW,2.49,Punta Delgada,2026-03-18T03:00:00,2.5
CUR018,2026-03-18T08:52:00,HW,9.41,Punta Delgada,2026-03-18T08:15:00,8.2
CUR018,2026-03-18T15:34:00,LW,1.65,Punta Delgada,2026-03-18T15:30:00,1.66
CUR018,2026-03-18T21:26:00,HW,9.58,Punta Delgada,2026-03-18T20:49:00,8.37
CUR018,2026-03-19T03:51:00,LW,1.99,Punta Delgada,2026-03-19T03:47:00,2.0
CUR018,2026-03-19T09:32:00,HW,9.76,Punta Delgada,2026-03-19T08:55:00,8.55
CUR018,2026-03-19T16:20:00,LW,1.39,Punta Delgada,2026-03-19T16:16:00,1.4
CUR018,2026-03-19T22:01:00,HW,9.83,Punta Delgada,2026-03-19T21:24:00,8.62
CUR018,2026-03-20T04:37:00,LW,1.57,Punta Delgada,2026-03-20T04:33:00,1.58
CUR018,2026-03-20T10:13:00,HW,9.99,Punta Delgada,2026-03-20T09:36:00,8.78
CUR018,2026-03-20T17:04:00,LW,1.27,Punta Delgada,2026-03-20T17:00:00,1.28
CUR018,2026-03-20T22:36:00,HW,10.01,Punta Delgada,2026-03-20T21:59:00,8.8
CUR018,2026-03-21T05:22:00,LW,1.3,Punta Delgada,2026-03-21T05:18:00,1.31
CUR018,2026-03-21T10:55:00,HW,10.1,Punta Delgada,2026-03-21T10:18:00,8.89
CUR018,2026-03-21T17:46:00,LW,1.33,Punta Delgada,2026-03-21T17:42:00,1.34
CUR018,2026-03-21T23:13:00,HW,10.09,Punta Delgada,2026-03-21T22:36:00,8.88
CUR018,2026-03-22T06:07:00,LW,1.17,Punta Delgada,2026-03-22T06:03:00,1.18
CUR018,2026-03-22T11:40:00,HW,10.05,Punta Delgada,2026-03-22T11:03:00,8.84
CUR018,2026-03-22T18:27:00,LW,1.55,Punta Delgada,2026-03-22T18:23:00,1.56
CUR018,2026-03-22T23:53:00,HW,10.06,Punta Delgada,2026-03-22T23:16:00,8.85
CUR018,2026-03-23T06:52:00,LW,1.18,Punta Delgada,2026-03-23T06:48:00,1.19
CUR018,2026-03-23T12:30:00,HW,9.88,Punta Delgada,2026-03-23T11:53:00,8.67
CUR018,2026-03-23T19:09:00,LW,1.91,Punta Delgada,2026-03-23T19:05:00,1.92
CUR018,2026-03-24T00:37:00,HW,9.92,Punta Delgada,2026-03-24T00:00:00,8.71
CUR018,2026-03-24T07:38:00,LW,1.32,Punta Delgada,2026-03-24T07:34:00,1.33
CUR018,2026-03-24T13:25:00,HW,9.6,Punta Delgada,2026-03-24T12:48:00,8.39
CUR018,2026-03-24T19:54:00,LW,2.33,Punta Delgada,2026-03-24T19:50:00,2.34
CUR018,2026-03-25T01:26:00,HW,9.66,Punta Delgada,2026-03-25T00:49:00,8.45
CUR018,2026-03-25T08:29:00,LW,1.55,Punta Delgada,2026-03-25T08:25:00,1.56
CUR018,2026-03-25T14:26:00,HW,9.27,Punta Delgada,2026-03-25T13:49:00,8.06
CUR018,2026-03-25T20:44:00,LW,2.76,Punta Delgada,2026-03-25T20:40:00,2.77
CUR018,2026-03-26T02:23:00,HW,9.32,Punta Delgada,2026-03-26T01:46:00,8.11
CUR018,2026-03-26T09:25:00,LW,1.8,Punta Delgada,2026-03-26T09:21:00,1.81
CUR018,2026-03-26T15:34:00,HW,8.96,Punta Delgada,2026-03-26T14:57:00,7.75
CUR018,2026-03-26T21:44:00,LW,3.1,Punta Delgada,2026-03-26T21:40:00,3.11
CUR018,2026-03-27T03:33:00,HW,8.99,Punta Delgada,2026-03-27T02:56:00,7.78
CUR018,2026-03-27T10:31:00,LW,1.99,Punta Delgada,2026-03-27T10:27:00,2.0
CUR018,2026-03-27T16:51:00,HW,8.78,Punta Delgada,2026-03-27T16:14:00,7.57
CUR018,2026-03-27T22:57:00,LW,3.25,Punta Delgada,2026-03-27T22:53:00,3.26
CUR018,2026-03-28T04:56:00,HW,8.84,Punta Delgada,2026-03-28T04:19:00,7.63
CUR018,2026-03-28T11:43:00,LW,2.04,Punta Delgada,2026-03-28T11:39:00,2.05
CUR018,2026-03-28T18:07:00,HW,8.85,Punta Delgada,2026-03-28T17:30:00,7.64
CUR018,2026-03-29T00:17:00,LW,3.1,Punta Delgada,2026-03-29T00:13:00,3.11
CUR018,2026-03-29T06:14:00,HW,8.94,Punta Delgada,2026-03-29T05:37:00,7.73
CUR018,2026-03-29T12:55:00,LW,1.91,Punta Delgada,2026-03-29T12:51:00,1.92
CUR018,2026-03-29T19:12:00,HW,9.09,Punta Delgada,2026-03-29T18:35:00,7.88
CUR018,2026-03-30T01:30:00,LW,2.69,Punta Delgada,2026-03-30T01:26:00,2.7
CUR018,2026-03-30T07:18:00,HW,9.18,Punta Delgada,2026-03-30T06:41:00,7.97
CUR018,2026-03-30T14:02:00,LW,1.67,Punta Delgada,2026-03-30T13:58:00,1.68
CUR018,2026-03-30T20:07:00,HW,9.39,Punta Delgada,2026-03-30T19:30:00,8.18
CUR018,2026-03-31T02:31:00,LW,2.16,Punta Delgada,2026-03-31T02:27:00,2.17
CUR018,2026-03-31T08:15:00,HW,9.44,Punta Delgada,2026-03-31T07:38:00,8.23
CUR018,2026-03-31T15:01:00,LW,1.42,Punta Delgada,2026-03-31T14:57:00,1.43
CUR018,2026-03-31T20:55:00,HW,9.65,Punta Delgada,2026-03-31T20:18:00,8.44
CUR018,2026-04-01T03:24:00,LW,1.67,Punta Delgada,2026-04-01T03:20:00,1.68
CUR018,2026-04-01T09:06:00,HW,9.63,Punta Delgada,2026-04-01T08:29:00,8.42
CUR018,2026-04-01T15:53:00,LW,1.25,Punta Delgada,2026-04-01T15:49:00,1.26
CUR018,2026-04-01T21:40:00,HW,9.81,Punta Delgada,2026-04-01T21:03:00,8.6
CUR018,2026-04-02T04:12:00,LW,1.31,Punta Delgada,2026-04-02T04:08:00,1.32
CUR018,2026-04-02T09:55:00,HW,9.72,Punta Delgada,2026-04-02T09:18:00,8.51
CUR018,2026-04-02T16:39:00,LW,1.25,Punta Delgada,2026-04-02T16:35:00,1.26
CUR018,2026-04-02T22:21:00,HW,9.85,Punta Delgada,2026-04-02T21:44:00,8.64
CUR018,2026-04-03T04:56:00,LW,1.14,Punta Delgada,2026-04-03T04:52:00,1.15
CUR018,2026-04-03T10:41:00,HW,9.7,Punta Delgada,2026-04-03T10:04:00,8.49
CUR018,2026-04-03T17:21:00,LW,1.45,Punta Delgada,2026-04-03T17:17:00,1.46
CUR018,2026-04-03T23:01:00,HW,9.77,Punta Delgada,2026-04-03T22:24:00,8.56
CUR018,2026-04-04T05:37:00,LW,1.17,Punta Delgada,2026-04-04T05:33:00,1.18
CUR018,2026-04-04T11:25:00,HW,9.56,Punta Delgada,2026-04-04T10:48:00,8.35
CUR018,2026-04-04T17:58:00,LW,1.81,Punta Delgada,2026-04-04T17:54:00,1.82
CUR018,2026-04-04T23:39:00,HW,9.57,Punta Delgada,2026-04-04T23:02:00,8.36
CUR018,2026-04-05T06:15:00,LW,1.37,Punta Delgada,2026-04-05T06:11:00,1.38
CUR018,2026-04-05T12:08:00,HW,9.34,Punta Delgada,2026-04-05T11:31:00,8.13
CUR018,2026-04-05T18:31:00,LW,2.29,Punta Delgada,2026-04-05T18:27:00,2.3
CUR018,2026-04-06T00:14:00,HW,9.3,Punta Delgada,2026-04-05T23:37:00,8.09
CUR018,2026-04-06T06:49:00,LW,1.69,Punta Delgada,2026-04-06T06:45:00,1.7
CUR018,2026-04-06T12:50:00,HW,9.06,Punta Delgada,2026-04-06T12:13:00,7.85
CUR018,2026-04-06T18:59:00,LW,2.79,Punta Delgada,2026-04-06T18:55:00,2.8
CUR018,2026-04-07T00:48:00,HW,8.98,Punta Delgada,2026-04-07T00:11:00,7.77
CUR018,2026-04-07T07:21:00,LW,2.06,Punta Delgada,2026-04-07T07:17:00,2.07
CUR018,2026-04-07T13:31:00,HW,8.77,Punta Delgada,2026-04-07T12:54:00,7.56
CUR018,2026-04-07T19:23:00,LW,3.23,Punta Delgada,2026-04-07T19:19:00,3.24
CUR018,2026-04-08T01:21:00,HW,8.66,Punta Delgada,2026-04-08T00:44:00,7.45
CUR018,2026-04-08T07:52:00,LW,2.41,Punta Delgada,2026-04-08T07:48:00,2.42
CUR018,2026-04-08T14:12:00,HW,8.48,Punta Delgada,2026-04-08T13:35:00,7.27
CUR018,2026-04-08T19:49:00,LW,3.58,Punta Delgada,2026-04-08T19:45:00,3.59
CUR018,2026-04-09T01:56:00,HW,8.36,Punta Delgada,2026-04-09T01:19:00,7.15
CUR018,2026-04-09T08:27:00,LW,2.7,Punta Delgada,2026-04-09T08:23:00,2.71
CUR018,2026-04-09T14:57:00,HW,8.22,Punta Delgada,2026-04-09T14:20:00,7.01
CUR018,2026-04-09T20:24:00,LW,3.83,Punta Delgada,2026-04-09T20:20:00,3.84
CUR018,2026-04-10T02:39:00,HW,8.12,Punta Delgada,2026-04-10T02:02:00,6.91
CUR018,2026-04-10T09:08:00,LW,2.92,Punta Delgada,2026-04-10T09:04:00,2.93
CUR018,2026-04-10T15:48:00,HW,8.03,Punta Delgada,2026-04-10T15:11:00,6.82
CUR018,2026-04-10T21:10:00,LW,3.99,Punta Delgada,2026-04-10T21:06:00,4.0
CUR018,2026-04-11T03:39:00,HW,7.95,Punta Delgada,2026-04-11T03:02:00,6.74
CUR018,2026-04-11T09:58:00,LW,3.04,Punta Delgada,2026-04-11T09:54:00,3.05
CUR018,2026-04-11T16:49:00,HW,7.97,Punta Delgada,2026-04-11T16:12:00,6.76
CUR018,2026-04-11T22:08:00,LW,4.02,Punta Delgada,2026-04-11T22:04:00,4.03
CUR018,2026-04-12T04:53:00,HW,7.96,Punta Delgada,2026-04-12T04:16:00,6.75
CUR018,2026-04-12T10:57:00,LW,3.02,Punta Delgada,2026-04-12T10:53:00,3.03
CUR018,2026-04-12T17:52:00,HW,8.1,Punta Delgada,2026-04-12T17:15:00,6.89
CUR018,2026-04-12T23:16:00,LW,3.86,Punta Delgada,2026-04-12T23:12:00,3.87
CUR018,2026-04-13T05:59:00,HW,8.19,Punta Delgada,2026-04-13T05:22:00,6.98
CUR018,2026-04-13T12:01:00,LW,2.87,Punta Delgada,2026-04-13T11:57:00,2.88
CUR018,2026-04-13T18:48:00,HW,8.4,Punta Delgada,2026-04-13T18:11:00,7.19
CUR018,2026-04-14T00:28:00,LW,3.49,Punta Delgada,2026-04-14T00:24:00,3.5
CUR018,2026-04-14T06:55:00,HW,8.57,Punta Delgada,2026-04-14T06:18:00,7.36
CUR018,2026-04-14T13:06:00,LW,2.58,Punta Delgada,2026-04-14T13:02:00,2.59
CUR018,2026-04-14T19:36:00,HW,8.8,Punta Delgada,2026-04-14T18:59:00,7.59
CUR018,2026-04-15T01:36:00,LW,2.95,Punta Delgada,2026-04-15T01:32:00,2.96
CUR018,2026-04-15T07:45:00,HW,9.02,Punta Delgada,2026-04-15T07:08:00,7.81
CUR018,2026-04-15T14:10:00,LW,2.21,Punta Delgada,2026-04-15T14:06:00,2.22
CUR018,2026-04-15T20:19:00,HW,9.22,Punta Delgada,2026-04-15T19:42:00,8.01
CUR018,2026-04-16T02:35:00,LW,2.33,Punta Delgada,2026-04-16T02:31:00,2.34
CUR018,2026-04-16T08:31:00,HW,9.46,Punta Delgada,2026-04-16T07:54:00,8.25
CUR018,2026-04-16T15:08:00,LW,1.83,Punta Delgada,2026-04-16T15:04:00,1.84
CUR018,2026-04-16T20:58:00,HW,9.61,Punta Delgada,2026-04-16T20:21:00,8.4
CUR018,2026-04-17T03:29:00,LW,1.74,Punta Delgada,2026-04-17T03:25:00,1.75
CUR018,2026-04-17T09:15:00,HW,9.84,Punta Delgada,2026-04-17T08:38:00,8.63
CUR018,2026-04-17T15:59:00,LW,1.52,Punta Delgada,2026-04-17T15:55:00,1.53
CUR018,2026-04-17T21:36:00,HW,9.94,Punta Delgada,2026-04-17T20:59:00,8.73
CUR018,2026-04-18T04:19:00,LW,1.25,Punta Delgada,2026-04-18T04:15:00,1.26
CUR018,2026-04-18T09:59:00,HW,10.09,Punta Delgada,2026-04-18T09:22:00,8.88
CUR018,2026-04-18T16:46:00,LW,1.35,Punta Delgada,2026-04-18T16:42:00,1.36
CUR018,2026-04-18T22:14:00,HW,10.16,Punta Delgada,2026-04-18T21:37:00,8.95
CUR018,2026-04-19T05:07:00,LW,0.9,Punta Delgada,2026-04-19T05:03:00,0.91
CUR018,2026-04-19T10:43:00,HW,10.2,Punta Delgada,2026-04-19T10:06:00,8.99
CUR018,2026-04-19T17:30:00,LW,1.36,Punta Delgada,2026-04-19T17:26:00,1.37
CUR018,2026-04-19T22:53:00,HW,10.27,Punta Delgada,2026-04-19T22:16:00,9.06
CUR018,2026-04-20T05:54:00,LW,0.74,Punta Delgada,2026-04-20T05:50:00,0.75
CUR018,2026-04-20T11:30:00,HW,10.16,Punta Delgada,2026-04-20T10:53:00,8.95
CUR018,2026-04-20T18:12:00,LW,1.54,Punta Delgada,2026-04-20T18:08:00,1.55
CUR018,2026-04-20T23:34:00,HW,10.25,Punta Delgada,2026-04-20T22:57:00,9.04
CUR018,2026-04-21T06:39:00,LW,0.77,Punta Delgada,2026-04-21T06:35:00,0.78
CUR018,2026-04-21T12:20:00,HW,9.98,Punta Delgada,2026-04-21T11:43:00,8.77
CUR018,2026-04-21T18:55:00,LW,1.85,Punta Delgada,2026-04-21T18:51:00,1.86
CUR018,2026-04-22T00:18:00,HW,10.09,Punta Delgada,2026-04-21T23:41:00,8.88
CUR018,2026-04-22T07:26:00,LW,0.96,Punta Delgada,2026-04-22T07:22:00,0.97
CUR018,2026-04-22T13:13:00,HW,9.7,Punta Delgada,2026-04-22T12:36:00,8.49
CUR018,2026-04-22T19:40:00,LW,2.25,Punta Delgada,2026-04-22T19:36:00,2.26
CUR018,2026-04-23T01:07:00,HW,9.8,Punta Delgada,2026-04-23T00:30:00,8.59
CUR018,2026-04-23T08:14:00,LW,1.29,Punta Delgada,2026-04-23T08:10:00,1.3
CUR018,2026-04-23T14:10:00,HW,9.36,Punta Delgada,2026-04-23T13:33:00,8.15
CUR018,2026-04-23T20:29:00,LW,2.66,Punta Delgada,2026-04-23T20:25:00,2.67
CUR018,2026-04-24T02:03:00,HW,9.42,Punta Delgada,2026-04-24T01:26:00,8.21
CUR018,2026-04-24T09:08:00,LW,1.68,Punta Delgada,2026-04-24T09:04:00,1.69
CUR018,2026-04-24T15:12:00,HW,9.01,Punta Delgada,2026-04-24T14:35:00,7.8
CUR018,2026-04-24T21:26:00,LW,3.01,Punta Delgada,2026-04-24T21:22:00,3.02
CUR018,2026-04-25T03:10:00,HW,9.02,Punta Delgada,2026-04-25T02:33:00,7.81
CUR018,2026-04-25T10:09:00,LW,2.05,Punta Delgada,2026-04-25T10:05:00,2.06
CUR018,2026-04-25T16:22:00,HW,8.75,Punta Delgada,2026-04-25T15:45:00,7.54
CUR018,2026-04-25T22:34:00,LW,3.19,Punta Delgada,2026-04-25T22:30:00,3.2
CUR018,2026-04-26T04:31:00,HW,8.76,Punta Delgada,2026-04-26T03:54:00,7.55
CUR018,2026-04-26T11:19:00,LW,2.28,Punta Delgada,2026-04-26T11:15:00,2.29
CUR018,2026-04-26T17:39:00,HW,8.69,Punta Delgada,2026-04-26T17:02:00,7.48
CUR018,2026-04-26T23:52:00,LW,3.1,Punta Delgada,2026-04-26T23:48:00,3.11
CUR018,2026-04-27T05:51:00,HW,8.74,Punta Delgada,2026-04-27T05:14:00,7.53
CUR018,2026-04-27T12:31:00,LW,2.32,Punta Delgada,2026-04-27T12:27:00,2.33
CUR018,2026-04-27T18:47:00,HW,8.85,Punta Delgada,2026-04-27T18:10:00,7.64
CUR018,2026-04-28T01:05:00,LW,2.74,Punta Delgada,2026-04-28T01:01:00,2.75
CUR018,2026-04-28T07:00:00,HW,8.91,Punta Delgada,2026-04-28T06:23:00,7.7
CUR018,2026-04-28T13:40:00,LW,2.19,Punta Delgada,2026-04-28T13:36:00,2.2
CUR018,2026-04-28T19:44:00,HW,9.11,Punta Delgada,2026-04-28T19:07:00,7.9
CUR018,2026-04-29T02:08:00,LW,2.25,Punta Delgada,2026-04-29T02:04:00,2.26
CUR018,2026-04-29T07:59:00,HW,9.14,Punta Delgada,2026-04-29T07:22:00,7.93
CUR018,2026-04-29T14:41:00,LW,1.99,Punta Delgada,2026-04-29T14:37:00,2.0
CUR018,2026-04-29T20:32:00,HW,9.36,Punta Delgada,2026-04-29T19:55:00,8.15
CUR018,2026-04-30T03:03:00,LW,1.78,Punta Delgada,2026-04-30T02:59:00,1.79
CUR018,2026-04-30T08:51:00,HW,9.35,Punta Delgada,2026-04-30T08:14:00,8.14
CUR018,2026-04-30T15:33:00,LW,1.82,Punta Delgada,2026-04-30T15:29:00,1.83
CUR018,2026-04-30T21:16:00,HW,9.54,Punta Delgada,2026-04-30T20:39:00,8.33
CUR018,2026-05-01T03:51:00,LW,1.41,Punta Delgada,2026-05-01T03:47:00,1.42
CUR018,2026-05-01T09:39:00,HW,9.48,Punta Delgada,2026-05-01T09:02:00,8.27
CUR018,2026-05-01T16:19:00,LW,1.77,Punta Delgada,2026-05-01T16:15:00,1.78
CUR018,2026-05-01T21:56:00,HW,9.61,Punta Delgada,2026-05-01T21:19:00,8.4
CUR018,2026-05-02T04:34:00,LW,1.22,Punta Delgada,2026-05-02T04:30:00,1.23
CUR018,2026-05-02T10:23:00,HW,9.52,Punta Delgada,2026-05-02T09:46:00,8.31
CUR018,2026-05-02T16:59:00,LW,1.87,Punta Delgada,2026-05-02T16:55:00,1.88
CUR018,2026-05-02T22:34:00,HW,9.58,Punta Delgada,2026-05-02T21:57:00,8.37
CUR018,2026-05-03T05:13:00,LW,1.2,Punta Delgada,2026-05-03T05:09:00,1.21
CUR018,2026-05-03T11:05:00,HW,9.46,Punta Delgada,2026-05-03T10:28:00,8.25
CUR018,2026-05-03T17:34:00,LW,2.11,Punta Delgada,2026-05-03T17:30:00,2.12
CUR018,2026-05-03T23:09:00,HW,9.45,Punta Delgada,2026-05-03T22:32:00,8.24
CUR018,2026-05-04T05:49:00,LW,1.34,Punta Delgada,2026-05-04T05:45:00,1.35
CUR018,2026-05-04T11:44:00,HW,9.32,Punta Delgada,2026-05-04T11:07:00,8.11
CUR018,2026-05-04T18:04:00,LW,2.43,Punta Delgada,2026-05-04T18:00:00,2.44
CUR018,2026-05-04T23:43:00,HW,9.26,Punta Delgada,2026-05-04T23:06:00,8.05
CUR018,2026-05-05T06:21:00,LW,1.59,Punta Delgada,2026-05-05T06:17:00,1.6
CUR018,2026-05-05T12:23:00,HW,9.13,Punta Delgada,2026-05-05T11:46:00,7.92
CUR018,2026-05-05T18:29:00,LW,2.78,Punta Delgada,2026-05-05T18:25:00,2.79
CUR018,2026-05-06T00:13:00,HW,9.03,Punta Delgada,2026-05-05T23:36:00,7.82
CUR018,2026-05-06T06:51:00,LW,1.88,Punta Delgada,2026-05-06T06:47:00,1.89
CUR018,2026-05-06T13:00:00,HW,8.91,Punta Delgada,2026-05-06T12:23:00,7.7
CUR018,2026-05-06T18:52:00,LW,3.08,Punta Delgada,2026-05-06T18:48:00,3.09
CUR018,2026-05-07T00:42:00,HW,8.81,Punta Delgada,2026-05-07T00:05:00,7.6
CUR018,2026-05-07T07:21:00,LW,2.17,Punta Delgada,2026-05-07T07:17:00,2.18
CUR018,2026-05-07T13:37:00,HW,8.68,Punta Delgada,2026-05-07T13:00:00,7.47
CUR018,2026-05-07T19:18:00,LW,3.32,Punta Delgada,2026-05-07T19:14:00,3.33
CUR018,2026-05-08T01:12:00,HW,8.62,Punta Delgada,2026-05-08T00:35:00,7.41
CUR018,2026-05-08T07:54:00,LW,2.43,Punta Delgada,2026-05-08T07:50:00,2.44
CUR018,2026-05-08T14:15:00,HW,8.46,Punta Delgada,2026-05-08T13:38:00,7.25
CUR018,2026-05-08T19:53:00,LW,3.51,Punta Delgada,2026-05-08T19:49:00,3.52
CUR018,2026-05-09T01:49:00,HW,8.44,Punta Delgada,2026-05-09T01:12:00,7.23
CUR018,2026-05-09T08:33:00,LW,2.66,Punta Delgada,2026-05-09T08:29:00,2.67
CUR018,2026-05-09T14:59:00,HW,8.27,Punta Delgada,2026-05-09T14:22:00,7.06
CUR018,2026-05-09T20:37:00,LW,3.64,Punta Delgada,2026-05-09T20:33:00,3.65
CUR018,2026-05-10T02:41:00,HW,8.27,Punta Delgada,2026-05-10T02:04:00,7.06
CUR018,2026-05-10T09:20:00,LW,2.84,Punta Delgada,2026-05-10T09:16:00,2.85
CUR018,2026-05-10T15:55:00,HW,8.14,Punta Delgada,2026-05-10T15:18:00,6.93
CUR018,2026-05-10T21:32:00,LW,3.68,Punta Delgada,2026-05-10T21:28:00,3.69
CUR018,2026-05-11T03:56:00,HW,8.18,Punta Delgada,2026-05-11T03:19:00,6.97
CUR018,2026-05-11T10:16:00,LW,2.94,Punta Delgada,2026-05-11T10:12:00,2.95
CUR018,2026-05-11T17:02:00,HW,8.15,Punta Delgada,2026-05-11T16:25:00,6.94
CUR018,2026-05-11T22:38:00,LW,3.58,Punta Delgada,2026-05-11T22:34:00,3.59
CUR018,2026-05-12T05:16:00,HW,8.3,Punta Delgada,2026-05-12T04:39:00,7.09
CUR018,2026-05-12T11:20:00,LW,2.91,Punta Delgada,2026-05-12T11:16:00,2.92
CUR018,2026-05-12T18:07:00,HW,8.37,Punta Delgada,2026-05-12T17:30:00,7.16
CUR018,2026-05-12T23:51:00,LW,3.27,Punta Delgada,2026-05-12T23:47:00,3.28
CUR018,2026-05-13T06:23:00,HW,8.61,Punta Delgada,2026-05-13T05:46:00,7.4
CUR018,2026-05-13T12:29:00,LW,2.74,Punta Delgada,2026-05-13T12:25:00,2.75
CUR018,2026-05-13T19:02:00,HW,8.75,Punta Delgada,2026-05-13T18:25:00,7.54
CUR018,2026-05-14T01:03:00,LW,2.76,Punta Delgada,2026-05-14T00:59:00,2.77
CUR018,2026-05-14T07:21:00,HW,9.04,Punta Delgada,2026-05-14T06:44:00,7.83
CUR018,2026-05-14T13:39:00,LW,2.44,Punta Delgada,2026-05-14T13:35:00,2.45
CUR018,2026-05-14T19:50:00,HW,9.19,Punta Delgada,2026-05-14T19:13:00,7.98
CUR018,2026-05-15T02:09:00,LW,2.14,Punta Delgada,2026-05-15T02:05:00,2.15
CUR018,2026-05-15T08:12:00,HW,9.48,Punta Delgada,2026-05-15T07:35:00,8.27
CUR018,2026-05-15T14:43:00,LW,2.07,Punta Delgada,2026-05-15T14:39:00,2.08
CUR018,2026-05-15T20:33:00,HW,9.63,Punta Delgada,2026-05-15T19:56:00,8.42
CUR018,2026-05-16T03:08:00,LW,1.51,Punta Delgada,2026-05-16T03:04:00,1.52
CUR018,2026-05-16T09:00:00,HW,9.86,Punta Delgada,2026-05-16T08:23:00,8.65
CUR018,2026-05-16T15:38:00,LW,1.72,Punta Delgada,2026-05-16T15:34:00,1.73
CUR018,2026-05-16T21:13:00,HW,10.0,Punta Delgada,2026-05-16T20:36:00,8.79
CUR018,2026-05-17T04:02:00,LW,0.97,Punta Delgada,2026-05-17T03:58:00,0.98
CUR018,2026-05-17T09:46:00,HW,10.13,Punta Delgada,2026-05-17T09:09:00,8.92
CUR018,2026-05-17T16:28:00,LW,1.48,Punta Delgada,2026-05-17T16:24:00,1.49
CUR018,2026-05-17T21:53:00,HW,10.26,Punta Delgada,2026-05-17T21:16:00,9.05
CUR018,2026-05-18T04:52:00,LW,0.59,Punta Delgada,2026-05-18T04:48:00,0.6
CUR018,2026-05-18T10:32:00,HW,10.25,Punta Delgada,2026-05-18T09:55:00,9.04
CUR018,2026-05-18T17:14:00,LW,1.4,Punta Delgada,2026-05-18T17:10:00,1.41
CUR018,2026-05-18T22:34:00,HW,10.38,Punta Delgada,2026-05-18T21:57:00,9.17
CUR018,2026-05-19T05:40:00,LW,0.41,Punta Delgada,2026-05-19T05:36:00,0.42
CUR018,2026-05-19T11:20:00,HW,10.22,Punta Delgada,2026-05-19T10:43:00,9.01
CUR018,2026-05-19T17:58:00,LW,1.51,Punta Delgada,2026-05-19T17:54:00,1.52
CUR018,2026-05-19T23:17:00,HW,10.36,Punta Delgada,2026-05-19T22:40:00,9.15
CUR018,2026-05-20T06:26:00,LW,0.47,Punta Delgada,2026-05-20T06:22:00,0.48
CUR018,2026-05-20T12:09:00,HW,10.06,Punta Delgada,2026-05-20T11:32:00,8.85
CUR018,2026-05-20T18:42:00,LW,1.75,Punta Delgada,2026-05-20T18:38:00,1.76
CUR018,2026-05-21T00:03:00,HW,10.18,Punta Delgada,2026-05-20T23:26:00,8.97
CUR018,2026-05-21T07:12:00,LW,0.74,Punta Delgada,2026-05-21T07:08:00,0.75
CUR018,2026-05-21T13:00:00,HW,9.79,Punta Delgada,2026-05-21T12:23:00,8.58
CUR018,2026-05-21T19:27:00,LW,2.1,Punta Delgada,2026-05-21T19:23:00,2.11
CUR018,2026-05-22T00:52:00,HW,9.86,Punta Delgada,2026-05-22T00:15:00,8.65
CUR018,2026-05-22T07:59:00,LW,1.17,Punta Delgada,2026-05-22T07:55:00,1.18
CUR018,2026-05-22T13:53:00,HW,9.45,Punta Delgada,2026-05-22T13:16:00,8.24
CUR018,2026-05-22T20:14:00,LW,2.48,Punta Delgada,2026-05-22T20:10:00,2.49
CUR018,2026-05-23T01:48:00,HW,9.44,Punta Delgada,2026-05-23T01:11:00,8.23
CUR018,2026-05-23T08:49:00,LW,1.69,Punta Delgada,2026-05-23T08:45:00,1.7
CUR018,2026-05-23T14:49:00,HW,9.07,Punta Delgada,2026-05-23T14:12:00,7.86
CUR018,2026-05-23T21:08:00,LW,2.82,Punta Delgada,2026-05-23T21:04:00,2.83
CUR018,2026-05-24T02:52:00,HW,9.01,Punta Delgada,2026-05-24T02:15:00,7.8
CUR018,2026-05-24T09:45:00,LW,2.21,Punta Delgada,2026-05-24T09:41:00,2.22
CUR018,2026-05-24T15:52:00,HW,8.73,Punta Delgada,2026-05-24T15:15:00,7.52
CUR018,2026-05-24T22:11:00,LW,3.04,Punta Delgada,2026-05-24T22:07:00,3.05
CUR018,2026-05-25T04:08:00,HW,8.67,Punta Delgada,2026-05-25T03:31:00,7.46
CUR018,2026-05-25T10:52:00,LW,2.61,Punta Delgada,2026-05-25T10:48:00,2.62
CUR018,2026-05-25T17:05:00,HW,8.56,Punta Delgada,2026-05-25T16:28:00,7.35
CUR018,2026-05-25T23:25:00,LW,3.04,Punta Delgada,2026-05-25T23:21:00,3.05
CUR018,2026-05-26T05:28:00,HW,8.54,Punta Delgada,2026-05-26T04:51:00,7.33
CUR018,2026-05-26T12:05:00,LW,2.8,Punta Delgada,2026-05-26T12:01:00,2.81
CUR018,2026-05-26T18:16:00,HW,8.6,Punta Delgada,2026-05-26T17:39:00,7.39
CUR018,2026-05-27T00:38:00,LW,2.79,Punta Delgada,2026-05-27T00:34:00,2.8
CUR018,2026-05-27T06:40:00,HW,8.63,Punta Delgada,2026-05-27T06:03:00,7.42
CUR018,2026-05-27T13:16:00,LW,2.78,Punta Delgada,2026-05-27T13:12:00,2.79
CUR018,2026-05-27T19:16:00,HW,8.79,Punta Delgada,2026-05-27T18:39:00,7.58
CUR018,2026-05-28T01:43:00,LW,2.39,Punta Delgada,2026-05-28T01:39:00,2.4
CUR018,2026-05-28T07:41:00,HW,8.83,Punta Delgada,2026-05-28T07:04:00,7.62
CUR018,2026-05-28T14:19:00,LW,2.61,Punta Delgada,2026-05-28T14:15:00,2.62
CUR018,2026-05-28T20:05:00,HW,9.02,Punta Delgada,2026-05-28T19:28:00,7.81
CUR018,2026-05-29T02:38:00,LW,1.97,Punta Delgada,2026-05-29T02:34:00,1.98
CUR018,2026-05-29T08:33:00,HW,9.05,Punta Delgada,2026-05-29T07:56:00,7.84
CUR018,2026-05-29T15:11:00,LW,2.42,Punta Delgada,2026-05-29T15:07:00,2.43
CUR018,2026-05-29T20:48:00,HW,9.2,Punta Delgada,2026-05-29T20:11:00,7.99
CUR018,2026-05-30T03:26:00,LW,1.63,Punta Delgada,2026-05-30T03:22:00,1.64
CUR018,2026-05-30T09:19:00,HW,9.23,Punta Delgada,2026-05-30T08:42:00,8.02
CUR018,2026-05-30T15:56:00,LW,2.3,Punta Delgada,2026-05-30T15:52:00,2.31
CUR018,2026-05-30T21:28:00,HW,9.32,Punta Delgada,2026-05-30T20:51:00,8.11
CUR018,2026-05-31T04:09:00,LW,1.42,Punta Delgada,2026-05-31T04:05:00,1.43
CUR018,2026-05-31T10:00:00,HW,9.34,Punta Delgada,2026-05-31T09:23:00,8.13
CUR018,2026-05-31T16:34:00,LW,2.28,Punta Delgada,2026-05-31T16:30:00,2.29
CUR018,2026-05-31T22:04:00,HW,9.36,Punta Delgada,2026-05-31T21:27:00,8.15
CUR018,2026-06-01T04:47:00,LW,1.34,Punta Delgada,2026-06-01T04:43:00,1.35
CUR018,2026-06-01T10:39:00,HW,9.37,Punta Delgada,2026-06-01T10:02:00,8.16
CUR018,2026-06-01T17:07:00,LW,2.37,Punta Delgada,2026-06-01T17:03:00,2.38
CUR018,2026-06-01T22:38:00,HW,9.32,Punta Delgada,2026-06-01T22:01:00,8.11
CUR018,2026-06-02T05:21:00,LW,1.39,Punta Delgada,2026-06-02T05:17:00,1.4
CUR018,2026-06-02T11:17:00,HW,9.32,Punta Delgada,2026-06-02T10:40:00,8.11
CUR018,2026-06-02T17:34:00,LW,2.52,Punta Delgada,2026-06-02T17:30:00,2.53
CUR018,2026-06-02T23:10:00,HW,9.23,Punta Delgada,2026-06-02T22:33:00,8.02
CUR018,2026-06-03T05:52:00,LW,1.53,Punta Delgada,2026-06-03T05:48:00,1.54
CUR018,2026-06-03T11:53:00,HW,9.22,Punta Delgada,2026-06-03T11:16:00,8.01
CUR018,2026-06-03T17:59:00,LW,2.68,Punta Delgada,2026-06-03T17:55:00,2.69
CUR018,2026-06-03T23:39:00,HW,9.13,Punta Delgada,2026-06-03T23:02:00,7.92
CUR018,2026-06-04T06:22:00,LW,1.72,Punta Delgada,2026-06-04T06:18:00,1.73
CUR018,2026-06-04T12:27:00,HW,9.08,Punta Delgada,2026-06-04T11:50:00,7.87
CUR018,2026-06-04T18:24:00,LW,2.84,Punta Delgada,2026-06-04T18:20:00,2.85
CUR018,2026-06-05T00:07:00,HW,9.02,Punta Delgada,2026-06-04T23:30:00,7.81
CUR018,2026-06-05T06:53:00,LW,1.93,Punta Delgada,2026-06-05T06:49:00,1.94
CUR018,2026-06-05T13:00:00,HW,8.92,Punta Delgada,2026-06-05T12:23:00,7.71
CUR018,2026-06-05T18:53:00,LW,2.98,Punta Delgada,2026-06-05T18:49:00,2.99
CUR018,2026-06-06T00:37:00,HW,8.92,Punta Delgada,2026-06-06T00:00:00,7.71
CUR018,2026-06-06T07:26:00,LW,2.17,Punta Delgada,2026-06-06T07:22:00,2.18
CUR018,2026-06-06T13:33:00,HW,8.76,Punta Delgada,2026-06-06T12:56:00,7.55
CUR018,2026-06-06T19:29:00,LW,3.11,Punta Delgada,2026-06-06T19:25:00,3.12
CUR018,2026-06-07T01:16:00,HW,8.81,Punta Delgada,2026-06-07T00:39:00,7.6
CUR018,2026-06-07T08:04:00,LW,2.41,Punta Delgada,2026-06-07T08:00:00,2.42
CUR018,2026-06-07T14:11:00,HW,8.59,Punta Delgada,2026-06-07T13:34:00,7.38
CUR018,2026-06-07T20:12:00,LW,3.21,Punta Delgada,2026-06-07T20:08:00,3.22
CUR018,2026-06-08T02:06:00,HW,8.65,Punta Delgada,2026-06-08T01:29:00,7.44
CUR018,2026-06-08T08:48:00,LW,2.65,Punta Delgada,2026-06-08T08:44:00,2.66
CUR018,2026-06-08T15:00:00,HW,8.43,Punta Delgada,2026-06-08T14:23:00,7.22
CUR018,2026-06-08T21:04:00,LW,3.26,Punta Delgada,2026-06-08T21:00:00,3.27
CUR018,2026-06-09T03:13:00,HW,8.5,Punta Delgada,2026-06-09T02:36:00,7.29
CUR018,2026-06-09T09:41:00,LW,2.84,Punta Delgada,2026-06-09T09:37:00,2.85
CUR018,2026-06-09T16:06:00,HW,8.34,Punta Delgada,2026-06-09T15:29:00,7.13
CUR018,2026-06-09T22:08:00,LW,3.2,Punta Delgada,2026-06-09T22:04:00,3.21
CUR018,2026-06-10T04:36:00,HW,8.47,Punta Delgada,2026-06-10T03:59:00,7.26
CUR018,2026-06-10T10:45:00,LW,2.95,Punta Delgada,2026-06-10T10:41:00,2.96
CUR018,2026-06-10T17:22:00,HW,8.42,Punta Delgada,2026-06-10T16:45:00,7.21
CUR018,2026-06-10T23:20:00,LW,2.97,Punta Delgada,2026-06-10T23:16:00,2.98
CUR018,2026-06-11T05:53:00,HW,8.67,Punta Delgada,2026-06-11T05:16:00,7.46
CUR018,2026-06-11T11:55:00,LW,2.9,Punta Delgada,2026-06-11T11:51:00,2.91
CUR018,2026-06-11T18:27:00,HW,8.73,Punta Delgada,2026-06-11T17:50:00,7.52
CUR018,2026-06-12T00:35:00,LW,2.52,Punta Delgada,2026-06-12T00:31:00,2.53
CUR018,2026-06-12T06:58:00,HW,9.03,Punta Delgada,2026-06-12T06:21:00,7.82
CUR018,2026-06-12T13:10:00,LW,2.68,Punta Delgada,2026-06-12T13:06:00,2.69
CUR018,2026-06-12T19:21:00,HW,9.16,Punta Delgada,2026-06-12T18:44:00,7.95
CUR018,2026-06-13T01:45:00,LW,1.94,Punta Delgada,2026-06-13T01:41:00,1.95
CUR018,2026-06-13T07:54:00,HW,9.46,Punta Delgada,2026-06-13T07:17:00,8.25
CUR018,2026-06-13T14:19:00,LW,2.32,Punta Delgada,2026-06-13T14:15:00,2.33
CUR018,2026-06-13T20:08:00,HW,9.61,Punta Delgada,2026-06-13T19:31:00,8.4
CUR018,2026-06-14T02:48:00,LW,1.32,Punta Delgada,2026-06-14T02:44:00,1.33
CUR018,2026-06-14T08:45:00,HW,9.84,Punta Delgada,2026-06-14T08:08:00,8.63
CUR018,2026-06-14T15:19:00,LW,1.92,Punta Delgada,2026-06-14T15:15:00,1.93
CUR018,2026-06-14T20:52:00,HW,10.0,Punta Delgada,2026-06-14T20:15:00,8.79
CUR018,2026-06-15T03:45:00,LW,0.78,Punta Delgada,2026-06-15T03:41:00,0.79
CUR018,2026-06-15T09:34:00,HW,10.12,Punta Delgada,2026-06-15T08:57:00,8.91
CUR018,2026-06-15T16:10:00,LW,1.6,Punta Delgada,2026-06-15T16:06:00,1.61
CUR018,2026-06-15T21:35:00,HW,10.28,Punta Delgada,2026-06-15T20:58:00,9.07
CUR018,2026-06-16T04:37:00,LW,0.4,Punta Delgada,2026-06-16T04:33:00,0.41
CUR018,2026-06-16T10:21:00,HW,10.26,Punta Delgada,2026-06-16T09:44:00,9.05
CUR018,2026-06-16T16:58:00,LW,1.43,Punta Delgada,2026-06-16T16:54:00,1.44
CUR018,2026-06-16T22:18:00,HW,10.41,Punta Delgada,2026-06-16T21:41:00,9.2
CUR018,2026-06-17T05:25:00,LW,0.24,Punta Delgada,2026-06-17T05:21:00,0.25
CUR018,2026-06-17T11:09:00,HW,10.25,Punta Delgada,2026-06-17T10:32:00,9.04
CUR018,2026-06-17T17:43:00,LW,1.43,Punta Delgada,2026-06-17T17:39:00,1.44
CUR018,2026-06-17T23:03:00,HW,10.37,Punta Delgada,2026-06-17T22:26:00,9.16
CUR018,2026-06-18T06:11:00,LW,0.33,Punta Delgada,2026-06-18T06:07:00,0.34
CUR018,2026-06-18T11:57:00,HW,10.11,Punta Delgada,2026-06-18T11:20:00,8.9
CUR018,2026-06-18T18:28:00,LW,1.59,Punta Delgada,2026-06-18T18:24:00,1.6
CUR018,2026-06-18T23:50:00,HW,10.18,Punta Delgada,2026-06-18T23:13:00,8.97
CUR018,2026-06-19T06:56:00,LW,0.67,Punta Delgada,2026-06-19T06:52:00,0.68
CUR018,2026-06-19T12:45:00,HW,9.86,Punta Delgada,2026-06-19T12:08:00,8.65
CUR018,2026-06-19T19:12:00,LW,1.88,Punta Delgada,2026-06-19T19:08:00,1.89
CUR018,2026-06-20T00:40:00,HW,9.84,Punta Delgada,2026-06-20T00:03:00,8.63
CUR018,2026-06-20T07:42:00,LW,1.19,Punta Delgada,2026-06-20T07:38:00,1.2
CUR018,2026-06-20T13:33:00,HW,9.52,Punta Delgada,2026-06-20T12:56:00,8.31
CUR018,2026-06-20T19:59:00,LW,2.23,Punta Delgada,2026-06-20T19:55:00,2.24
CUR018,2026-06-21T01:35:00,HW,9.42,Punta Delgada,2026-06-21T00:58:00,8.21
CUR018,2026-06-21T08:29:00,LW,1.81,Punta Delgada,2026-06-21T08:25:00,1.82
CUR018,2026-06-21T14:24:00,HW,9.13,Punta Delgada,2026-06-21T13:47:00,7.92
CUR018,2026-06-21T20:49:00,LW,2.58,Punta Delgada,2026-06-21T20:45:00,2.59
CUR018,2026-06-22T02:36:00,HW,8.97,Punta Delgada,2026-06-22T01:59:00,7.76
CUR018,2026-06-22T09:20:00,LW,2.44,Punta Delgada,2026-06-22T09:16:00,2.45
CUR018,2026-06-22T15:20:00,HW,8.74,Punta Delgada,2026-06-22T14:43:00,7.53
CUR018,2026-06-22T21:46:00,LW,2.85,Punta Delgada,2026-06-22T21:42:00,2.86
CUR018,2026-06-23T03:45:00,HW,8.58,Punta Delgada,2026-06-23T03:08:00,7.37
CUR018,2026-06-23T10:20:00,LW,2.96,Punta Delgada,2026-06-23T10:16:00,2.97
CUR018,2026-06-23T16:26:00,HW,8.45,Punta Delgada,2026-06-23T15:49:00,7.24
CUR018,2026-06-23T22:54:00,LW,2.97,Punta Delgada,2026-06-23T22:50:00,2.98
CUR018,2026-06-24T05:00:00,HW,8.37,Punta Delgada,2026-06-24T04:23:00,7.16
CUR018,2026-06-24T11:32:00,LW,3.29,Punta Delgada,2026-06-24T11:28:00,3.3
CUR018,2026-06-24T17:38:00,HW,8.36,Punta Delgada,2026-06-24T17:01:00,7.15
CUR018,2026-06-25T00:06:00,LW,2.87,Punta Delgada,2026-06-25T00:02:00,2.88
CUR018,2026-06-25T06:13:00,HW,8.36,Punta Delgada,2026-06-25T05:36:00,7.15
CUR018,2026-06-25T12:46:00,LW,3.36,Punta Delgada,2026-06-25T12:42:00,3.37
CUR018,2026-06-25T18:42:00,HW,8.45,Punta Delgada,2026-06-25T18:05:00,7.24
CUR018,2026-06-26T01:12:00,LW,2.6,Punta Delgada,2026-06-26T01:08:00,2.61
CUR018,2026-06-26T07:16:00,HW,8.52,Punta Delgada,2026-06-26T06:39:00,7.31
CUR018,2026-06-26T13:52:00,LW,3.23,Punta Delgada,2026-06-26T13:48:00,3.24
CUR018,2026-06-26T19:34:00,HW,8.64,Punta Delgada,2026-06-26T18:57:00,7.43
CUR018,2026-06-27T02:09:00,LW,2.27,Punta Delgada,2026-06-27T02:05:00,2.28
CUR018,2026-06-27T08:09:00,HW,8.75,Punta Delgada,2026-06-27T07:32:00,7.54
CUR018,2026-06-27T14:46:00,LW,3.01,Punta Delgada,2026-06-27T14:42:00,3.02
CUR018,2026-06-27T20:18:00,HW,8.84,Punta Delgada,2026-06-27T19:41:00,7.63
CUR018,2026-06-28T02:57:00,LW,1.96,Punta Delgada,2026-06-28T02:53:00,1.97
CUR018,2026-06-28T08:53:00,HW,8.97,Punta Delgada,2026-06-28T08:16:00,7.76
CUR018,2026-06-28T15:29:00,LW,2.81,Punta Delgada,2026-06-28T15:25:00,2.82
CUR018,2026-06-28T20:57:00,HW,9.01,Punta Delgada,2026-06-28T20:20:00,7.8
CUR018,2026-06-29T03:40:00,LW,1.72,Punta Delgada,2026-06-29T03:36:00,1.73
CUR018,2026-06-29T09:33:00,HW,9.15,Punta Delgada,2026-06-29T08:56:00,7.94
CUR018,2026-06-29T16:06:00,LW,2.67,Punta Delgada,2026-06-29T16:02:00,2.68
CUR018,2026-06-29T21:33:00,HW,9.13,Punta Delgada,2026-06-29T20:56:00,7.92
CUR018,2026-06-30T04:18:00,LW,1.56,Punta Delgada,2026-06-30T04:14:00,1.57
CUR018,2026-06-30T10:10:00,HW,9.27,Punta Delgada,2026-06-30T09:33:00,8.06
CUR018,2026-06-30T16:36:00,LW,2.58,Punta Delgada,2026-06-30T16:32:00,2.59
CUR018,2026-06-30T22:07:00,HW,9.21,Punta Delgada,2026-06-30T21:30:00,8.0
CUR018,2026-07-01T04:52:00,LW,1.5,Punta Delgada,2026-07-01T04:48:00,1.51
CUR018,2026-07-01T10:46:00,HW,9.32,Punta Delgada,2026-07-01T10:09:00,8.11
CUR018,2026-07-01T17:04:00,LW,2.54,Punta Delgada,2026-07-01T17:00:00,2.55
CUR018,2026-07-01T22:38:00,HW,9.25,Punta Delgada,2026-07-01T22:01:00,8.04
CUR018,2026-07-02T05:23:00,LW,1.5,Punta Delgada,2026-07-02T05:19:00,1.51
CUR018,2026-07-02T11:20:00,HW,9.32,Punta Delgada,2026-07-02T10:43:00,8.11
CUR018,2026-07-02T17:31:00,LW,2.53,Punta Delgada,2026-07-02T17:27:00,2.54
CUR018,2026-07-02T23:07:00,HW,9.26,Punta Delgada,2026-07-02T22:30:00,8.05
CUR018,2026-07-03T05:55:00,LW,1.58,Punta Delgada,2026-07-03T05:51:00,1.59
CUR018,2026-07-03T11:52:00,HW,9.27,Punta Delgada,2026-07-03T11:15:00,8.06
CUR018,2026-07-03T18:00:00,LW,2.54,Punta Delgada,2026-07-03T17:56:00,2.55
CUR018,2026-07-03T23:37:00,HW,9.27,Punta Delgada,2026-07-03T23:00:00,8.06
CUR018,2026-07-04T06:27:00,LW,1.73,Punta Delgada,2026-07-04T06:23:00,1.74
CUR018,2026-07-04T12:22:00,HW,9.19,Punta Delgada,2026-07-04T11:45:00,7.98
CUR018,2026-07-04T18:32:00,LW,2.58,Punta Delgada,2026-07-04T18:28:00,2.59
CUR018,2026-07-05T00:11:00,HW,9.24,Punta Delgada,2026-07-04T23:34:00,8.03
CUR018,2026-07-05T07:01:00,LW,1.94,Punta Delgada,2026-07-05T06:57:00,1.95
CUR018,2026-07-05T12:54:00,HW,9.09,Punta Delgada,2026-07-05T12:17:00,7.88
CUR018,2026-07-05T19:09:00,LW,2.65,Punta Delgada,2026-07-05T19:05:00,2.66
CUR018,2026-07-06T00:52:00,HW,9.16,Punta Delgada,2026-07-06T00:15:00,7.95
CUR018,2026-07-06T07:39:00,LW,2.19,Punta Delgada,2026-07-06T07:35:00,2.2
CUR018,2026-07-06T13:31:00,HW,8.97,Punta Delgada,2026-07-06T12:54:00,7.76
CUR018,2026-07-06T19:53:00,LW,2.73,Punta Delgada,2026-07-06T19:49:00,2.74
CUR018,2026-07-07T01:42:00,HW,9.0,Punta Delgada,2026-07-07T01:05:00,7.79
CUR018,2026-07-07T08:22:00,LW,2.48,Punta Delgada,2026-07-07T08:18:00,2.49
CUR018,2026-07-07T14:17:00,HW,8.81,Punta Delgada,2026-07-07T13:40:00,7.6
CUR018,2026-07-07T20:44:00,LW,2.79,Punta Delgada,2026-07-07T20:40:00,2.8
CUR018,2026-07-08T02:45:00,HW,8.8,Punta Delgada,2026-07-08T02:08:00,7.59
CUR018,2026-07-08T09:13:00,LW,2.77,Punta Delgada,2026-07-08T09:09:00,2.78
CUR018,2026-07-08T15:15:00,HW,8.64,Punta Delgada,2026-07-08T14:38:00,7.43
CUR018,2026-07-08T21:44:00,LW,2.78,Punta Delgada,2026-07-08T21:40:00,2.79
CUR018,2026-07-09T04:03:00,HW,8.67,Punta Delgada,2026-07-09T03:26:00,7.46
CUR018,2026-07-09T10:14:00,LW,2.98,Punta Delgada,2026-07-09T10:10:00,2.99
CUR018,2026-07-09T16:32:00,HW,8.58,Punta Delgada,2026-07-09T15:55:00,7.37
CUR018,2026-07-09T22:55:00,LW,2.63,Punta Delgada,2026-07-09T22:51:00,2.64
CUR018,2026-07-10T05:25:00,HW,8.73,Punta Delgada,2026-07-10T04:48:00,7.52
CUR018,2026-07-10T11:25:00,LW,3.05,Punta Delgada,2026-07-10T11:21:00,3.06
CUR018,2026-07-10T17:50:00,HW,8.76,Punta Delgada,2026-07-10T17:13:00,7.55
CUR018,2026-07-11T00:10:00,LW,2.29,Punta Delgada,2026-07-11T00:06:00,2.3
CUR018,2026-07-11T06:37:00,HW,9.0,Punta Delgada,2026-07-11T06:00:00,7.79
CUR018,2026-07-11T12:43:00,LW,2.9,Punta Delgada,2026-07-11T12:39:00,2.91
CUR018,2026-07-11T18:52:00,HW,9.13,Punta Delgada,2026-07-11T18:15:00,7.92
CUR018,2026-07-12T01:22:00,LW,1.79,Punta Delgada,2026-07-12T01:18:00,1.8
CUR018,2026-07-12T07:37:00,HW,9.38,Punta Delgada,2026-07-12T07:00:00,8.17
CUR018,2026-07-12T13:57:00,LW,2.55,Punta Delgada,2026-07-12T13:53:00,2.56
CUR018,2026-07-12T19:45:00,HW,9.56,Punta Delgada,2026-07-12T19:08:00,8.35
CUR018,2026-07-13T02:28:00,LW,1.24,Punta Delgada,2026-07-13T02:24:00,1.25
CUR018,2026-07-13T08:31:00,HW,9.76,Punta Delgada,2026-07-13T07:54:00,8.55
CUR018,2026-07-13T14:59:00,LW,2.1,Punta Delgada,2026-07-13T14:55:00,2.11
CUR018,2026-07-13T20:33:00,HW,9.95,Punta Delgada,2026-07-13T19:56:00,8.74
CUR018,2026-07-14T03:27:00,LW,0.73,Punta Delgada,2026-07-14T03:23:00,0.74
CUR018,2026-07-14T09:21:00,HW,10.06,Punta Delgada,2026-07-14T08:44:00,8.85
CUR018,2026-07-14T15:53:00,LW,1.7,Punta Delgada,2026-07-14T15:49:00,1.71
CUR018,2026-07-14T21:19:00,HW,10.22,Punta Delgada,2026-07-14T20:42:00,9.01
CUR018,2026-07-15T04:20:00,LW,0.37,Punta Delgada,2026-07-15T04:16:00,0.38
CUR018,2026-07-15T10:08:00,HW,10.23,Punta Delgada,2026-07-15T09:31:00,9.02
CUR018,2026-07-15T16:42:00,LW,1.41,Punta Delgada,2026-07-15T16:38:00,1.42
CUR018,2026-07-15T22:05:00,HW,10.35,Punta Delgada,2026-07-15T21:28:00,9.14
CUR018,2026-07-16T05:09:00,LW,0.24,Punta Delgada,2026-07-16T05:05:00,0.25
CUR018,2026-07-16T10:55:00,HW,10.25,Punta Delgada,2026-07-16T10:18:00,9.04
CUR018,2026-07-16T17:28:00,LW,1.31,Punta Delgada,2026-07-16T17:24:00,1.32
CUR018,2026-07-16T22:51:00,HW,10.31,Punta Delgada,2026-07-16T22:14:00,9.1
CUR018,2026-07-17T05:55:00,LW,0.37,Punta Delgada,2026-07-17T05:51:00,0.38
CUR018,2026-07-17T11:41:00,HW,10.14,Punta Delgada,2026-07-17T11:04:00,8.93
CUR018,2026-07-17T18:13:00,LW,1.38,Punta Delgada,2026-07-17T18:09:00,1.39
CUR018,2026-07-17T23:39:00,HW,10.11,Punta Delgada,2026-07-17T23:02:00,8.9
CUR018,2026-07-18T06:40:00,LW,0.75,Punta Delgada,2026-07-18T06:36:00,0.76
CUR018,2026-07-18T12:27:00,HW,9.91,Punta Delgada,2026-07-18T11:50:00,8.7
CUR018,2026-07-18T18:57:00,LW,1.61,Punta Delgada,2026-07-18T18:53:00,1.62
CUR018,2026-07-19T00:30:00,HW,9.78,Punta Delgada,2026-07-18T23:53:00,8.57
CUR018,2026-07-19T07:23:00,LW,1.32,Punta Delgada,2026-07-19T07:19:00,1.33
CUR018,2026-07-19T13:12:00,HW,9.58,Punta Delgada,2026-07-19T12:35:00,8.37
CUR018,2026-07-19T19:41:00,LW,1.94,Punta Delgada,2026-07-19T19:37:00,1.95
CUR018,2026-07-20T01:23:00,HW,9.37,Punta Delgada,2026-07-20T00:46:00,8.16
CUR018,2026-07-20T08:07:00,LW,2.0,Punta Delgada,2026-07-20T08:03:00,2.01
CUR018,2026-07-20T13:58:00,HW,9.18,Punta Delgada,2026-07-20T13:21:00,7.97
CUR018,2026-07-20T20:28:00,LW,2.31,Punta Delgada,2026-07-20T20:24:00,2.32
CUR018,2026-07-21T02:21:00,HW,8.93,Punta Delgada,2026-07-21T01:44:00,7.72
CUR018,2026-07-21T08:53:00,LW,2.68,Punta Delgada,2026-07-21T08:49:00,2.69
CUR018,2026-07-21T14:48:00,HW,8.76,Punta Delgada,2026-07-21T14:11:00,7.55
CUR018,2026-07-21T21:19:00,LW,2.65,Punta Delgada,2026-07-21T21:15:00,2.66
CUR018,2026-07-22T03:22:00,HW,8.53,Punta Delgada,2026-07-22T02:45:00,7.32
CUR018,2026-07-22T09:44:00,LW,3.28,Punta Delgada,2026-07-22T09:40:00,3.29
CUR018,2026-07-22T15:46:00,HW,8.39,Punta Delgada,2026-07-22T15:09:00,7.18
CUR018,2026-07-22T22:17:00,LW,2.9,Punta Delgada,2026-07-22T22:13:00,2.91
CUR018,2026-07-23T04:29:00,HW,8.24,Punta Delgada,2026-07-23T03:52:00,7.03
CUR018,2026-07-23T10:47:00,LW,3.71,Punta Delgada,2026-07-23T10:43:00,3.72
CUR018,2026-07-23T16:54:00,HW,8.16,Punta Delgada,2026-07-23T16:17:00,6.95
CUR018,2026-07-23T23:25:00,LW,2.97,Punta Delgada,2026-07-23T23:21:00,2.98
CUR018,2026-07-24T05:39:00,HW,8.14,Punta Delgada,2026-07-24T05:02:00,6.93
CUR018,2026-07-24T12:05:00,LW,3.88,Punta Delgada,2026-07-24T12:01:00,3.89
CUR018,2026-07-24T18:01:00,HW,8.14,Punta Delgada,2026-07-24T17:24:00,6.93
CUR018,2026-07-25T00:32:00,LW,2.86,Punta Delgada,2026-07-25T00:28:00,2.87
CUR018,2026-07-25T06:44:00,HW,8.24,Punta Delgada,2026-07-25T06:07:00,7.03
CUR018,2026-07-25T13:17:00,LW,3.79,Punta Delgada,2026-07-25T13:13:00,3.8
CUR018,2026-07-25T18:57:00,HW,8.28,Punta Delgada,2026-07-25T18:20:00,7.07
CUR018,2026-07-26T01:31:00,LW,2.63,Punta Delgada,2026-07-26T01:27:00,2.64
CUR018,2026-07-26T07:37:00,HW,8.46,Punta Delgada,2026-07-26T07:00:00,7.25
CUR018,2026-07-26T14:14:00,LW,3.56,Punta Delgada,2026-07-26T14:10:00,3.57
CUR018,2026-07-26T19:44:00,HW,8.48,Punta Delgada,2026-07-26T19:07:00,7.27
CUR018,2026-07-27T02:22:00,LW,2.35,Punta Delgada,2026-07-27T02:18:00,2.36
CUR018,2026-07-27T08:22:00,HW,8.72,Punta Delgada,2026-07-27T07:45:00,7.51
CUR018,2026-07-27T14:57:00,LW,3.27,Punta Delgada,2026-07-27T14:53:00,3.28
CUR018,2026-07-27T20:24:00,HW,8.71,Punta Delgada,2026-07-27T19:47:00,7.5
CUR018,2026-07-28T03:05:00,LW,2.08,Punta Delgada,2026-07-28T03:01:00,2.09
CUR018,2026-07-28T09:02:00,HW,8.97,Punta Delgada,2026-07-28T08:25:00,7.76
CUR018,2026-07-28T15:32:00,LW,2.99,Punta Delgada,2026-07-28T15:28:00,3.0
CUR018,2026-07-28T21:01:00,HW,8.93,Punta Delgada,2026-07-28T20:24:00,7.72
CUR018,2026-07-29T03:44:00,LW,1.83,Punta Delgada,2026-07-29T03:40:00,1.84
CUR018,2026-07-29T09:39:00,HW,9.18,Punta Delgada,2026-07-29T09:02:00,7.97
CUR018,2026-07-29T16:02:00,LW,2.73,Punta Delgada,2026-07-29T15:58:00,2.74
CUR018,2026-07-29T21:36:00,HW,9.13,Punta Delgada,2026-07-29T20:59:00,7.92
CUR018,2026-07-30T04:20:00,LW,1.64,Punta Delgada,2026-07-30T04:16:00,1.65
CUR018,2026-07-30T10:14:00,HW,9.33,Punta Delgada,2026-07-30T09:37:00,8.12
CUR018,2026-07-30T16:32:00,LW,2.49,Punta Delgada,2026-07-30T16:28:00,2.5
CUR018,2026-07-30T22:08:00,HW,9.3,Punta Delgada,2026-07-30T21:31:00,8.09
CUR018,2026-07-31T04:54:00,LW,1.52,Punta Delgada,2026-07-31T04:50:00,1.53
CUR018,2026-07-31T10:47:00,HW,9.43,Punta Delgada,2026-07-31T10:10:00,8.22
CUR018,2026-07-31T17:04:00,LW,2.31,Punta Delgada,2026-07-31T17:00:00,2.32
CUR018,2026-07-31T22:40:00,HW,9.43,Punta Delgada,2026-07-31T22:03:00,8.22
CUR018,2026-08-01T05:29:00,LW,1.5,Punta Delgada,2026-08-01T05:25:00,1.51
CUR018,2026-08-01T11:18:00,HW,9.47,Punta Delgada,2026-08-01T10:41:00,8.26
CUR018,2026-08-01T17:38:00,LW,2.19,Punta Delgada,2026-08-01T17:34:00,2.2
CUR018,2026-08-01T23:13:00,HW,9.52,Punta Delgada,2026-08-01T22:36:00,8.31
CUR018,2026-08-02T06:04:00,LW,1.58,Punta Delgada,2026-08-02T06:00:00,1.59
CUR018,2026-08-02T11:48:00,HW,9.47,Punta Delgada,2026-08-02T11:11:00,8.26
CUR018,2026-08-02T18:14:00,LW,2.15,Punta Delgada,2026-08-02T18:10:00,2.16
CUR018,2026-08-02T23:50:00,HW,9.54,Punta Delgada,2026-08-02T23:13:00,8.33
CUR018,2026-08-03T06:40:00,LW,1.76,Punta Delgada,2026-08-03T06:36:00,1.77
CUR018,2026-08-03T12:21:00,HW,9.44,Punta Delgada,2026-08-03T11:44:00,8.23
CUR018,2026-08-03T18:54:00,LW,2.16,Punta Delgada,2026-08-03T18:50:00,2.17
CUR018,2026-08-04T00:33:00,HW,9.46,Punta Delgada,2026-08-03T23:56:00,8.25
CUR018,2026-08-04T07:18:00,LW,2.04,Punta Delgada,2026-08-04T07:14:00,2.05
CUR018,2026-08-04T12:59:00,HW,9.35,Punta Delgada,2026-08-04T12:22:00,8.14
CUR018,2026-08-04T19:38:00,LW,2.22,Punta Delgada,2026-08-04T19:34:00,2.23
CUR018,2026-08-05T01:24:00,HW,9.29,Punta Delgada,2026-08-05T00:47:00,8.08
CUR018,2026-08-05T08:00:00,LW,2.37,Punta Delgada,2026-08-05T07:56:00,2.38
CUR018,2026-08-05T13:44:00,HW,9.19,Punta Delgada,2026-08-05T13:07:00,7.98
CUR018,2026-08-05T20:27:00,LW,2.3,Punta Delgada,2026-08-05T20:23:00,2.31
CUR018,2026-08-06T02:24:00,HW,9.06,Punta Delgada,2026-08-06T01:47:00,7.85
CUR018,2026-08-06T08:49:00,LW,2.72,Punta Delgada,2026-08-06T08:45:00,2.73
CUR018,2026-08-06T14:39:00,HW,8.98,Punta Delgada,2026-08-06T14:02:00,7.77
CUR018,2026-08-06T21:25:00,LW,2.35,Punta Delgada,2026-08-06T21:21:00,2.36
CUR018,2026-08-07T03:37:00,HW,8.84,Punta Delgada,2026-08-07T03:00:00,7.63
CUR018,2026-08-07T09:47:00,LW,3.01,Punta Delgada,2026-08-07T09:43:00,3.02
CUR018,2026-08-07T15:49:00,HW,8.8,Punta Delgada,2026-08-07T15:12:00,7.59
CUR018,2026-08-07T22:33:00,LW,2.32,Punta Delgada,2026-08-07T22:29:00,2.33
CUR018,2026-08-08T04:59:00,HW,8.78,Punta Delgada,2026-08-08T04:22:00,7.57
CUR018,2026-08-08T10:58:00,LW,3.16,Punta Delgada,2026-08-08T10:54:00,3.17
CUR018,2026-08-08T17:13:00,HW,8.82,Punta Delgada,2026-08-08T16:36:00,7.61
CUR018,2026-08-08T23:47:00,LW,2.11,Punta Delgada,2026-08-08T23:43:00,2.12
CUR018,2026-08-09T06:15:00,HW,8.94,Punta Delgada,2026-08-09T05:38:00,7.73
CUR018,2026-08-09T12:18:00,LW,3.08,Punta Delgada,2026-08-09T12:14:00,3.09
CUR018,2026-08-09T18:25:00,HW,9.09,Punta Delgada,2026-08-09T17:48:00,7.88
CUR018,2026-08-10T01:00:00,LW,1.74,Punta Delgada,2026-08-10T00:56:00,1.75
CUR018,2026-08-10T07:20:00,HW,9.27,Punta Delgada,2026-08-10T06:43:00,8.06
CUR018,2026-08-10T13:34:00,LW,2.73,Punta Delgada,2026-08-10T13:30:00,2.74
CUR018,2026-08-10T19:24:00,HW,9.46,Punta Delgada,2026-08-10T18:47:00,8.25
CUR018,2026-08-11T02:08:00,LW,1.29,Punta Delgada,2026-08-11T02:04:00,1.3
CUR018,2026-08-11T08:15:00,HW,9.64,Punta Delgada,2026-08-11T07:38:00,8.43
CUR018,2026-08-11T14:39:00,LW,2.23,Punta Delgada,2026-08-11T14:35:00,2.24
CUR018,2026-08-11T20:16:00,HW,9.82,Punta Delgada,2026-08-11T19:39:00,8.61
CUR018,2026-08-12T03:09:00,LW,0.85,Punta Delgada,2026-08-12T03:05:00,0.86
CUR018,2026-08-12T09:06:00,HW,9.95,Punta Delgada,2026-08-12T08:29:00,8.74
CUR018,2026-08-12T15:35:00,LW,1.74,Punta Delgada,2026-08-12T15:31:00,1.75
CUR018,2026-08-12T21:05:00,HW,10.09,Punta Delgada,2026-08-12T20:28:00,8.88
CUR018,2026-08-13T04:04:00,LW,0.53,Punta Delgada,2026-08-13T04:00:00,0.54
CUR018,2026-08-13T09:53:00,HW,10.15,Punta Delgada,2026-08-13T09:16:00,8.94
CUR018,2026-08-13T16:25:00,LW,1.36,Punta Delgada,2026-08-13T16:21:00,1.37
CUR018,2026-08-13T21:53:00,HW,10.21,Punta Delgada,2026-08-13T21:16:00,9.0
CUR018,2026-08-14T04:53:00,LW,0.43,Punta Delgada,2026-08-14T04:49:00,0.44
CUR018,2026-08-14T10:39:00,HW,10.2,Punta Delgada,2026-08-14T10:02:00,8.99
CUR018,2026-08-14T17:12:00,LW,1.16,Punta Delgada,2026-08-14T17:08:00,1.17
CUR018,2026-08-14T22:41:00,HW,10.18,Punta Delgada,2026-08-14T22:04:00,8.97
CUR018,2026-08-15T05:39:00,LW,0.57,Punta Delgada,2026-08-15T05:35:00,0.58
CUR018,2026-08-15T11:23:00,HW,10.12,Punta Delgada,2026-08-15T10:46:00,8.91
CUR018,2026-08-15T17:56:00,LW,1.16,Punta Delgada,2026-08-15T17:52:00,1.17
CUR018,2026-08-15T23:30:00,HW,10.0,Punta Delgada,2026-08-15T22:53:00,8.79
CUR018,2026-08-16T06:22:00,LW,0.96,Punta Delgada,2026-08-16T06:18:00,0.97
CUR018,2026-08-16T12:07:00,HW,9.91,Punta Delgada,2026-08-16T11:30:00,8.7
CUR018,2026-08-16T18:40:00,LW,1.34,Punta Delgada,2026-08-16T18:36:00,1.35
CUR018,2026-08-17T00:20:00,HW,9.7,Punta Delgada,2026-08-16T23:43:00,8.49
CUR018,2026-08-17T07:03:00,LW,1.53,Punta Delgada,2026-08-17T06:59:00,1.54
CUR018,2026-08-17T12:49:00,HW,9.6,Punta Delgada,2026-08-17T12:12:00,8.39
CUR018,2026-08-17T19:22:00,LW,1.66,Punta Delgada,2026-08-17T19:18:00,1.67
CUR018,2026-08-18T01:11:00,HW,9.33,Punta Delgada,2026-08-18T00:34:00,8.12
CUR018,2026-08-18T07:44:00,LW,2.21,Punta Delgada,2026-08-18T07:40:00,2.22
CUR018,2026-08-18T13:31:00,HW,9.21,Punta Delgada,2026-08-18T12:54:00,8.0
CUR018,2026-08-18T20:05:00,LW,2.06,Punta Delgada,2026-08-18T20:01:00,2.07
CUR018,2026-08-19T02:03:00,HW,8.91,Punta Delgada,2026-08-19T01:26:00,7.7
CUR018,2026-08-19T08:23:00,LW,2.89,Punta Delgada,2026-08-19T08:19:00,2.9
CUR018,2026-08-19T14:16:00,HW,8.78,Punta Delgada,2026-08-19T13:39:00,7.57
CUR018,2026-08-19T20:49:00,LW,2.47,Punta Delgada,2026-08-19T20:45:00,2.48
CUR018,2026-08-20T02:57:00,HW,8.52,Punta Delgada,2026-08-20T02:20:00,7.31
CUR018,2026-08-20T09:04:00,LW,3.49,Punta Delgada,2026-08-20T09:00:00,3.5
CUR018,2026-08-20T15:07:00,HW,8.37,Punta Delgada,2026-08-20T14:30:00,7.16
CUR018,2026-08-20T21:37:00,LW,2.82,Punta Delgada,2026-08-20T21:33:00,2.83
CUR018,2026-08-21T03:55:00,HW,8.19,Punta Delgada,2026-08-21T03:18:00,6.98
CUR018,2026-08-21T09:49:00,LW,3.94,Punta Delgada,2026-08-21T09:45:00,3.95
CUR018,2026-08-21T16:07:00,HW,8.05,Punta Delgada,2026-08-21T15:30:00,6.84
CUR018,2026-08-21T22:33:00,LW,3.04,Punta Delgada,2026-08-21T22:29:00,3.05
CUR018,2026-08-22T04:59:00,HW,8.01,Punta Delgada,2026-08-22T04:22:00,6.8
CUR018,2026-08-22T10:49:00,LW,4.2,Punta Delgada,2026-08-22T10:45:00,4.21
CUR018,2026-08-22T17:14:00,HW,7.92,Punta Delgada,2026-08-22T16:37:00,6.71
CUR018,2026-08-22T23:35:00,LW,3.09,Punta Delgada,2026-08-22T23:31:00,3.1
CUR018,2026-08-23T06:03:00,HW,8.03,Punta Delgada,2026-08-23T05:26:00,6.82
CUR018,2026-08-23T12:10:00,LW,4.22,Punta Delgada,2026-08-23T12:06:00,4.23
CUR018,2026-08-23T18:15:00,HW,7.98,Punta Delgada,2026-08-23T17:38:00,6.77
CUR018,2026-08-24T00:37:00,LW,2.98,Punta Delgada,2026-08-24T00:33:00,2.99
CUR018,2026-08-24T07:00:00,HW,8.21,Punta Delgada,2026-08-24T06:23:00,7.0
CUR018,2026-08-24T13:21:00,LW,3.99,Punta Delgada,2026-08-24T13:17:00,4.0
CUR018,2026-08-24T19:06:00,HW,8.19,Punta Delgada,2026-08-24T18:29:00,6.98
CUR018,2026-08-25T01:32:00,LW,2.74,Punta Delgada,2026-08-25T01:28:00,2.75
CUR018,2026-08-25T07:47:00,HW,8.49,Punta Delgada,2026-08-25T07:10:00,7.28
CUR018,2026-08-25T14:10:00,LW,3.64,Punta Delgada,2026-08-25T14:06:00,3.65
CUR018,2026-08-25T19:50:00,HW,8.48,Punta Delgada,2026-08-25T19:13:00,7.27
CUR018,2026-08-26T02:21:00,LW,2.43,Punta Delgada,2026-08-26T02:17:00,2.44
CUR018,2026-08-26T08:29:00,HW,8.8,Punta Delgada,2026-08-26T07:52:00,7.59
CUR018,2026-08-26T14:49:00,LW,3.22,Punta Delgada,2026-08-26T14:45:00,3.23
CUR018,2026-08-26T20:29:00,HW,8.79,Punta Delgada,2026-08-26T19:52:00,7.58
CUR018,2026-08-27T03:06:00,LW,2.1,Punta Delgada,2026-08-27T03:02:00,2.11
CUR018,2026-08-27T09:07:00,HW,9.09,Punta Delgada,2026-08-27T08:30:00,7.88
CUR018,2026-08-27T15:25:00,LW,2.79,Punta Delgada,2026-08-27T15:21:00,2.8
CUR018,2026-08-27T21:07:00,HW,9.11,Punta Delgada,2026-08-27T20:30:00,7.9
CUR018,2026-08-28T03:47:00,LW,1.81,Punta Delgada,2026-08-28T03:43:00,1.82
CUR018,2026-08-28T09:42:00,HW,9.34,Punta Delgada,2026-08-28T09:05:00,8.13
CUR018,2026-08-28T16:02:00,LW,2.39,Punta Delgada,2026-08-28T15:58:00,2.4
CUR018,2026-08-28T21:42:00,HW,9.38,Punta Delgada,2026-08-28T21:05:00,8.17
CUR018,2026-08-29T04:27:00,LW,1.58,Punta Delgada,2026-08-29T04:23:00,1.59
CUR018,2026-08-29T10:15:00,HW,9.53,Punta Delgada,2026-08-29T09:38:00,8.32
CUR018,2026-08-29T16:39:00,LW,2.06,Punta Delgada,2026-08-29T16:35:00,2.07
CUR018,2026-08-29T22:17:00,HW,9.61,Punta Delgada,2026-08-29T21:40:00,8.4
CUR018,2026-08-30T05:05:00,LW,1.47,Punta Delgada,2026-08-30T05:01:00,1.48
CUR018,2026-08-30T10:47:00,HW,9.67,Punta Delgada,2026-08-30T10:10:00,8.46
CUR018,2026-08-30T17:18:00,LW,1.82,Punta Delgada,2026-08-30T17:14:00,1.83
CUR018,2026-08-30T22:54:00,HW,9.75,Punta Delgada,2026-08-30T22:17:00,8.54
CUR018,2026-08-31T05:43:00,LW,1.49,Punta Delgada,2026-08-31T05:39:00,1.5
CUR018,2026-08-31T11:19:00,HW,9.75,Punta Delgada,2026-08-31T10:42:00,8.54
CUR018,2026-08-31T17:59:00,LW,1.69,Punta Delgada,2026-08-31T17:55:00,1.7
CUR018,2026-08-31T23:33:00,HW,9.79,Punta Delgada,2026-08-31T22:56:00,8.58
CUR018,2026-09-01T06:21:00,LW,1.65,Punta Delgada,2026-09-01T06:17:00,1.66
CUR018,2026-09-01T11:54:00,HW,9.77,Punta Delgada,2026-09-01T11:17:00,8.56
CUR018,2026-09-01T18:41:00,LW,1.65,Punta Delgada,2026-09-01T18:37:00,1.66
CUR018,2026-09-02T00:18:00,HW,9.71,Punta Delgada,2026-09-01T23:41:00,8.5
CUR018,2026-09-02T07:00:00,LW,1.93,Punta Delgada,2026-09-02T06:56:00,1.94
CUR018,2026-09-02T12:33:00,HW,9.7,Punta Delgada,2026-09-02T11:56:00,8.49
CUR018,2026-09-02T19:25:00,LW,1.71,Punta Delgada,2026-09-02T19:21:00,1.72
CUR018,2026-09-03T01:09:00,HW,9.52,Punta Delgada,2026-09-03T00:32:00,8.31
CUR018,2026-09-03T07:42:00,LW,2.29,Punta Delgada,2026-09-03T07:38:00,2.3
CUR018,2026-09-03T13:18:00,HW,9.54,Punta Delgada,2026-09-03T12:41:00,8.33
CUR018,2026-09-03T20:14:00,LW,1.83,Punta Delgada,2026-09-03T20:10:00,1.84
CUR018,2026-09-04T02:08:00,HW,9.25,Punta Delgada,2026-09-04T01:31:00,8.04
CUR018,2026-09-04T08:29:00,LW,2.67,Punta Delgada,2026-09-04T08:25:00,2.68
CUR018,2026-09-04T14:11:00,HW,9.29,Punta Delgada,2026-09-04T13:34:00,8.08
CUR018,2026-09-04T21:08:00,LW,1.97,Punta Delgada,2026-09-04T21:04:00,1.98
CUR018,2026-09-05T03:15:00,HW,8.98,Punta Delgada,2026-09-05T02:38:00,7.77
CUR018,2026-09-05T09:25:00,LW,3.01,Punta Delgada,2026-09-05T09:21:00,3.02
CUR018,2026-09-05T15:16:00,HW,9.02,Punta Delgada,2026-09-05T14:39:00,7.81
CUR018,2026-09-05T22:12:00,LW,2.06,Punta Delgada,2026-09-05T22:08:00,2.07
CUR018,2026-09-06T04:33:00,HW,8.81,Punta Delgada,2026-09-06T03:56:00,7.6
CUR018,2026-09-06T10:34:00,LW,3.21,Punta Delgada,2026-09-06T10:30:00,3.22
CUR018,2026-09-06T16:38:00,HW,8.89,Punta Delgada,2026-09-06T16:01:00,7.68
CUR018,2026-09-06T23:25:00,LW,2.02,Punta Delgada,2026-09-06T23:21:00,2.03
CUR018,2026-09-07T05:52:00,HW,8.87,Punta Delgada,2026-09-07T05:15:00,7.66
CUR018,2026-09-07T11:54:00,LW,3.17,Punta Delgada,2026-09-07T11:50:00,3.18
CUR018,2026-09-07T17:58:00,HW,9.02,Punta Delgada,2026-09-07T17:21:00,7.81
CUR018,2026-09-08T00:39:00,LW,1.81,Punta Delgada,2026-09-08T00:35:00,1.82
CUR018,2026-09-08T07:00:00,HW,9.13,Punta Delgada,2026-09-08T06:23:00,7.92
CUR018,2026-09-08T13:13:00,LW,2.82,Punta Delgada,2026-09-08T13:09:00,2.83
CUR018,2026-09-08T19:04:00,HW,9.31,Punta Delgada,2026-09-08T18:27:00,8.1
CUR018,2026-09-09T01:48:00,LW,1.49,Punta Delgada,2026-09-09T01:44:00,1.5
CUR018,2026-09-09T07:58:00,HW,9.48,Punta Delgada,2026-09-09T07:21:00,8.27
CUR018,2026-09-09T14:19:00,LW,2.3,Punta Delgada,2026-09-09T14:15:00,2.31
CUR018,2026-09-09T20:01:00,HW,9.63,Punta Delgada,2026-09-09T19:24:00,8.42
CUR018,2026-09-10T02:51:00,LW,1.13,Punta Delgada,2026-09-10T02:47:00,1.14
CUR018,2026-09-10T08:48:00,HW,9.79,Punta Delgada,2026-09-10T08:11:00,8.58
CUR018,2026-09-10T15:16:00,LW,1.75,Punta Delgada,2026-09-10T15:12:00,1.76
CUR018,2026-09-10T20:53:00,HW,9.89,Punta Delgada,2026-09-10T20:16:00,8.68
CUR018,2026-09-11T03:46:00,LW,0.86,Punta Delgada,2026-09-11T03:42:00,0.87
CUR018,2026-09-11T09:35:00,HW,10.01,Punta Delgada,2026-09-11T08:58:00,8.8
CUR018,2026-09-11T16:07:00,LW,1.31,Punta Delgada,2026-09-11T16:03:00,1.32
CUR018,2026-09-11T21:43:00,HW,10.03,Punta Delgada,2026-09-11T21:06:00,8.82
CUR018,2026-09-12T04:36:00,LW,0.77,Punta Delgada,2026-09-12T04:32:00,0.78
CUR018,2026-09-12T10:20:00,HW,10.1,Punta Delgada,2026-09-12T09:43:00,8.89
CUR018,2026-09-12T16:54:00,LW,1.04,Punta Delgada,2026-09-12T16:50:00,1.05
CUR018,2026-09-12T22:32:00,HW,10.02,Punta Delgada,2026-09-12T21:55:00,8.81
CUR018,2026-09-13T05:21:00,LW,0.9,Punta Delgada,2026-09-13T05:17:00,0.91
CUR018,2026-09-13T11:03:00,HW,10.05,Punta Delgada,2026-09-13T10:26:00,8.84
CUR018,2026-09-13T17:39:00,LW,0.99,Punta Delgada,2026-09-13T17:35:00,1.0
CUR018,2026-09-13T23:20:00,HW,9.89,Punta Delgada,2026-09-13T22:43:00,8.68
CUR018,2026-09-14T06:03:00,LW,1.25,Punta Delgada,2026-09-14T05:59:00,1.26
CUR018,2026-09-14T11:44:00,HW,9.87,Punta Delgada,2026-09-14T11:07:00,8.66
CUR018,2026-09-14T18:21:00,LW,1.14,Punta Delgada,2026-09-14T18:17:00,1.15
CUR018,2026-09-15T00:08:00,HW,9.63,Punta Delgada,2026-09-14T23:31:00,8.42
CUR018,2026-09-15T06:42:00,LW,1.77,Punta Delgada,2026-09-15T06:38:00,1.78
CUR018,2026-09-15T12:24:00,HW,9.58,Punta Delgada,2026-09-15T11:47:00,8.37
CUR018,2026-09-15T19:01:00,LW,1.45,Punta Delgada,2026-09-15T18:57:00,1.46
CUR018,2026-09-16T00:55:00,HW,9.3,Punta Delgada,2026-09-16T00:18:00,8.09
CUR018,2026-09-16T07:19:00,LW,2.39,Punta Delgada,2026-09-16T07:15:00,2.4
CUR018,2026-09-16T13:04:00,HW,9.21,Punta Delgada,2026-09-16T12:27:00,8.0
CUR018,2026-09-16T19:40:00,LW,1.87,Punta Delgada,2026-09-16T19:36:00,1.88
CUR018,2026-09-17T01:42:00,HW,8.93,Punta Delgada,2026-09-17T01:05:00,7.72
CUR018,2026-09-17T07:52:00,LW,3.01,Punta Delgada,2026-09-17T07:48:00,3.02
CUR018,2026-09-17T13:44:00,HW,8.81,Punta Delgada,2026-09-17T13:07:00,7.6
CUR018,2026-09-17T20:18:00,LW,2.31,Punta Delgada,2026-09-17T20:14:00,2.32
CUR018,2026-09-18T02:29:00,HW,8.56,Punta Delgada,2026-09-18T01:52:00,7.35
CUR018,2026-09-18T08:23:00,LW,3.55,Punta Delgada,2026-09-18T08:19:00,3.56
CUR018,2026-09-18T14:28:00,HW,8.4,Punta Delgada,2026-09-18T13:51:00,7.19
CUR018,2026-09-18T20:56:00,LW,2.71,Punta Delgada,2026-09-18T20:52:00,2.72
CUR018,2026-09-19T03:20:00,HW,8.23,Punta Delgada,2026-09-19T02:43:00,7.02
CUR018,2026-09-19T08:56:00,LW,3.96,Punta Delgada,2026-09-19T08:52:00,3.97
CUR018,2026-09-19T15:19:00,HW,8.05,Punta Delgada,2026-09-19T14:42:00,6.84
CUR018,2026-09-19T21:40:00,LW,3.01,Punta Delgada,2026-09-19T21:36:00,3.02
CUR018,2026-09-20T04:15:00,HW,7.99,Punta Delgada,2026-09-20T03:38:00,6.78
CUR018,2026-09-20T09:40:00,LW,4.21,Punta Delgada,2026-09-20T09:36:00,4.22
CUR018,2026-09-20T16:22:00,HW,7.84,Punta Delgada,2026-09-20T15:45:00,6.63
CUR018,2026-09-20T22:32:00,LW,3.17,Punta Delgada,2026-09-20T22:28:00,3.18
CUR018,2026-09-21T05:17:00,HW,7.92,Punta Delgada,2026-09-21T04:40:00,6.71
CUR018,2026-09-21T10:38:00,LW,4.28,Punta Delgada,2026-09-21T10:34:00,4.29
CUR018,2026-09-21T17:27:00,HW,7.82,Punta Delgada,2026-09-21T16:50:00,6.61
CUR018,2026-09-21T23:30:00,LW,3.17,Punta Delgada,2026-09-21T23:26:00,3.18
CUR018,2026-09-22T06:17:00,HW,8.04,Punta Delgada,2026-09-22T05:40:00,6.83
CUR018,2026-09-22T11:48:00,LW,4.14,Punta Delgada,2026-09-22T11:44:00,4.15
CUR018,2026-09-22T18:25:00,HW,8.01,Punta Delgada,2026-09-22T17:48:00,6.8
CUR018,2026-09-23T00:30:00,LW,3.0,Punta Delgada,2026-09-23T00:26:00,3.01
CUR018,2026-09-23T07:09:00,HW,8.3,Punta Delgada,2026-09-23T06:32:00,7.09
CUR018,2026-09-23T12:59:00,LW,3.79,Punta Delgada,2026-09-23T12:55:00,3.8
CUR018,2026-09-23T19:14:00,HW,8.33,Punta Delgada,2026-09-23T18:37:00,7.12
CUR018,2026-09-24T01:29:00,LW,2.71,Punta Delgada,2026-09-24T01:25:00,2.72
CUR018,2026-09-24T07:54:00,HW,8.65,Punta Delgada,2026-09-24T07:17:00,7.44
CUR018,2026-09-24T13:57:00,LW,3.3,Punta Delgada,2026-09-24T13:53:00,3.31
CUR018,2026-09-24T19:58:00,HW,8.72,Punta Delgada,2026-09-24T19:21:00,7.51
CUR018,2026-09-25T02:24:00,LW,2.36,Punta Delgada,2026-09-25T02:20:00,2.37
CUR018,2026-09-25T08:34:00,HW,9.01,Punta Delgada,2026-09-25T07:57:00,7.8
CUR018,2026-09-25T14:46:00,LW,2.75,Punta Delgada,2026-09-25T14:42:00,2.76
CUR018,2026-09-25T20:39:00,HW,9.12,Punta Delgada,2026-09-25T20:02:00,7.91
CUR018,2026-09-26T03:14:00,LW,2.0,Punta Delgada,2026-09-26T03:10:00,2.01
CUR018,2026-09-26T09:11:00,HW,9.35,Punta Delgada,2026-09-26T08:34:00,8.14
CUR018,2026-09-26T15:32:00,LW,2.23,Punta Delgada,2026-09-26T15:28:00,2.24
CUR018,2026-09-26T21:19:00,HW,9.48,Punta Delgada,2026-09-26T20:42:00,8.27
CUR018,2026-09-27T04:00:00,LW,1.69,Punta Delgada,2026-09-27T03:56:00,1.7
CUR018,2026-09-27T09:45:00,HW,9.63,Punta Delgada,2026-09-27T09:08:00,8.42
CUR018,2026-09-27T16:17:00,LW,1.77,Punta Delgada,2026-09-27T16:13:00,1.78
CUR018,2026-09-27T21:57:00,HW,9.76,Punta Delgada,2026-09-27T21:20:00,8.55
CUR018,2026-09-28T04:43:00,LW,1.51,Punta Delgada,2026-09-28T04:39:00,1.52
CUR018,2026-09-28T10:19:00,HW,9.85,Punta Delgada,2026-09-28T09:42:00,8.64
CUR018,2026-09-28T17:00:00,LW,1.43,Punta Delgada,2026-09-28T16:56:00,1.44
CUR018,2026-09-28T22:37:00,HW,9.93,Punta Delgada,2026-09-28T22:00:00,8.72
CUR018,2026-09-29T05:24:00,LW,1.48,Punta Delgada,2026-09-29T05:20:00,1.49
CUR018,2026-09-29T10:53:00,HW,9.99,Punta Delgada,2026-09-29T10:16:00,8.78
CUR018,2026-09-29T17:44:00,LW,1.23,Punta Delgada,2026-09-29T17:40:00,1.24
CUR018,2026-09-29T23:19:00,HW,9.98,Punta Delgada,2026-09-29T22:42:00,8.77
CUR018,2026-09-30T06:04:00,LW,1.6,Punta Delgada,2026-09-30T06:00:00,1.61
CUR018,2026-09-30T11:30:00,HW,10.05,Punta Delgada,2026-09-30T10:53:00,8.84
CUR018,2026-09-30T18:28:00,LW,1.17,Punta Delgada,2026-09-30T18:24:00,1.18
CUR018,2026-10-01T00:05:00,HW,9.89,Punta Delgada,2026-09-30T23:28:00,8.68
CUR018,2026-10-01T06:45:00,LW,1.86,Punta Delgada,2026-10-01T06:41:00,1.87
CUR018,2026-10-01T12:11:00,HW,9.99,Punta Delgada,2026-10-01T11:34:00,8.78
CUR018,2026-10-01T19:13:00,LW,1.24,Punta Delgada,2026-10-01T19:09:00,1.25
CUR018,2026-10-02T00:56:00,HW,9.69,Punta Delgada,2026-10-02T00:19:00,8.48
CUR018,2026-10-02T07:27:00,LW,2.21,Punta Delgada,2026-10-02T07:23:00,2.22
CUR018,2026-10-02T12:57:00,HW,9.81,Punta Delgada,2026-10-02T12:20:00,8.6
CUR018,2026-10-02T20:01:00,LW,1.43,Punta Delgada,2026-10-02T19:57:00,1.44
CUR018,2026-10-03T01:53:00,HW,9.4,Punta Delgada,2026-10-03T01:16:00,8.19
CUR018,2026-10-03T08:13:00,LW,2.6,Punta Delgada,2026-10-03T08:09:00,2.61
CUR018,2026-10-03T13:49:00,HW,9.53,Punta Delgada,2026-10-03T13:12:00,8.32
CUR018,2026-10-03T20:53:00,LW,1.68,Punta Delgada,2026-10-03T20:49:00,1.69
CUR018,2026-10-04T02:55:00,HW,9.09,Punta Delgada,2026-10-04T02:18:00,7.88
CUR018,2026-10-04T09:08:00,LW,2.95,Punta Delgada,2026-10-04T09:04:00,2.96
CUR018,2026-10-04T14:52:00,HW,9.19,Punta Delgada,2026-10-04T14:15:00,7.98
CUR018,2026-10-04T21:53:00,LW,1.92,Punta Delgada,2026-10-04T21:49:00,1.93
CUR018,2026-10-05T04:08:00,HW,8.84,Punta Delgada,2026-10-05T03:31:00,7.63
CUR018,2026-10-05T10:13:00,LW,3.17,Punta Delgada,2026-10-05T10:09:00,3.18
CUR018,2026-10-05T16:10:00,HW,8.94,Punta Delgada,2026-10-05T15:33:00,7.73
CUR018,2026-10-05T23:03:00,LW,2.05,Punta Delgada,2026-10-05T22:59:00,2.06
CUR018,2026-10-06T05:26:00,HW,8.79,Punta Delgada,2026-10-06T04:49:00,7.58
CUR018,2026-10-06T11:32:00,LW,3.16,Punta Delgada,2026-10-06T11:28:00,3.17
CUR018,2026-10-06T17:34:00,HW,8.92,Punta Delgada,2026-10-06T16:57:00,7.71
CUR018,2026-10-07T00:16:00,LW,2.02,Punta Delgada,2026-10-07T00:12:00,2.03
CUR018,2026-10-07T06:38:00,HW,8.97,Punta Delgada,2026-10-07T06:01:00,7.76
CUR018,2026-10-07T12:50:00,LW,2.84,Punta Delgada,2026-10-07T12:46:00,2.85
CUR018,2026-10-07T18:46:00,HW,9.12,Punta Delgada,2026-10-07T18:09:00,7.91
CUR018,2026-10-08T01:27:00,LW,1.84,Punta Delgada,2026-10-08T01:23:00,1.85
CUR018,2026-10-08T07:37:00,HW,9.27,Punta Delgada,2026-10-08T07:00:00,8.06
CUR018,2026-10-08T13:58:00,LW,2.32,Punta Delgada,2026-10-08T13:54:00,2.33
CUR018,2026-10-08T19:46:00,HW,9.4,Punta Delgada,2026-10-08T19:09:00,8.19
CUR018,2026-10-09T02:32:00,LW,1.57,Punta Delgada,2026-10-09T02:28:00,1.58
CUR018,2026-10-09T08:29:00,HW,9.58,Punta Delgada,2026-10-09T07:52:00,8.37
CUR018,2026-10-09T14:57:00,LW,1.76,Punta Delgada,2026-10-09T14:53:00,1.77
CUR018,2026-10-09T20:41:00,HW,9.65,Punta Delgada,2026-10-09T20:04:00,8.44
CUR018,2026-10-10T03:28:00,LW,1.33,Punta Delgada,2026-10-10T03:24:00,1.34
CUR018,2026-10-10T09:15:00,HW,9.81,Punta Delgada,2026-10-10T08:38:00,8.6
CUR018,2026-10-10T15:48:00,LW,1.29,Punta Delgada,2026-10-10T15:44:00,1.3
CUR018,2026-10-10T21:32:00,HW,9.8,Punta Delgada,2026-10-10T20:55:00,8.59
CUR018,2026-10-11T04:17:00,LW,1.22,Punta Delgada,2026-10-11T04:13:00,1.23
CUR018,2026-10-11T09:59:00,HW,9.92,Punta Delgada,2026-10-11T09:22:00,8.71
CUR018,2026-10-11T16:35:00,LW,1.0,Punta Delgada,2026-10-11T16:31:00,1.01
CUR018,2026-10-11T22:20:00,HW,9.84,Punta Delgada,2026-10-11T21:43:00,8.63
CUR018,2026-10-12T05:02:00,LW,1.3,Punta Delgada,2026-10-12T04:58:00,1.31
CUR018,2026-10-12T10:40:00,HW,9.9,Punta Delgada,2026-10-12T10:03:00,8.69
CUR018,2026-10-12T17:19:00,LW,0.91,Punta Delgada,2026-10-12T17:15:00,0.92
CUR018,2026-10-12T23:07:00,HW,9.76,Punta Delgada,2026-10-12T22:30:00,8.55
CUR018,2026-10-13T05:42:00,LW,1.58,Punta Delgada,2026-10-13T05:38:00,1.59
CUR018,2026-10-13T11:20:00,HW,9.76,Punta Delgada,2026-10-13T10:43:00,8.55
CUR018,2026-10-13T18:00:00,LW,1.04,Punta Delgada,2026-10-13T17:56:00,1.05
CUR018,2026-10-13T23:52:00,HW,9.57,Punta Delgada,2026-10-13T23:15:00,8.36
CUR018,2026-10-14T06:20:00,LW,2.01,Punta Delgada,2026-10-14T06:16:00,2.02
CUR018,2026-10-14T11:58:00,HW,9.51,Punta Delgada,2026-10-14T11:21:00,8.3
CUR018,2026-10-14T18:38:00,LW,1.34,Punta Delgada,2026-10-14T18:34:00,1.35
CUR018,2026-10-15T00:35:00,HW,9.3,Punta Delgada,2026-10-14T23:58:00,8.09
CUR018,2026-10-15T06:52:00,LW,2.52,Punta Delgada,2026-10-15T06:48:00,2.53
CUR018,2026-10-15T12:35:00,HW,9.19,Punta Delgada,2026-10-15T11:58:00,7.98
CUR018,2026-10-15T19:13:00,LW,1.74,Punta Delgada,2026-10-15T19:09:00,1.75
CUR018,2026-10-16T01:18:00,HW,8.98,Punta Delgada,2026-10-16T00:41:00,7.77
CUR018,2026-10-16T07:21:00,LW,3.03,Punta Delgada,2026-10-16T07:17:00,3.04
CUR018,2026-10-16T13:11:00,HW,8.83,Punta Delgada,2026-10-16T12:34:00,7.62
CUR018,2026-10-16T19:46:00,LW,2.17,Punta Delgada,2026-10-16T19:42:00,2.18
CUR018,2026-10-17T01:59:00,HW,8.65,Punta Delgada,2026-10-17T01:22:00,7.44
CUR018,2026-10-17T07:46:00,LW,3.46,Punta Delgada,2026-10-17T07:42:00,3.47
CUR018,2026-10-17T13:48:00,HW,8.48,Punta Delgada,2026-10-17T13:11:00,7.27
CUR018,2026-10-17T20:19:00,LW,2.57,Punta Delgada,2026-10-17T20:15:00,2.58
CUR018,2026-10-18T02:43:00,HW,8.34,Punta Delgada,2026-10-18T02:06:00,7.13
CUR018,2026-10-18T08:16:00,LW,3.79,Punta Delgada,2026-10-18T08:12:00,3.8
CUR018,2026-10-18T14:31:00,HW,8.17,Punta Delgada,2026-10-18T13:54:00,6.96
CUR018,2026-10-18T20:56:00,LW,2.89,Punta Delgada,2026-10-18T20:52:00,2.9
CUR018,2026-10-19T03:31:00,HW,8.09,Punta Delgada,2026-10-19T02:54:00,6.88
CUR018,2026-10-19T08:56:00,LW,4.0,Punta Delgada,2026-10-19T08:52:00,4.01
CUR018,2026-10-19T15:25:00,HW,7.93,Punta Delgada,2026-10-19T14:48:00,6.72
CUR018,2026-10-19T21:41:00,LW,3.1,Punta Delgada,2026-10-19T21:37:00,3.11
CUR018,2026-10-20T04:28:00,HW,7.94,Punta Delgada,2026-10-20T03:51:00,6.73
CUR018,2026-10-20T09:48:00,LW,4.08,Punta Delgada,2026-10-20T09:44:00,4.09
CUR018,2026-10-20T16:33:00,HW,7.85,Punta Delgada,2026-10-20T15:56:00,6.64
CUR018,2026-10-20T22:34:00,LW,3.19,Punta Delgada,2026-10-20T22:30:00,3.2
CUR018,2026-10-21T05:30:00,HW,7.97,Punta Delgada,2026-10-21T04:53:00,6.76
CUR018,2026-10-21T10:51:00,LW,4.0,Punta Delgada,2026-10-21T10:47:00,4.01
CUR018,2026-10-21T17:40:00,HW,7.97,Punta Delgada,2026-10-21T17:03:00,6.76
CUR018,2026-10-21T23:35:00,LW,3.12,Punta Delgada,2026-10-21T23:31:00,3.13
CUR018,2026-10-22T06:28:00,HW,8.18,Punta Delgada,2026-10-22T05:51:00,6.97
CUR018,2026-10-22T12:02:00,LW,3.7,Punta Delgada,2026-10-22T11:58:00,3.71
CUR018,2026-10-22T18:38:00,HW,8.28,Punta Delgada,2026-10-22T18:01:00,7.07
CUR018,2026-10-23T00:39:00,LW,2.91,Punta Delgada,2026-10-23T00:35:00,2.92
CUR018,2026-10-23T07:18:00,HW,8.53,Punta Delgada,2026-10-23T06:41:00,7.32
CUR018,2026-10-23T13:10:00,LW,3.22,Punta Delgada,2026-10-23T13:06:00,3.23
CUR018,2026-10-23T19:28:00,HW,8.7,Punta Delgada,2026-10-23T18:51:00,7.49
CUR018,2026-10-24T01:43:00,LW,2.58,Punta Delgada,2026-10-24T01:39:00,2.59
CUR018,2026-10-24T08:01:00,HW,8.94,Punta Delgada,2026-10-24T07:24:00,7.73
CUR018,2026-10-24T14:10:00,LW,2.63,Punta Delgada,2026-10-24T14:06:00,2.64
CUR018,2026-10-24T20:14:00,HW,9.14,Punta Delgada,2026-10-24T19:37:00,7.93
CUR018,2026-10-25T02:42:00,LW,2.21,Punta Delgada,2026-10-25T02:38:00,2.22
CUR018,2026-10-25T08:41:00,HW,9.35,Punta Delgada,2026-10-25T08:04:00,8.14
CUR018,2026-10-25T15:05:00,LW,2.03,Punta Delgada,2026-10-25T15:01:00,2.04
CUR018,2026-10-25T20:58:00,HW,9.55,Punta Delgada,2026-10-25T20:21:00,8.34
CUR018,2026-10-26T03:35:00,LW,1.86,Punta Delgada,2026-10-26T03:31:00,1.87
CUR018,2026-10-26T09:18:00,HW,9.71,Punta Delgada,2026-10-26T08:41:00,8.5
CUR018,2026-10-26T15:55:00,LW,1.49,Punta Delgada,2026-10-26T15:51:00,1.5
CUR018,2026-10-26T21:40:00,HW,9.87,Punta Delgada,2026-10-26T21:03:00,8.66
CUR018,2026-10-27T04:22:00,LW,1.61,Punta Delgada,2026-10-27T04:18:00,1.62
CUR018,2026-10-27T09:54:00,HW,10.0,Punta Delgada,2026-10-27T09:17:00,8.79
CUR018,2026-10-27T16:43:00,LW,1.08,Punta Delgada,2026-10-27T16:39:00,1.09
CUR018,2026-10-27T22:23:00,HW,10.06,Punta Delgada,2026-10-27T21:46:00,8.85
CUR018,2026-10-28T05:06:00,LW,1.51,Punta Delgada,2026-10-28T05:02:00,1.52
CUR018,2026-10-28T10:31:00,HW,10.19,Punta Delgada,2026-10-28T09:54:00,8.98
CUR018,2026-10-28T17:30:00,LW,0.82,Punta Delgada,2026-10-28T17:26:00,0.83
CUR018,2026-10-28T23:07:00,HW,10.11,Punta Delgada,2026-10-28T22:30:00,8.9
CUR018,2026-10-29T05:48:00,LW,1.57,Punta Delgada,2026-10-29T05:44:00,1.58
CUR018,2026-10-29T11:10:00,HW,10.26,Punta Delgada,2026-10-29T10:33:00,9.05
CUR018,2026-10-29T18:15:00,LW,0.75,Punta Delgada,2026-10-29T18:11:00,0.76
CUR018,2026-10-29T23:54:00,HW,10.03,Punta Delgada,2026-10-29T23:17:00,8.82
CUR018,2026-10-30T06:30:00,LW,1.78,Punta Delgada,2026-10-30T06:26:00,1.79
CUR018,2026-10-30T11:52:00,HW,10.2,Punta Delgada,2026-10-30T11:15:00,8.99
CUR018,2026-10-30T19:00:00,LW,0.86,Punta Delgada,2026-10-30T18:56:00,0.87
CUR018,2026-10-31T00:44:00,HW,9.82,Punta Delgada,2026-10-31T00:07:00,8.61
CUR018,2026-10-31T07:14:00,LW,2.09,Punta Delgada,2026-10-31T07:10:00,2.1
CUR018,2026-10-31T12:39:00,HW,10.0,Punta Delgada,2026-10-31T12:02:00,8.79
CUR018,2026-10-31T19:47:00,LW,1.13,Punta Delgada,2026-10-31T19:43:00,1.14
CUR018,2026-11-01T01:38:00,HW,9.53,Punta Delgada,2026-11-01T01:01:00,8.32
CUR018,2026-11-01T08:00:00,LW,2.46,Punta Delgada,2026-11-01T07:56:00,2.47
CUR018,2026-11-01T13:31:00,HW,9.67,Punta Delgada,2026-11-01T12:54:00,8.46
CUR018,2026-11-01T20:37:00,LW,1.5,Punta Delgada,2026-11-01T20:33:00,1.51
CUR018,2026-11-02T02:36:00,HW,9.19,Punta Delgada,2026-11-02T01:59:00,7.98
CUR018,2026-11-02T08:52:00,LW,2.8,Punta Delgada,2026-11-02T08:48:00,2.81
CUR018,2026-11-02T14:32:00,HW,9.28,Punta Delgada,2026-11-02T13:55:00,8.07
CUR018,2026-11-02T21:34:00,LW,1.89,Punta Delgada,2026-11-02T21:30:00,1.9
CUR018,2026-11-03T03:41:00,HW,8.88,Punta Delgada,2026-11-03T03:04:00,7.67
CUR018,2026-11-03T09:55:00,LW,3.03,Punta Delgada,2026-11-03T09:51:00,3.04
CUR018,2026-11-03T15:47:00,HW,8.94,Punta Delgada,2026-11-03T15:10:00,7.73
CUR018,2026-11-03T22:40:00,LW,2.2,Punta Delgada,2026-11-03T22:36:00,2.21
CUR018,2026-11-04T04:57:00,HW,8.71,Punta Delgada,2026-11-04T04:20:00,7.5
CUR018,2026-11-04T11:09:00,LW,3.06,Punta Delgada,2026-11-04T11:05:00,3.07
CUR018,2026-11-04T17:11:00,HW,8.8,Punta Delgada,2026-11-04T16:34:00,7.59
CUR018,2026-11-04T23:52:00,LW,2.35,Punta Delgada,2026-11-04T23:48:00,2.36
CUR018,2026-11-05T06:11:00,HW,8.79,Punta Delgada,2026-11-05T05:34:00,7.58
CUR018,2026-11-05T12:27:00,LW,2.8,Punta Delgada,2026-11-05T12:23:00,2.81
CUR018,2026-11-05T18:27:00,HW,8.9,Punta Delgada,2026-11-05T17:50:00,7.69
CUR018,2026-11-06T01:05:00,LW,2.29,Punta Delgada,2026-11-06T01:01:00,2.3
CUR018,2026-11-06T07:14:00,HW,9.03,Punta Delgada,2026-11-06T06:37:00,7.82
CUR018,2026-11-06T13:36:00,LW,2.34,Punta Delgada,2026-11-06T13:32:00,2.35
CUR018,2026-11-06T19:31:00,HW,9.13,Punta Delgada,2026-11-06T18:54:00,7.92
CUR018,2026-11-07T02:11:00,LW,2.1,Punta Delgada,2026-11-07T02:07:00,2.11
CUR018,2026-11-07T08:06:00,HW,9.31,Punta Delgada,2026-11-07T07:29:00,8.1
CUR018,2026-11-07T14:35:00,LW,1.81,Punta Delgada,2026-11-07T14:31:00,1.82
CUR018,2026-11-07T20:27:00,HW,9.37,Punta Delgada,2026-11-07T19:50:00,8.16
CUR018,2026-11-08T03:08:00,LW,1.88,Punta Delgada,2026-11-08T03:04:00,1.89
CUR018,2026-11-08T08:53:00,HW,9.54,Punta Delgada,2026-11-08T08:16:00,8.33
CUR018,2026-11-08T15:27:00,LW,1.36,Punta Delgada,2026-11-08T15:23:00,1.37
CUR018,2026-11-08T21:18:00,HW,9.56,Punta Delgada,2026-11-08T20:41:00,8.35
CUR018,2026-11-09T03:58:00,LW,1.73,Punta Delgada,2026-11-09T03:54:00,1.74
CUR018,2026-11-09T09:36:00,HW,9.67,Punta Delgada,2026-11-09T08:59:00,8.46
CUR018,2026-11-09T16:15:00,LW,1.07,Punta Delgada,2026-11-09T16:11:00,1.08
CUR018,2026-11-09T22:05:00,HW,9.65,Punta Delgada,2026-11-09T21:28:00,8.44
CUR018,2026-11-10T04:41:00,LW,1.74,Punta Delgada,2026-11-10T04:37:00,1.75
CUR018,2026-11-10T10:16:00,HW,9.69,Punta Delgada,2026-11-10T09:39:00,8.48
CUR018,2026-11-10T16:57:00,LW,0.97,Punta Delgada,2026-11-10T16:53:00,0.98
CUR018,2026-11-10T22:49:00,HW,9.63,Punta Delgada,2026-11-10T22:12:00,8.42
CUR018,2026-11-11T05:20:00,LW,1.91,Punta Delgada,2026-11-11T05:16:00,1.92
CUR018,2026-11-11T10:54:00,HW,9.6,Punta Delgada,2026-11-11T10:17:00,8.39
CUR018,2026-11-11T17:37:00,LW,1.06,Punta Delgada,2026-11-11T17:33:00,1.07
CUR018,2026-11-11T23:31:00,HW,9.51,Punta Delgada,2026-11-11T22:54:00,8.3
CUR018,2026-11-12T05:55:00,LW,2.21,Punta Delgada,2026-11-12T05:51:00,2.22
CUR018,2026-11-12T11:30:00,HW,9.41,Punta Delgada,2026-11-12T10:53:00,8.2
CUR018,2026-11-12T18:12:00,LW,1.32,Punta Delgada,2026-11-12T18:08:00,1.33
CUR018,2026-11-13T00:11:00,HW,9.31,Punta Delgada,2026-11-12T23:34:00,8.1
CUR018,2026-11-13T06:25:00,LW,2.58,Punta Delgada,2026-11-13T06:21:00,2.59
CUR018,2026-11-13T12:04:00,HW,9.16,Punta Delgada,2026-11-13T11:27:00,7.95
CUR018,2026-11-13T18:44:00,LW,1.66,Punta Delgada,2026-11-13T18:40:00,1.67
CUR018,2026-11-14T00:50:00,HW,9.06,Punta Delgada,2026-11-14T00:13:00,7.85
CUR018,2026-11-14T06:50:00,LW,2.95,Punta Delgada,2026-11-14T06:46:00,2.96
CUR018,2026-11-14T12:37:00,HW,8.89,Punta Delgada,2026-11-14T12:00:00,7.68
CUR018,2026-11-14T19:14:00,LW,2.04,Punta Delgada,2026-11-14T19:10:00,2.05
CUR018,2026-11-15T01:27:00,HW,8.79,Punta Delgada,2026-11-15T00:50:00,7.58
CUR018,2026-11-15T07:13:00,LW,3.26,Punta Delgada,2026-11-15T07:09:00,3.27
CUR018,2026-11-15T13:09:00,HW,8.63,Punta Delgada,2026-11-15T12:32:00,7.42
CUR018,2026-11-15T19:44:00,LW,2.39,Punta Delgada,2026-11-15T19:40:00,2.4
CUR018,2026-11-16T02:05:00,HW,8.52,Punta Delgada,2026-11-16T01:28:00,7.31
CUR018,2026-11-16T07:43:00,LW,3.49,Punta Delgada,2026-11-16T07:39:00,3.5
CUR018,2026-11-16T13:44:00,HW,8.39,Punta Delgada,2026-11-16T13:07:00,7.18
CUR018,2026-11-16T20:19:00,LW,2.69,Punta Delgada,2026-11-16T20:15:00,2.7
CUR018,2026-11-17T02:46:00,HW,8.28,Punta Delgada,2026-11-17T02:09:00,7.07
CUR018,2026-11-17T08:22:00,LW,3.65,Punta Delgada,2026-11-17T08:18:00,3.66
CUR018,2026-11-17T14:30:00,HW,8.19,Punta Delgada,2026-11-17T13:53:00,6.98
CUR018,2026-11-17T21:00:00,LW,2.94,Punta Delgada,2026-11-17T20:56:00,2.95
CUR018,2026-11-18T03:35:00,HW,8.1,Punta Delgada,2026-11-18T02:58:00,6.89
CUR018,2026-11-18T09:11:00,LW,3.73,Punta Delgada,2026-11-18T09:07:00,3.74
CUR018,2026-11-18T15:35:00,HW,8.06,Punta Delgada,2026-11-18T14:58:00,6.85
CUR018,2026-11-18T21:50:00,LW,3.1,Punta Delgada,2026-11-18T21:46:00,3.11
CUR018,2026-11-19T04:36:00,HW,8.03,Punta Delgada,2026-11-19T03:59:00,6.82
CUR018,2026-11-19T10:11:00,LW,3.69,Punta Delgada,2026-11-19T10:07:00,3.7
CUR018,2026-11-19T16:52:00,HW,8.09,Punta Delgada,2026-11-19T16:15:00,6.88
CUR018,2026-11-19T22:50:00,LW,3.14,Punta Delgada,2026-11-19T22:46:00,3.15
CUR018,2026-11-20T05:42:00,HW,8.16,Punta Delgada,2026-11-20T05:05:00,6.95
CUR018,2026-11-20T11:20:00,LW,3.46,Punta Delgada,2026-11-20T11:16:00,3.47
CUR018,2026-11-20T18:01:00,HW,8.33,Punta Delgada,2026-11-20T17:24:00,7.12
CUR018,2026-11-20T23:56:00,LW,3.04,Punta Delgada,2026-11-20T23:52:00,3.05
CUR018,2026-11-21T06:39:00,HW,8.47,Punta Delgada,2026-11-21T06:02:00,7.26
CUR018,2026-11-21T12:32:00,LW,3.03,Punta Delgada,2026-11-21T12:28:00,3.04
CUR018,2026-11-21T18:59:00,HW,8.72,Punta Delgada,2026-11-21T18:22:00,7.51
CUR018,2026-11-22T01:05:00,LW,2.79,Punta Delgada,2026-11-22T01:01:00,2.8
CUR018,2026-11-22T07:28:00,HW,8.89,Punta Delgada,2026-11-22T06:51:00,7.68
CUR018,2026-11-22T13:39:00,LW,2.45,Punta Delgada,2026-11-22T13:35:00,2.46
CUR018,2026-11-22T19:51:00,HW,9.17,Punta Delgada,2026-11-22T19:14:00,7.96
CUR018,2026-11-23T02:12:00,LW,2.44,Punta Delgada,2026-11-23T02:08:00,2.45
CUR018,2026-11-23T08:12:00,HW,9.34,Punta Delgada,2026-11-23T07:35:00,8.13
CUR018,2026-11-23T14:39:00,LW,1.82,Punta Delgada,2026-11-23T14:35:00,1.83
CUR018,2026-11-23T20:39:00,HW,9.59,Punta Delgada,2026-11-23T20:02:00,8.38
CUR018,2026-11-24T03:10:00,LW,2.05,Punta Delgada,2026-11-24T03:06:00,2.06
CUR018,2026-11-24T08:52:00,HW,9.76,Punta Delgada,2026-11-24T08:15:00,8.55
CUR018,2026-11-24T15:35:00,LW,1.24,Punta Delgada,2026-11-24T15:31:00,1.25
CUR018,2026-11-24T21:25:00,HW,9.93,Punta Delgada,2026-11-24T20:48:00,8.72
CUR018,2026-11-25T04:02:00,LW,1.74,Punta Delgada,2026-11-25T03:58:00,1.75
CUR018,2026-11-25T09:31:00,HW,10.1,Punta Delgada,2026-11-25T08:54:00,8.89
CUR018,2026-11-25T16:26:00,LW,0.78,Punta Delgada,2026-11-25T16:22:00,0.79
CUR018,2026-11-25T22:10:00,HW,10.14,Punta Delgada,2026-11-25T21:33:00,8.93
CUR018,2026-11-26T04:49:00,LW,1.55,Punta Delgada,2026-11-26T04:45:00,1.56
CUR018,2026-11-26T10:11:00,HW,10.32,Punta Delgada,2026-11-26T09:34:00,9.11
CUR018,2026-11-26T17:15:00,LW,0.51,Punta Delgada,2026-11-26T17:11:00,0.52
CUR018,2026-11-26T22:55:00,HW,10.2,Punta Delgada,2026-11-26T22:18:00,8.99
CUR018,2026-11-27T05:33:00,LW,1.53,Punta Delgada,2026-11-27T05:29:00,1.54
CUR018,2026-11-27T10:52:00,HW,10.4,Punta Delgada,2026-11-27T10:15:00,9.19
CUR018,2026-11-27T18:01:00,LW,0.45,Punta Delgada,2026-11-27T17:57:00,0.46
CUR018,2026-11-27T23:42:00,HW,10.13,Punta Delgada,2026-11-27T23:05:00,8.92
CUR018,2026-11-28T06:17:00,LW,1.66,Punta Delgada,2026-11-28T06:13:00,1.67
CUR018,2026-11-28T11:36:00,HW,10.32,Punta Delgada,2026-11-28T10:59:00,9.11
CUR018,2026-11-28T18:47:00,LW,0.61,Punta Delgada,2026-11-28T18:43:00,0.62
CUR018,2026-11-29T00:31:00,HW,9.93,Punta Delgada,2026-11-28T23:54:00,8.72
CUR018,2026-11-29T07:01:00,LW,1.91,Punta Delgada,2026-11-29T06:57:00,1.92
CUR018,2026-11-29T12:24:00,HW,10.09,Punta Delgada,2026-11-29T11:47:00,8.88
CUR018,2026-11-29T19:33:00,LW,0.96,Punta Delgada,2026-11-29T19:29:00,0.97
CUR018,2026-11-30T01:22:00,HW,9.64,Punta Delgada,2026-11-30T00:45:00,8.43
CUR018,2026-11-30T07:47:00,LW,2.23,Punta Delgada,2026-11-30T07:43:00,2.24
CUR018,2026-11-30T13:17:00,HW,9.73,Punta Delgada,2026-11-30T12:40:00,8.52
CUR018,2026-11-30T20:21:00,LW,1.45,Punta Delgada,2026-11-30T20:17:00,1.46
CUR018,2026-12-01T02:15:00,HW,9.29,Punta Delgada,2026-12-01T01:38:00,8.08
CUR018,2026-12-01T08:38:00,LW,2.56,Punta Delgada,2026-12-01T08:34:00,2.57
CUR018,2026-12-01T14:17:00,HW,9.3,Punta Delgada,2026-12-01T13:40:00,8.09
CUR018,2026-12-01T21:14:00,LW,1.98,Punta Delgada,2026-12-01T21:10:00,1.99
CUR018,2026-12-02T03:14:00,HW,8.93,Punta Delgada,2026-12-02T02:37:00,7.72
CUR018,2026-12-02T09:36:00,LW,2.81,Punta Delgada,2026-12-02T09:32:00,2.82
CUR018,2026-12-02T15:28:00,HW,8.9,Punta Delgada,2026-12-02T14:51:00,7.69
CUR018,2026-12-02T22:15:00,LW,2.44,Punta Delgada,2026-12-02T22:11:00,2.45
CUR018,2026-12-03T04:24:00,HW,8.67,Punta Delgada,2026-12-03T03:47:00,7.46
CUR018,2026-12-03T10:46:00,LW,2.9,Punta Delgada,2026-12-03T10:42:00,2.91
CUR018,2026-12-03T16:49:00,HW,8.67,Punta Delgada,2026-12-03T16:12:00,7.46
CUR018,2026-12-03T23:26:00,LW,2.74,Punta Delgada,2026-12-03T23:22:00,2.75
CUR018,2026-12-04T05:39:00,HW,8.61,Punta Delgada,2026-12-04T05:02:00,7.4
CUR018,2026-12-04T12:01:00,LW,2.75,Punta Delgada,2026-12-04T11:57:00,2.76
CUR018,2026-12-04T18:07:00,HW,8.67,Punta Delgada,2026-12-04T17:30:00,7.46
CUR018,2026-12-05T00:41:00,LW,2.81,Punta Delgada,2026-12-05T00:37:00,2.82
CUR018,2026-12-05T06:46:00,HW,8.75,Punta Delgada,2026-12-05T06:09:00,7.54
CUR018,2026-12-05T13:10:00,LW,2.39,Punta Delgada,2026-12-05T13:06:00,2.4
CUR018,2026-12-05T19:14:00,HW,8.85,Punta Delgada,2026-12-05T18:37:00,7.64
CUR018,2026-12-06T01:49:00,LW,2.68,Punta Delgada,2026-12-06T01:45:00,2.69
CUR018,2026-12-06T07:41:00,HW,8.99,Punta Delgada,2026-12-06T07:04:00,7.78
CUR018,2026-12-06T14:11:00,LW,1.96,Punta Delgada,2026-12-06T14:07:00,1.97
CUR018,2026-12-06T20:11:00,HW,9.08,Punta Delgada,2026-12-06T19:34:00,7.87
CUR018,2026-12-07T02:47:00,LW,2.46,Punta Delgada,2026-12-07T02:43:00,2.47
CUR018,2026-12-07T08:28:00,HW,9.21,Punta Delgada,2026-12-07T07:51:00,8.0
CUR018,2026-12-07T15:04:00,LW,1.56,Punta Delgada,2026-12-07T15:00:00,1.57
CUR018,2026-12-07T21:01:00,HW,9.29,Punta Delgada,2026-12-07T20:24:00,8.08
CUR018,2026-12-08T03:37:00,LW,2.27,Punta Delgada,2026-12-08T03:33:00,2.28
CUR018,2026-12-08T09:10:00,HW,9.37,Punta Delgada,2026-12-08T08:33:00,8.16
CUR018,2026-12-08T15:51:00,LW,1.28,Punta Delgada,2026-12-08T15:47:00,1.29
CUR018,2026-12-08T21:45:00,HW,9.43,Punta Delgada,2026-12-08T21:08:00,8.22
CUR018,2026-12-09T04:19:00,LW,2.18,Punta Delgada,2026-12-09T04:15:00,2.19
CUR018,2026-12-09T09:49:00,HW,9.43,Punta Delgada,2026-12-09T09:12:00,8.22
CUR018,2026-12-09T16:34:00,LW,1.16,Punta Delgada,2026-12-09T16:30:00,1.17
CUR018,2026-12-09T22:27:00,HW,9.48,Punta Delgada,2026-12-09T21:50:00,8.27
CUR018,2026-12-10T04:56:00,LW,2.22,Punta Delgada,2026-12-10T04:52:00,2.23
CUR018,2026-12-10T10:26:00,HW,9.41,Punta Delgada,2026-12-10T09:49:00,8.2
CUR018,2026-12-10T17:11:00,LW,1.2,Punta Delgada,2026-12-10T17:07:00,1.21
CUR018,2026-12-10T23:06:00,HW,9.44,Punta Delgada,2026-12-10T22:29:00,8.23
CUR018,2026-12-11T05:28:00,LW,2.37,Punta Delgada,2026-12-11T05:24:00,2.38
CUR018,2026-12-11T11:01:00,HW,9.31,Punta Delgada,2026-12-11T10:24:00,8.1
CUR018,2026-12-11T17:45:00,LW,1.37,Punta Delgada,2026-12-11T17:41:00,1.38
CUR018,2026-12-11T23:43:00,HW,9.32,Punta Delgada,2026-12-11T23:06:00,8.11
CUR018,2026-12-12T05:56:00,LW,2.58,Punta Delgada,2026-12-12T05:52:00,2.59
CUR018,2026-12-12T11:33:00,HW,9.16,Punta Delgada,2026-12-12T10:56:00,7.95
CUR018,2026-12-12T18:15:00,LW,1.63,Punta Delgada,2026-12-12T18:11:00,1.64
CUR018,2026-12-13T00:18:00,HW,9.16,Punta Delgada,2026-12-12T23:41:00,7.95
CUR018,2026-12-13T06:20:00,LW,2.78,Punta Delgada,2026-12-13T06:16:00,2.79
CUR018,2026-12-13T12:03:00,HW,9.0,Punta Delgada,2026-12-13T11:26:00,7.79
CUR018,2026-12-13T18:44:00,LW,1.91,Punta Delgada,2026-12-13T18:40:00,1.92
CUR018,2026-12-14T00:52:00,HW,8.96,Punta Delgada,2026-12-14T00:15:00,7.75
CUR018,2026-12-14T06:46:00,LW,2.96,Punta Delgada,2026-12-14T06:42:00,2.97
CUR018,2026-12-14T12:33:00,HW,8.84,Punta Delgada,2026-12-14T11:56:00,7.63
CUR018,2026-12-14T19:14:00,LW,2.2,Punta Delgada,2026-12-14T19:10:00,2.21
CUR018,2026-12-15T01:25:00,HW,8.76,Punta Delgada,2026-12-15T00:48:00,7.55
CUR018,2026-12-15T07:17:00,LW,3.11,Punta Delgada,2026-12-15T07:13:00,3.12
CUR018,2026-12-15T13:07:00,HW,8.69,Punta Delgada,2026-12-15T12:30:00,7.48
CUR018,2026-12-15T19:47:00,LW,2.48,Punta Delgada,2026-12-15T19:43:00,2.49
CUR018,2026-12-16T01:58:00,HW,8.57,Punta Delgada,2026-12-16T01:21:00,7.36
CUR018,2026-12-16T07:55:00,LW,3.22,Punta Delgada,2026-12-16T07:51:00,3.23
CUR018,2026-12-16T13:50:00,HW,8.54,Punta Delgada,2026-12-16T13:13:00,7.33
CUR018,2026-12-16T20:27:00,LW,2.74,Punta Delgada,2026-12-16T20:23:00,2.75
CUR018,2026-12-17T02:39:00,HW,8.4,Punta Delgada,2026-12-17T02:02:00,7.19
CUR018,2026-12-17T08:42:00,LW,3.29,Punta Delgada,2026-12-17T08:38:00,3.3
CUR018,2026-12-17T14:49:00,HW,8.39,Punta Delgada,2026-12-17T14:12:00,7.18
CUR018,2026-12-17T21:14:00,LW,2.96,Punta Delgada,2026-12-17T21:10:00,2.97
CUR018,2026-12-18T03:35:00,HW,8.26,Punta Delgada,2026-12-18T02:58:00,7.05
CUR018,2026-12-18T09:39:00,LW,3.28,Punta Delgada,2026-12-18T09:35:00,3.29
CUR018,2026-12-18T16:05:00,HW,8.31,Punta Delgada,2026-12-18T15:28:00,7.1
CUR018,2026-12-18T22:12:00,LW,3.11,Punta Delgada,2026-12-18T22:08:00,3.12
CUR018,2026-12-19T04:48:00,HW,8.26,Punta Delgada,2026-12-19T04:11:00,7.05
CUR018,2026-12-19T10:46:00,LW,3.12,Punta Delgada,2026-12-19T10:42:00,3.13
CUR018,2026-12-19T17:24:00,HW,8.43,Punta Delgada,2026-12-19T16:47:00,7.22
CUR018,2026-12-19T23:18:00,LW,3.13,Punta Delgada,2026-12-19T23:14:00,3.14
CUR018,2026-12-20T05:58:00,HW,8.48,Punta Delgada,2026-12-20T05:21:00,7.27
CUR018,2026-12-20T11:59:00,LW,2.77,Punta Delgada,2026-12-20T11:55:00,2.78
CUR018,2026-12-20T18:32:00,HW,8.74,Punta Delgada,2026-12-20T17:55:00,7.53
CUR018,2026-12-21T00:30:00,LW,2.98,Punta Delgada,2026-12-21T00:26:00,2.99
CUR018,2026-12-21T06:55:00,HW,8.87,Punta Delgada,2026-12-21T06:18:00,7.66
CUR018,2026-12-21T13:10:00,LW,2.25,Punta Delgada,2026-12-21T13:06:00,2.26
CUR018,2026-12-21T19:30:00,HW,9.16,Punta Delgada,2026-12-21T18:53:00,7.95
CUR018,2026-12-22T01:43:00,LW,2.67,Punta Delgada,2026-12-22T01:39:00,2.68
CUR018,2026-12-22T07:44:00,HW,9.34,Punta Delgada,2026-12-22T07:07:00,8.13
CUR018,2026-12-22T14:16:00,LW,1.65,Punta Delgada,2026-12-22T14:12:00,1.66
CUR018,2026-12-22T20:22:00,HW,9.58,Punta Delgada,2026-12-22T19:45:00,8.37
CUR018,2026-12-23T02:48:00,LW,2.25,Punta Delgada,2026-12-23T02:44:00,2.26
CUR018,2026-12-23T08:29:00,HW,9.78,Punta Delgada,2026-12-23T07:52:00,8.57
CUR018,2026-12-23T15:16:00,LW,1.07,Punta Delgada,2026-12-23T15:12:00,1.08
CUR018,2026-12-23T21:10:00,HW,9.93,Punta Delgada,2026-12-23T20:33:00,8.72
CUR018,2026-12-24T03:43:00,LW,1.86,Punta Delgada,2026-12-24T03:39:00,1.87
CUR018,2026-12-24T09:11:00,HW,10.14,Punta Delgada,2026-12-24T08:34:00,8.93
CUR018,2026-12-24T16:10:00,LW,0.61,Punta Delgada,2026-12-24T16:06:00,0.62
CUR018,2026-12-24T21:56:00,HW,10.16,Punta Delgada,2026-12-24T21:19:00,8.95
CUR018,2026-12-25T04:32:00,LW,1.57,Punta Delgada,2026-12-25T04:28:00,1.58
CUR018,2026-12-25T09:54:00,HW,10.37,Punta Delgada,2026-12-25T09:17:00,9.16
CUR018,2026-12-25T17:00:00,LW,0.34,Punta Delgada,2026-12-25T16:56:00,0.35
CUR018,2026-12-25T22:43:00,HW,10.25,Punta Delgada,2026-12-25T22:06:00,9.04
CUR018,2026-12-26T05:18:00,LW,1.44,Punta Delgada,2026-12-26T05:14:00,1.45
CUR018,2026-12-26T10:38:00,HW,10.44,Punta Delgada,2026-12-26T10:01:00,9.23
CUR018,2026-12-26T17:47:00,LW,0.3,Punta Delgada,2026-12-26T17:43:00,0.31
CUR018,2026-12-26T23:29:00,HW,10.2,Punta Delgada,2026-12-26T22:52:00,8.99
CUR018,2026-12-27T06:03:00,LW,1.48,Punta Delgada,2026-12-27T05:59:00,1.49
CUR018,2026-12-27T11:23:00,HW,10.34,Punta Delgada,2026-12-27T10:46:00,9.13
CUR018,2026-12-27T18:32:00,LW,0.51,Punta Delgada,2026-12-27T18:28:00,0.52
CUR018,2026-12-28T00:16:00,HW,10.02,Punta Delgada,2026-12-27T23:39:00,8.81
CUR018,2026-12-28T06:48:00,LW,1.66,Punta Delgada,2026-12-28T06:44:00,1.67
CUR018,2026-12-28T12:12:00,HW,10.09,Punta Delgada,2026-12-28T11:35:00,8.88
CUR018,2026-12-28T19:17:00,LW,0.94,Punta Delgada,2026-12-28T19:13:00,0.95
CUR018,2026-12-29T01:04:00,HW,9.74,Punta Delgada,2026-12-29T00:27:00,8.53
CUR018,2026-12-29T07:34:00,LW,1.94,Punta Delgada,2026-12-29T07:30:00,1.95
CUR018,2026-12-29T13:05:00,HW,9.71,Punta Delgada,2026-12-29T12:28:00,8.5
CUR018,2026-12-29T20:03:00,LW,1.52,Punta Delgada,2026-12-29T19:59:00,1.53
CUR018,2026-12-30T01:53:00,HW,9.38,Punta Delgada,2026-12-30T01:16:00,8.17
CUR018,2026-12-30T08:22:00,LW,2.26,Punta Delgada,2026-12-30T08:18:00,2.27
CUR018,2026-12-30T14:05:00,HW,9.27,Punta Delgada,2026-12-30T13:28:00,8.06
CUR018,2026-12-30T20:53:00,LW,2.15,Punta Delgada,2026-12-30T20:49:00,2.16
CUR018,2026-12-31T02:47:00,HW,8.99,Punta Delgada,2026-12-31T02:10:00,7.78
CUR018,2026-12-31T09:16:00,LW,2.55,Punta Delgada,2026-12-31T09:12:00,2.56
CUR018,2026-12-31T15:11:00,HW,8.85,Punta Delgada,2026-12-31T14:34:00,7.64
CUR018,2026-12-31T21:49:00,LW,2.73,Punta Delgada,2026-12-31T21:45:00,2.74
CUR019,2026-01-01T01:51:00,LW,3.5916,Puerto Montt,2026-01-01T05:53:00,1.46
CUR019,2026-01-01T07:49:00,HW,10.7724,Puerto Montt,2026-01-01T11:59:00,5.64
CUR019,2026-01-01T13:57:00,LW,4.1328,Puerto Montt,2026-01-01T17:59:00,1.68
CUR019,2026-01-01T20:05:00,HW,12.7206,Puerto Montt,2026-01-02T00:15:00,6.66
CUR019,2026-01-02T02:48:00,LW,2.6322,Puerto Montt,2026-01-02T06:50:00,1.07
CUR019,2026-01-02T08:46:00,HW,11.3072,Puerto Montt,2026-01-02T12:56:00,5.92
CUR019,2026-01-02T14:52:00,LW,3.5424,Puerto Montt,2026-01-02T18:54:00,1.44
CUR019,2026-01-02T20:58:00,HW,13.3127,Puerto Montt,2026-01-03T01:08:00,6.97
CUR019,2026-01-03T03:39:00,LW,1.8942,Puerto Montt,2026-01-03T07:41:00,0.77
CUR019,2026-01-03T09:37:00,HW,11.7274,Puerto Montt,2026-01-03T13:47:00,6.14
CUR019,2026-01-03T15:43:00,LW,3.0504,Puerto Montt,2026-01-03T19:45:00,1.24
CUR019,2026-01-03T21:48:00,HW,13.6565,Puerto Montt,2026-01-04T01:58:00,7.15
CUR019,2026-01-04T04:27:00,LW,1.5006,Puerto Montt,2026-01-04T08:29:00,0.61
CUR019,2026-01-04T10:24:00,HW,11.9375,Puerto Montt,2026-01-04T14:34:00,6.25
CUR019,2026-01-04T16:31:00,LW,2.8044,Puerto Montt,2026-01-04T20:33:00,1.14
CUR019,2026-01-04T22:34:00,HW,13.6947,Puerto Montt,2026-01-05T02:44:00,7.17
CUR019,2026-01-05T05:12:00,LW,1.476,Puerto Montt,2026-01-05T09:14:00,0.6
CUR019,2026-01-05T11:08:00,HW,11.9184,Puerto Montt,2026-01-05T15:18:00,6.24
CUR019,2026-01-05T17:16:00,LW,2.829,Puerto Montt,2026-01-05T21:18:00,1.15
CUR019,2026-01-05T23:18:00,HW,13.3891,Puerto Montt,2026-01-06T03:28:00,7.01
CUR019,2026-01-06T05:54:00,LW,1.845,Puerto Montt,2026-01-06T09:56:00,0.75
CUR019,2026-01-06T11:51:00,HW,11.6892,Puerto Montt,2026-01-06T16:01:00,6.12
CUR019,2026-01-06T17:59:00,LW,3.198,Puerto Montt,2026-01-06T22:01:00,1.3
CUR019,2026-01-06T23:59:00,HW,12.7779,Puerto Montt,2026-01-07T04:09:00,6.69
CUR019,2026-01-07T06:34:00,LW,2.5338,Puerto Montt,2026-01-07T10:36:00,1.03
CUR019,2026-01-07T12:32:00,HW,11.269,Puerto Montt,2026-01-07T16:42:00,5.9
CUR019,2026-01-07T18:41:00,LW,3.8622,Puerto Montt,2026-01-07T22:43:00,1.57
CUR019,2026-01-08T00:40:00,HW,11.9375,Puerto Montt,2026-01-08T04:50:00,6.25
CUR019,2026-01-08T07:13:00,LW,3.4686,Puerto Montt,2026-01-08T11:15:00,1.41
CUR019,2026-01-08T13:13:00,HW,10.7342,Puerto Montt,2026-01-08T17:23:00,5.62
CUR019,2026-01-08T19:25:00,LW,4.7478,Puerto Montt,2026-01-08T23:27:00,1.93
CUR019,2026-01-09T01:22:00,HW,10.9825,Puerto Montt,2026-01-09T05:32:00,5.75
CUR019,2026-01-09T07:52:00,LW,4.5018,Puerto Montt,2026-01-09T11:54:00,1.83
CUR019,2026-01-09T13:59:00,HW,10.1994,Puerto Montt,2026-01-09T18:09:00,5.34
CUR019,2026-01-09T20:12:00,LW,5.7072,Puerto Montt,2026-01-10T00:14:00,2.32
CUR019,2026-01-10T02:08:00,HW,9.9893,Puerto Montt,2026-01-10T06:18:00,5.23
CUR019,2026-01-10T08:37:00,LW,5.535,Puerto Montt,2026-01-10T12:39:00,2.25
CUR019,2026-01-10T14:52:00,HW,9.7219,Puerto Montt,2026-01-10T19:02:00,5.09
CUR019,2026-01-10T21:12:00,LW,6.5928,Puerto Montt,2026-01-11T01:14:00,2.68
CUR019,2026-01-11T03:07:00,HW,9.1298,Puerto Montt,2026-01-11T07:17:00,4.78
CUR019,2026-01-11T09:32:00,LW,6.4452,Puerto Montt,2026-01-11T13:34:00,2.62
CUR019,2026-01-11T15:58:00,HW,9.4354,Puerto Montt,2026-01-11T20:08:00,4.94
CUR019,2026-01-11T22:34:00,LW,7.0848,Puerto Montt,2026-01-12T02:36:00,2.88
CUR019,2026-01-12T04:28:00,HW,8.595,Puerto Montt,2026-01-12T08:38:00,4.5
CUR019,2026-01-12T10:46:00,LW,6.9864,Puerto Montt,2026-01-12T14:48:00,2.84
CUR019,2026-01-12T17:13:00,HW,9.4736,Puerto Montt,2026-01-12T21:23:00,4.96
CUR019,2026-01-13T00:05:00,LW,6.9372,Puerto Montt,2026-01-13T04:07:00,2.82
CUR019,2026-01-13T05:57:00,HW,8.5568,Puerto Montt,2026-01-13T10:07:00,4.48
CUR019,2026-01-13T12:04:00,LW,7.0356,Puerto Montt,2026-01-13T16:06:00,2.86
CUR019,2026-01-13T18:22:00,HW,9.8365,Puerto Montt,2026-01-13T22:32:00,5.15
CUR019,2026-01-14T01:13:00,LW,6.3222,Puerto Montt,2026-01-14T05:15:00,2.57
CUR019,2026-01-14T07:05:00,HW,8.9197,Puerto Montt,2026-01-14T11:15:00,4.67
CUR019,2026-01-14T13:04:00,LW,6.6666,Puerto Montt,2026-01-14T17:06:00,2.71
CUR019,2026-01-14T19:15:00,HW,10.3713,Puerto Montt,2026-01-14T23:25:00,5.43
CUR019,2026-01-15T02:01:00,LW,5.5842,Puerto Montt,2026-01-15T06:03:00,2.27
CUR019,2026-01-15T07:54:00,HW,9.4163,Puerto Montt,2026-01-15T12:04:00,4.93
CUR019,2026-01-15T13:50:00,LW,6.1254,Puerto Montt,2026-01-15T17:52:00,2.49
CUR019,2026-01-15T19:57:00,HW,10.9443,Puerto Montt,2026-01-16T00:07:00,5.73
CUR019,2026-01-16T02:39:00,LW,4.8708,Puerto Montt,2026-01-16T06:41:00,1.98
CUR019,2026-01-16T08:32:00,HW,9.9129,Puerto Montt,2026-01-16T12:42:00,5.19
CUR019,2026-01-16T14:28:00,LW,5.535,Puerto Montt,2026-01-16T18:30:00,2.25
CUR019,2026-01-16T20:33:00,HW,11.4409,Puerto Montt,2026-01-17T00:43:00,5.99
CUR019,2026-01-17T03:12:00,LW,4.2558,Puerto Montt,2026-01-17T07:14:00,1.73
CUR019,2026-01-17T09:05:00,HW,10.314,Puerto Montt,2026-01-17T13:15:00,5.4
CUR019,2026-01-17T15:03:00,LW,4.9692,Puerto Montt,2026-01-17T19:05:00,2.02
CUR019,2026-01-17T21:07:00,HW,11.842,Puerto Montt,2026-01-18T01:17:00,6.2
CUR019,2026-01-18T03:43:00,LW,3.7392,Puerto Montt,2026-01-18T07:45:00,1.52
CUR019,2026-01-18T09:37:00,HW,10.6196,Puerto Montt,2026-01-18T13:47:00,5.56
CUR019,2026-01-18T15:37:00,LW,4.5264,Puerto Montt,2026-01-18T19:39:00,1.84
CUR019,2026-01-18T21:39:00,HW,12.1094,Puerto Montt,2026-01-19T01:49:00,6.34
CUR019,2026-01-19T04:15:00,LW,3.4194,Puerto Montt,2026-01-19T08:17:00,1.39
CUR019,2026-01-19T10:08:00,HW,10.7915,Puerto Montt,2026-01-19T14:18:00,5.65
CUR019,2026-01-19T16:11:00,LW,4.2066,Puerto Montt,2026-01-19T20:13:00,1.71
CUR019,2026-01-19T22:12:00,HW,12.2049,Puerto Montt,2026-01-20T02:22:00,6.39
CUR019,2026-01-20T04:46:00,LW,3.2472,Puerto Montt,2026-01-20T08:48:00,1.32
CUR019,2026-01-20T10:40:00,HW,10.8679,Puerto Montt,2026-01-20T14:50:00,5.69
CUR019,2026-01-20T16:45:00,LW,4.059,Puerto Montt,2026-01-20T20:47:00,1.65
CUR019,2026-01-20T22:45:00,HW,12.1285,Puerto Montt,2026-01-21T02:55:00,6.35
CUR019,2026-01-21T05:18:00,LW,3.2964,Puerto Montt,2026-01-21T09:20:00,1.34
CUR019,2026-01-21T11:12:00,HW,10.8488,Puerto Montt,2026-01-21T15:22:00,5.68
CUR019,2026-01-21T17:21:00,LW,4.1082,Puerto Montt,2026-01-21T21:23:00,1.67
CUR019,2026-01-21T23:19:00,HW,11.8802,Puerto Montt,2026-01-22T03:29:00,6.22
CUR019,2026-01-22T05:51:00,LW,3.4932,Puerto Montt,2026-01-22T09:53:00,1.42
CUR019,2026-01-22T11:47:00,HW,10.7915,Puerto Montt,2026-01-22T15:57:00,5.65
CUR019,2026-01-22T17:58:00,LW,4.305,Puerto Montt,2026-01-22T22:00:00,1.75
CUR019,2026-01-22T23:55:00,HW,11.4982,Puerto Montt,2026-01-23T04:05:00,6.02
CUR019,2026-01-23T06:26:00,LW,3.8376,Puerto Montt,2026-01-23T10:28:00,1.56
CUR019,2026-01-23T12:25:00,HW,10.6769,Puerto Montt,2026-01-23T16:35:00,5.59
CUR019,2026-01-23T18:39:00,LW,4.6986,Puerto Montt,2026-01-23T22:41:00,1.91
CUR019,2026-01-24T00:35:00,HW,10.9825,Puerto Montt,2026-01-24T04:45:00,5.75
CUR019,2026-01-24T07:04:00,LW,4.3296,Puerto Montt,2026-01-24T11:06:00,1.76
CUR019,2026-01-24T13:08:00,HW,10.5432,Puerto Montt,2026-01-24T17:18:00,5.52
CUR019,2026-01-24T19:26:00,LW,5.1906,Puerto Montt,2026-01-24T23:28:00,2.11
CUR019,2026-01-25T01:21:00,HW,10.3713,Puerto Montt,2026-01-25T05:31:00,5.43
CUR019,2026-01-25T07:48:00,LW,4.9692,Puerto Montt,2026-01-25T11:50:00,2.02
CUR019,2026-01-25T14:00:00,HW,10.3713,Puerto Montt,2026-01-25T18:10:00,5.43
CUR019,2026-01-25T20:23:00,LW,5.7564,Puerto Montt,2026-01-26T00:25:00,2.34
CUR019,2026-01-26T02:20:00,HW,9.7219,Puerto Montt,2026-01-26T06:30:00,5.09
CUR019,2026-01-26T08:43:00,LW,5.658,Puerto Montt,2026-01-26T12:45:00,2.3
CUR019,2026-01-26T15:05:00,HW,10.2567,Puerto Montt,2026-01-26T19:15:00,5.37
CUR019,2026-01-26T21:40:00,LW,6.1746,Puerto Montt,2026-01-27T01:42:00,2.51
CUR019,2026-01-27T03:39:00,HW,9.2062,Puerto Montt,2026-01-27T07:49:00,4.82
CUR019,2026-01-27T09:59:00,LW,6.2238,Puerto Montt,2026-01-27T14:01:00,2.53
CUR019,2026-01-27T16:25:00,HW,10.314,Puerto Montt,2026-01-27T20:35:00,5.4
CUR019,2026-01-27T23:17:00,LW,6.0516,Puerto Montt,2026-01-28T03:19:00,2.46
CUR019,2026-01-28T05:18:00,HW,9.1489,Puerto Montt,2026-01-28T09:28:00,4.79
CUR019,2026-01-28T11:31:00,LW,6.273,Puerto Montt,2026-01-28T15:33:00,2.55
CUR019,2026-01-28T17:51:00,HW,10.7724,Puerto Montt,2026-01-28T22:01:00,5.64
CUR019,2026-01-29T00:45:00,LW,5.1906,Puerto Montt,2026-01-29T04:47:00,2.11
CUR019,2026-01-29T06:47:00,HW,9.6646,Puerto Montt,2026-01-29T10:57:00,5.06
CUR019,2026-01-29T12:53:00,LW,5.6088,Puerto Montt,2026-01-29T16:55:00,2.28
CUR019,2026-01-29T19:04:00,HW,11.5746,Puerto Montt,2026-01-29T23:14:00,6.06
CUR019,2026-01-30T01:53:00,LW,3.936,Puerto Montt,2026-01-30T05:55:00,1.6
CUR019,2026-01-30T07:53:00,HW,10.505,Puerto Montt,2026-01-30T12:03:00,5.5
CUR019,2026-01-30T13:57:00,LW,4.5756,Puerto Montt,2026-01-30T17:59:00,1.86
CUR019,2026-01-30T20:04:00,HW,12.4914,Puerto Montt,2026-01-31T00:14:00,6.54
CUR019,2026-01-31T02:46:00,LW,2.6814,Puerto Montt,2026-01-31T06:48:00,1.09
CUR019,2026-01-31T08:45:00,HW,11.3454,Puerto Montt,2026-01-31T12:55:00,5.94
CUR019,2026-01-31T14:50:00,LW,3.4686,Puerto Montt,2026-01-31T18:52:00,1.41
CUR019,2026-01-31T20:54:00,HW,13.2745,Puerto Montt,2026-02-01T01:04:00,6.95
CUR019,2026-02-01T03:32:00,LW,1.722,Puerto Montt,2026-02-01T07:34:00,0.7
CUR019,2026-02-01T09:29:00,HW,11.9948,Puerto Montt,2026-02-01T13:39:00,6.28
CUR019,2026-02-01T15:36:00,LW,2.6076,Puerto Montt,2026-02-01T19:38:00,1.06
CUR019,2026-02-01T21:38:00,HW,13.752,Puerto Montt,2026-02-02T01:48:00,7.2
CUR019,2026-02-02T04:13:00,LW,1.1808,Puerto Montt,2026-02-02T08:15:00,0.48
CUR019,2026-02-02T10:09:00,HW,12.3386,Puerto Montt,2026-02-02T14:19:00,6.46
CUR019,2026-02-02T16:18:00,LW,2.1156,Puerto Montt,2026-02-02T20:20:00,0.86
CUR019,2026-02-02T22:18:00,HW,13.8284,Puerto Montt,2026-02-03T02:28:00,7.24
CUR019,2026-02-03T04:50:00,LW,1.1562,Puerto Montt,2026-02-03T08:52:00,0.47
CUR019,2026-02-03T10:45:00,HW,12.3959,Puerto Montt,2026-02-03T14:55:00,6.49
CUR019,2026-02-03T16:56:00,LW,2.1156,Puerto Montt,2026-02-03T20:58:00,0.86
CUR019,2026-02-03T22:55:00,HW,13.4846,Puerto Montt,2026-02-04T03:05:00,7.06
CUR019,2026-02-04T05:25:00,LW,1.599,Puerto Montt,2026-02-04T09:27:00,0.65
CUR019,2026-02-04T11:20:00,HW,12.1476,Puerto Montt,2026-02-04T15:30:00,6.36
CUR019,2026-02-04T17:32:00,LW,2.5584,Puerto Montt,2026-02-04T21:34:00,1.04
CUR019,2026-02-04T23:29:00,HW,12.797,Puerto Montt,2026-02-05T03:39:00,6.7
CUR019,2026-02-05T05:56:00,LW,2.4108,Puerto Montt,2026-02-05T09:58:00,0.98
CUR019,2026-02-05T11:52:00,HW,11.6892,Puerto Montt,2026-02-05T16:02:00,6.12
CUR019,2026-02-05T18:06:00,LW,3.3948,Puerto Montt,2026-02-05T22:08:00,1.38
CUR019,2026-02-06T00:01:00,HW,11.8611,Puerto Montt,2026-02-06T04:11:00,6.21
CUR019,2026-02-06T06:25:00,LW,3.4686,Puerto Montt,2026-02-06T10:27:00,1.41
CUR019,2026-02-06T12:24:00,HW,11.078,Puerto Montt,2026-02-06T16:34:00,5.8
CUR019,2026-02-06T18:39:00,LW,4.4772,Puerto Montt,2026-02-06T22:41:00,1.82
CUR019,2026-02-07T00:32:00,HW,10.8106,Puerto Montt,2026-02-07T04:42:00,5.66
CUR019,2026-02-07T06:53:00,LW,4.674,Puerto Montt,2026-02-07T10:55:00,1.9
CUR019,2026-02-07T12:56:00,HW,10.3904,Puerto Montt,2026-02-07T17:06:00,5.44
CUR019,2026-02-07T19:14:00,LW,5.6826,Puerto Montt,2026-02-07T23:16:00,2.31
CUR019,2026-02-08T01:06:00,HW,9.741,Puerto Montt,2026-02-08T05:16:00,5.1
CUR019,2026-02-08T07:22:00,LW,5.904,Puerto Montt,2026-02-08T11:24:00,2.4
CUR019,2026-02-08T13:34:00,HW,9.7028,Puerto Montt,2026-02-08T17:44:00,5.08
CUR019,2026-02-08T19:57:00,LW,6.8634,Puerto Montt,2026-02-08T23:59:00,2.79
CUR019,2026-02-09T01:48:00,HW,8.7287,Puerto Montt,2026-02-09T05:58:00,4.57
CUR019,2026-02-09T07:59:00,LW,7.0602,Puerto Montt,2026-02-09T12:01:00,2.87
CUR019,2026-02-09T14:30:00,HW,9.0725,Puerto Montt,2026-02-09T18:40:00,4.75
CUR019,2026-02-09T21:15:00,LW,7.8228,Puerto Montt,2026-02-10T01:17:00,3.18
CUR019,2026-02-10T03:11:00,HW,7.9265,Puerto Montt,2026-02-10T07:21:00,4.15
CUR019,2026-02-10T09:13:00,LW,8.0442,Puerto Montt,2026-02-10T13:15:00,3.27
CUR019,2026-02-10T16:14:00,HW,8.786,Puerto Montt,2026-02-10T20:24:00,4.6
CUR019,2026-02-10T23:45:00,LW,7.8474,Puerto Montt,2026-02-11T03:47:00,3.19
CUR019,2026-02-11T05:42:00,HW,7.8883,Puerto Montt,2026-02-11T09:52:00,4.13
CUR019,2026-02-11T11:36:00,LW,8.1672,Puerto Montt,2026-02-11T15:38:00,3.32
CUR019,2026-02-11T18:01:00,HW,9.168,Puerto Montt,2026-02-11T22:11:00,4.8
CUR019,2026-02-12T01:07:00,LW,6.9618,Puerto Montt,2026-02-12T05:09:00,2.83
CUR019,2026-02-12T07:01:00,HW,8.5377,Puerto Montt,2026-02-12T11:11:00,4.47
CUR019,2026-02-12T12:54:00,LW,7.4046,Puerto Montt,2026-02-12T16:56:00,3.01
CUR019,2026-02-12T19:01:00,HW,9.9129,Puerto Montt,2026-02-12T23:11:00,5.19
CUR019,2026-02-13T01:49:00,LW,5.904,Puerto Montt,2026-02-13T05:51:00,2.4
CUR019,2026-02-13T07:43:00,HW,9.3017,Puerto Montt,2026-02-13T11:53:00,4.87
CUR019,2026-02-13T13:39:00,LW,6.396,Puerto Montt,2026-02-13T17:41:00,2.6
CUR019,2026-02-13T19:42:00,HW,10.7151,Puerto Montt,2026-02-13T23:52:00,5.61
CUR019,2026-02-14T02:22:00,LW,4.8708,Puerto Montt,2026-02-14T06:24:00,1.98
CUR019,2026-02-14T08:16:00,HW,10.0275,Puerto Montt,2026-02-14T12:26:00,5.25
CUR019,2026-02-14T14:15:00,LW,5.3628,Puerto Montt,2026-02-14T18:17:00,2.18
CUR019,2026-02-14T20:17:00,HW,11.46,Puerto Montt,2026-02-15T00:27:00,6.0
CUR019,2026-02-15T02:52:00,LW,3.936,Puerto Montt,2026-02-15T06:54:00,1.6
CUR019,2026-02-15T08:46:00,HW,10.6578,Puerto Montt,2026-02-15T12:56:00,5.58
CUR019,2026-02-15T14:48:00,LW,4.428,Puerto Montt,2026-02-15T18:50:00,1.8
CUR019,2026-02-15T20:49:00,HW,12.0903,Puerto Montt,2026-02-16T00:59:00,6.33
CUR019,2026-02-16T03:22:00,LW,3.1242,Puerto Montt,2026-02-16T07:24:00,1.27
CUR019,2026-02-16T09:16:00,HW,11.1926,Puerto Montt,2026-02-16T13:26:00,5.86
CUR019,2026-02-16T15:21:00,LW,3.6408,Puerto Montt,2026-02-16T19:23:00,1.48
CUR019,2026-02-16T21:21:00,HW,12.5296,Puerto Montt,2026-02-17T01:31:00,6.56
CUR019,2026-02-17T03:52:00,LW,2.5584,Puerto Montt,2026-02-17T07:54:00,1.04
CUR019,2026-02-17T09:46:00,HW,11.5746,Puerto Montt,2026-02-17T13:56:00,6.06
CUR019,2026-02-17T15:55:00,LW,3.075,Puerto Montt,2026-02-17T19:57:00,1.25
CUR019,2026-02-17T21:53:00,HW,12.7588,Puerto Montt,2026-02-18T02:03:00,6.68
CUR019,2026-02-18T04:22:00,LW,2.2878,Puerto Montt,2026-02-18T08:24:00,0.93
CUR019,2026-02-18T10:17:00,HW,11.8229,Puerto Montt,2026-02-18T14:27:00,6.19
CUR019,2026-02-18T16:29:00,LW,2.7798,Puerto Montt,2026-02-18T20:31:00,1.13
CUR019,2026-02-18T22:26:00,HW,12.7206,Puerto Montt,2026-02-19T02:36:00,6.66
CUR019,2026-02-19T04:53:00,LW,2.2878,Puerto Montt,2026-02-19T08:55:00,0.93
CUR019,2026-02-19T10:49:00,HW,11.9184,Puerto Montt,2026-02-19T14:59:00,6.24
CUR019,2026-02-19T17:04:00,LW,2.8044,Puerto Montt,2026-02-19T21:06:00,1.14
CUR019,2026-02-19T23:00:00,HW,12.4341,Puerto Montt,2026-02-20T03:10:00,6.51
CUR019,2026-02-20T05:25:00,LW,2.583,Puerto Montt,2026-02-20T09:27:00,1.05
CUR019,2026-02-20T11:22:00,HW,11.8802,Puerto Montt,2026-02-20T15:32:00,6.22
CUR019,2026-02-20T17:40:00,LW,3.1242,Puerto Montt,2026-02-20T21:42:00,1.27
CUR019,2026-02-20T23:35:00,HW,11.9184,Puerto Montt,2026-02-21T03:45:00,6.24
CUR019,2026-02-21T05:58:00,LW,3.1734,Puerto Montt,2026-02-21T10:00:00,1.29
CUR019,2026-02-21T11:58:00,HW,11.6892,Puerto Montt,2026-02-21T16:08:00,6.12
CUR019,2026-02-21T18:20:00,LW,3.7392,Puerto Montt,2026-02-21T22:22:00,1.52
CUR019,2026-02-22T00:14:00,HW,11.2117,Puerto Montt,2026-02-22T04:24:00,5.87
CUR019,2026-02-22T06:34:00,LW,4.0098,Puerto Montt,2026-02-22T10:36:00,1.63
CUR019,2026-02-22T12:38:00,HW,11.3263,Puerto Montt,2026-02-22T16:48:00,5.93
CUR019,2026-02-22T19:04:00,LW,4.6002,Puerto Montt,2026-02-22T23:06:00,1.87
CUR019,2026-02-23T00:58:00,HW,10.3713,Puerto Montt,2026-02-23T05:08:00,5.43
CUR019,2026-02-23T07:15:00,LW,5.0184,Puerto Montt,2026-02-23T11:17:00,2.04
CUR019,2026-02-23T13:27:00,HW,10.8106,Puerto Montt,2026-02-23T17:37:00,5.66
CUR019,2026-02-23T20:00:00,LW,5.5596,Puerto Montt,2026-02-24T00:02:00,2.26
CUR019,2026-02-24T01:56:00,HW,9.4736,Puerto Montt,2026-02-24T06:06:00,4.96
CUR019,2026-02-24T08:11:00,LW,6.1254,Puerto Montt,2026-02-24T12:13:00,2.49
CUR019,2026-02-24T14:35:00,HW,10.2758,Puerto Montt,2026-02-24T18:45:00,5.38
CUR019,2026-02-24T21:24:00,LW,6.3468,Puerto Montt,2026-02-25T01:26:00,2.58
CUR019,2026-02-25T03:28:00,HW,8.786,Puerto Montt,2026-02-25T07:38:00,4.6
CUR019,2026-02-25T09:40:00,LW,6.9864,Puerto Montt,2026-02-25T13:42:00,2.84
CUR019,2026-02-25T16:12:00,HW,10.0466,Puerto Montt,2026-02-25T20:22:00,5.26
CUR019,2026-02-25T23:19:00,LW,6.2484,Puerto Montt,2026-02-26T03:21:00,2.54
CUR019,2026-02-26T05:29:00,HW,8.9006,Puerto Montt,2026-02-26T09:39:00,4.66
CUR019,2026-02-26T11:35:00,LW,6.8142,Puerto Montt,2026-02-26T15:37:00,2.77
CUR019,2026-02-26T17:51:00,HW,10.5432,Puerto Montt,2026-02-26T22:01:00,5.52
CUR019,2026-02-27T00:48:00,LW,5.1168,Puerto Montt,2026-02-27T04:50:00,2.08
CUR019,2026-02-27T06:53:00,HW,9.7601,Puerto Montt,2026-02-27T11:03:00,5.11
CUR019,2026-02-27T12:57:00,LW,5.6826,Puerto Montt,2026-02-27T16:59:00,2.31
CUR019,2026-02-27T19:04:00,HW,11.4982,Puerto Montt,2026-02-27T23:14:00,6.02
CUR019,2026-02-28T01:48:00,LW,3.69,Puerto Montt,2026-02-28T05:50:00,1.5
CUR019,2026-02-28T07:48:00,HW,10.7915,Puerto Montt,2026-02-28T11:58:00,5.65
CUR019,2026-02-28T13:54:00,LW,4.2558,Puerto Montt,2026-02-28T17:56:00,1.73
CUR019,2026-02-28T19:57:00,HW,12.5105,Puerto Montt,2026-03-01T00:07:00,6.55
CUR019,2026-03-01T02:34:00,LW,2.4108,Puerto Montt,2026-03-01T06:36:00,0.98
CUR019,2026-03-01T08:31:00,HW,11.7083,Puerto Montt,2026-03-01T12:41:00,6.13
CUR019,2026-03-01T14:40:00,LW,2.9766,Puerto Montt,2026-03-01T18:42:00,1.21
CUR019,2026-03-01T20:41:00,HW,13.2554,Puerto Montt,2026-03-02T00:51:00,6.94
CUR019,2026-03-02T03:13:00,LW,1.5252,Puerto Montt,2026-03-02T07:15:00,0.62
CUR019,2026-03-02T09:09:00,HW,12.3577,Puerto Montt,2026-03-02T13:19:00,6.47
CUR019,2026-03-02T15:20:00,LW,2.0664,Puerto Montt,2026-03-02T19:22:00,0.84
CUR019,2026-03-02T21:19:00,HW,13.6374,Puerto Montt,2026-03-03T01:29:00,7.14
CUR019,2026-03-03T03:48:00,LW,1.1316,Puerto Montt,2026-03-03T07:50:00,0.46
CUR019,2026-03-03T09:43:00,HW,12.6824,Puerto Montt,2026-03-03T13:53:00,6.64
CUR019,2026-03-03T15:56:00,LW,1.6974,Puerto Montt,2026-03-03T19:58:00,0.69
CUR019,2026-03-03T21:54:00,HW,13.5801,Puerto Montt,2026-03-04T02:04:00,7.11
CUR019,2026-03-04T04:20:00,LW,1.2792,Puerto Montt,2026-03-04T08:22:00,0.52
CUR019,2026-03-04T10:15:00,HW,12.6824,Puerto Montt,2026-03-04T14:25:00,6.64
CUR019,2026-03-04T16:30:00,LW,1.845,Puerto Montt,2026-03-04T20:32:00,0.75
CUR019,2026-03-04T22:26:00,HW,13.1217,Puerto Montt,2026-03-05T02:36:00,6.87
CUR019,2026-03-05T04:49:00,LW,1.845,Puerto Montt,2026-03-05T08:51:00,0.75
CUR019,2026-03-05T10:44:00,HW,12.3959,Puerto Montt,2026-03-05T14:54:00,6.49
CUR019,2026-03-05T17:01:00,LW,2.46,Puerto Montt,2026-03-05T21:03:00,1.0
CUR019,2026-03-05T22:55:00,HW,12.3768,Puerto Montt,2026-03-06T03:05:00,6.48
CUR019,2026-03-06T05:15:00,LW,2.7552,Puerto Montt,2026-03-06T09:17:00,1.12
CUR019,2026-03-06T11:11:00,HW,11.9184,Puerto Montt,2026-03-06T15:21:00,6.24
CUR019,2026-03-06T17:30:00,LW,3.3948,Puerto Montt,2026-03-06T21:32:00,1.38
CUR019,2026-03-06T23:22:00,HW,11.4791,Puerto Montt,2026-03-07T03:32:00,6.01
CUR019,2026-03-07T05:38:00,LW,3.8376,Puerto Montt,2026-03-07T09:40:00,1.56
CUR019,2026-03-07T11:37:00,HW,11.2881,Puerto Montt,2026-03-07T15:47:00,5.91
CUR019,2026-03-07T17:57:00,LW,4.5018,Puerto Montt,2026-03-07T21:59:00,1.83
CUR019,2026-03-07T23:48:00,HW,10.505,Puerto Montt,2026-03-08T03:58:00,5.5
CUR019,2026-03-08T05:59:00,LW,4.9938,Puerto Montt,2026-03-08T10:01:00,2.03
CUR019,2026-03-08T12:01:00,HW,10.6005,Puerto Montt,2026-03-08T16:11:00,5.55
CUR019,2026-03-08T18:24:00,LW,5.6826,Puerto Montt,2026-03-08T22:26:00,2.31
CUR019,2026-03-09T00:14:00,HW,9.5309,Puerto Montt,2026-03-09T04:24:00,4.99
CUR019,2026-03-09T06:20:00,LW,6.15,Puerto Montt,2026-03-09T10:22:00,2.5
CUR019,2026-03-09T12:28:00,HW,9.8747,Puerto Montt,2026-03-09T16:38:00,5.17
CUR019,2026-03-09T18:56:00,LW,6.8634,Puerto Montt,2026-03-09T22:58:00,2.79
CUR019,2026-03-10T00:44:00,HW,8.595,Puerto Montt,2026-03-10T04:54:00,4.5
CUR019,2026-03-10T06:45:00,LW,7.2816,Puerto Montt,2026-03-10T10:47:00,2.96
CUR019,2026-03-10T13:07:00,HW,9.1298,Puerto Montt,2026-03-10T17:17:00,4.78
CUR019,2026-03-10T19:51:00,LW,7.9458,Puerto Montt,2026-03-10T23:53:00,3.23
CUR019,2026-03-11T01:44:00,HW,7.7164,Puerto Montt,2026-03-11T05:54:00,4.04
CUR019,2026-03-11T07:31:00,LW,8.3886,Puerto Montt,2026-03-11T11:33:00,3.41
CUR019,2026-03-11T14:44:00,HW,8.4804,Puerto Montt,2026-03-11T18:54:00,4.44
CUR019,2026-03-11T23:12:00,LW,8.2656,Puerto Montt,2026-03-12T03:14:00,3.36
CUR019,2026-03-12T05:27:00,HW,7.6209,Puerto Montt,2026-03-12T09:37:00,3.99
CUR019,2026-03-12T11:04:00,LW,8.7576,Puerto Montt,2026-03-12T15:06:00,3.56
CUR019,2026-03-12T17:27:00,HW,8.7478,Puerto Montt,2026-03-12T21:37:00,4.58
CUR019,2026-03-13T00:42:00,LW,7.2078,Puerto Montt,2026-03-13T04:44:00,2.93
CUR019,2026-03-13T06:41:00,HW,8.4422,Puerto Montt,2026-03-13T10:51:00,4.42
CUR019,2026-03-13T12:33:00,LW,7.6998,Puerto Montt,2026-03-13T16:35:00,3.13
CUR019,2026-03-13T18:33:00,HW,9.6073,Puerto Montt,2026-03-13T22:43:00,5.03
CUR019,2026-03-14T01:20:00,LW,6.0024,Puerto Montt,2026-03-14T05:22:00,2.44
CUR019,2026-03-14T07:16:00,HW,9.3208,Puerto Montt,2026-03-14T11:26:00,4.88
CUR019,2026-03-14T13:15:00,LW,6.4206,Puerto Montt,2026-03-14T17:17:00,2.61
CUR019,2026-03-14T19:14:00,HW,10.5241,Puerto Montt,2026-03-14T23:24:00,5.51
CUR019,2026-03-15T01:50:00,LW,4.7724,Puerto Montt,2026-03-15T05:52:00,1.94
CUR019,2026-03-15T07:46:00,HW,10.1994,Puerto Montt,2026-03-15T11:56:00,5.34
CUR019,2026-03-15T13:50:00,LW,5.1168,Puerto Montt,2026-03-15T17:52:00,2.08
CUR019,2026-03-15T19:48:00,HW,11.4218,Puerto Montt,2026-03-15T23:58:00,5.98
CUR019,2026-03-16T02:20:00,LW,3.6408,Puerto Montt,2026-03-16T06:22:00,1.48
CUR019,2026-03-16T08:15:00,HW,11.0207,Puerto Montt,2026-03-16T12:25:00,5.77
CUR019,2026-03-16T14:23:00,LW,3.9114,Puerto Montt,2026-03-16T18:25:00,1.59
CUR019,2026-03-16T20:21:00,HW,12.1858,Puerto Montt,2026-03-17T00:31:00,6.38
CUR019,2026-03-17T02:50:00,LW,2.6814,Puerto Montt,2026-03-17T06:52:00,1.09
CUR019,2026-03-17T08:45:00,HW,11.7465,Puerto Montt,2026-03-17T12:55:00,6.15
CUR019,2026-03-17T14:57:00,LW,2.9028,Puerto Montt,2026-03-17T18:59:00,1.18
CUR019,2026-03-17T20:54:00,HW,12.7397,Puerto Montt,2026-03-18T01:04:00,6.67
CUR019,2026-03-18T03:20:00,LW,2.0172,Puerto Montt,2026-03-18T07:22:00,0.82
CUR019,2026-03-18T09:16:00,HW,12.3195,Puerto Montt,2026-03-18T13:26:00,6.45
CUR019,2026-03-18T15:31:00,LW,2.1894,Puerto Montt,2026-03-18T19:33:00,0.89
CUR019,2026-03-18T21:28:00,HW,13.0071,Puerto Montt,2026-03-19T01:38:00,6.81
CUR019,2026-03-19T03:52:00,LW,1.6974,Puerto Montt,2026-03-19T07:54:00,0.69
CUR019,2026-03-19T09:49:00,HW,12.7206,Puerto Montt,2026-03-19T13:59:00,6.66
CUR019,2026-03-19T16:07:00,LW,1.8204,Puerto Montt,2026-03-19T20:09:00,0.74
CUR019,2026-03-19T22:03:00,HW,12.9498,Puerto Montt,2026-03-20T02:13:00,6.78
CUR019,2026-03-20T04:24:00,LW,1.7712,Puerto Montt,2026-03-20T08:26:00,0.72
CUR019,2026-03-20T10:22:00,HW,12.8734,Puerto Montt,2026-03-20T14:32:00,6.74
CUR019,2026-03-20T16:44:00,LW,1.8942,Puerto Montt,2026-03-20T20:46:00,0.77
CUR019,2026-03-20T22:40:00,HW,12.5869,Puerto Montt,2026-03-21T02:50:00,6.59
CUR019,2026-03-21T04:58:00,LW,2.2386,Puerto Montt,2026-03-21T09:00:00,0.91
CUR019,2026-03-21T10:58:00,HW,12.7779,Puerto Montt,2026-03-21T15:08:00,6.69
CUR019,2026-03-21T17:23:00,LW,2.3862,Puerto Montt,2026-03-21T21:25:00,0.97
CUR019,2026-03-21T23:17:00,HW,11.9566,Puerto Montt,2026-03-22T03:27:00,6.26
CUR019,2026-03-22T05:33:00,LW,3.0504,Puerto Montt,2026-03-22T09:35:00,1.24
CUR019,2026-03-22T11:35:00,HW,12.415,Puerto Montt,2026-03-22T15:45:00,6.5
CUR019,2026-03-22T18:04:00,LW,3.2226,Puerto Montt,2026-03-22T22:06:00,1.31
CUR019,2026-03-22T23:59:00,HW,11.1162,Puerto Montt,2026-03-23T04:09:00,5.82
CUR019,2026-03-23T06:11:00,LW,4.1328,Puerto Montt,2026-03-23T10:13:00,1.68
CUR019,2026-03-23T12:18:00,HW,11.8038,Puerto Montt,2026-03-23T16:28:00,6.18
CUR019,2026-03-23T18:52:00,LW,4.305,Puerto Montt,2026-03-23T22:54:00,1.75
CUR019,2026-03-24T00:48:00,HW,10.1612,Puerto Montt,2026-03-24T04:58:00,5.32
CUR019,2026-03-24T06:57:00,LW,5.3628,Puerto Montt,2026-03-24T10:59:00,2.18
CUR019,2026-03-24T13:11:00,HW,11.0207,Puerto Montt,2026-03-24T17:21:00,5.77
CUR019,2026-03-24T19:55:00,LW,5.412,Puerto Montt,2026-03-24T23:57:00,2.2
CUR019,2026-03-25T01:56:00,HW,9.2444,Puerto Montt,2026-03-25T06:06:00,4.84
CUR019,2026-03-25T08:03:00,LW,6.5682,Puerto Montt,2026-03-25T12:05:00,2.67
CUR019,2026-03-25T14:27:00,HW,10.2949,Puerto Montt,2026-03-25T18:37:00,5.39
CUR019,2026-03-25T21:29:00,LW,6.1254,Puerto Montt,2026-03-26T01:31:00,2.49
CUR019,2026-03-26T03:43:00,HW,8.786,Puerto Montt,2026-03-26T07:53:00,4.6
CUR019,2026-03-26T09:49:00,LW,7.1586,Puerto Montt,2026-03-26T13:51:00,2.91
CUR019,2026-03-26T16:12:00,HW,10.1039,Puerto Montt,2026-03-26T20:22:00,5.29
CUR019,2026-03-26T23:17:00,LW,5.7564,Puerto Montt,2026-03-27T03:19:00,2.34
CUR019,2026-03-27T05:31:00,HW,9.2635,Puerto Montt,2026-03-27T09:41:00,4.85
CUR019,2026-03-27T11:36:00,LW,6.519,Puerto Montt,2026-03-27T15:38:00,2.65
CUR019,2026-03-27T17:44:00,HW,10.6578,Puerto Montt,2026-03-27T21:54:00,5.58
CUR019,2026-03-28T00:33:00,LW,4.6248,Puerto Montt,2026-03-28T04:35:00,1.88
CUR019,2026-03-28T06:39:00,HW,10.1994,Puerto Montt,2026-03-28T10:49:00,5.34
CUR019,2026-03-28T12:46:00,LW,5.1906,Puerto Montt,2026-03-28T16:48:00,2.11
CUR019,2026-03-28T18:48:00,HW,11.5364,Puerto Montt,2026-03-28T22:58:00,6.04
CUR019,2026-03-29T01:26:00,LW,3.3948,Puerto Montt,2026-03-29T05:28:00,1.38
CUR019,2026-03-29T07:27:00,HW,11.1735,Puerto Montt,2026-03-29T11:37:00,5.85
CUR019,2026-03-29T13:37:00,LW,3.8376,Puerto Montt,2026-03-29T17:39:00,1.56
CUR019,2026-03-29T19:37:00,HW,12.3386,Puerto Montt,2026-03-29T23:47:00,6.46
CUR019,2026-03-30T02:07:00,LW,2.3862,Puerto Montt,2026-03-30T06:09:00,0.97
CUR019,2026-03-30T08:06:00,HW,11.9566,Puerto Montt,2026-03-30T12:16:00,6.26
CUR019,2026-03-30T14:19:00,LW,2.7306,Puerto Montt,2026-03-30T18:21:00,1.11
CUR019,2026-03-30T20:17:00,HW,12.8734,Puerto Montt,2026-03-31T00:27:00,6.74
CUR019,2026-03-31T02:44:00,LW,1.7958,Puerto Montt,2026-03-31T06:46:00,0.73
CUR019,2026-03-31T08:41:00,HW,12.4914,Puerto Montt,2026-03-31T12:51:00,6.54
CUR019,2026-03-31T14:57:00,LW,2.0664,Puerto Montt,2026-03-31T18:59:00,0.84
CUR019,2026-03-31T20:53:00,HW,13.0262,Puerto Montt,2026-04-01T01:03:00,6.82
CUR019,2026-04-01T03:16:00,LW,1.6728,Puerto Montt,2026-04-01T07:18:00,0.68
CUR019,2026-04-01T09:13:00,HW,12.7206,Puerto Montt,2026-04-01T13:23:00,6.66
CUR019,2026-04-01T15:31:00,LW,1.8942,Puerto Montt,2026-04-01T19:33:00,0.77
CUR019,2026-04-01T21:26:00,HW,12.8352,Puerto Montt,2026-04-02T01:36:00,6.72
CUR019,2026-04-02T03:45:00,LW,1.968,Puerto Montt,2026-04-02T07:47:00,0.8
CUR019,2026-04-02T09:42:00,HW,12.6824,Puerto Montt,2026-04-02T13:52:00,6.64
CUR019,2026-04-02T16:03:00,LW,2.1894,Puerto Montt,2026-04-02T20:05:00,0.89
CUR019,2026-04-02T21:56:00,HW,12.3386,Puerto Montt,2026-04-03T02:06:00,6.46
CUR019,2026-04-03T04:11:00,LW,2.6322,Puerto Montt,2026-04-03T08:13:00,1.07
CUR019,2026-04-03T10:09:00,HW,12.3959,Puerto Montt,2026-04-03T14:19:00,6.49
CUR019,2026-04-03T16:32:00,LW,2.8536,Puerto Montt,2026-04-03T20:34:00,1.16
CUR019,2026-04-03T22:24:00,HW,11.651,Puerto Montt,2026-04-04T02:34:00,6.1
CUR019,2026-04-04T04:35:00,LW,3.4932,Puerto Montt,2026-04-04T08:37:00,1.42
CUR019,2026-04-04T10:34:00,HW,11.9375,Puerto Montt,2026-04-04T14:44:00,6.25
CUR019,2026-04-04T16:59:00,LW,3.7146,Puerto Montt,2026-04-04T21:01:00,1.51
CUR019,2026-04-04T22:50:00,HW,10.887,Puerto Montt,2026-04-05T03:00:00,5.7
CUR019,2026-04-05T04:56:00,LW,4.4526,Puerto Montt,2026-04-05T08:58:00,1.81
CUR019,2026-04-05T10:57:00,HW,11.3836,Puerto Montt,2026-04-05T15:07:00,5.96
CUR019,2026-04-05T17:24:00,LW,4.6986,Puerto Montt,2026-04-05T21:26:00,1.91
CUR019,2026-04-05T23:14:00,HW,10.1039,Puerto Montt,2026-04-06T03:24:00,5.29
CUR019,2026-04-06T05:16:00,LW,5.4366,Puerto Montt,2026-04-06T09:18:00,2.21
CUR019,2026-04-06T11:20:00,HW,10.7533,Puerto Montt,2026-04-06T15:30:00,5.63
CUR019,2026-04-06T17:50:00,LW,5.6826,Puerto Montt,2026-04-06T21:52:00,2.31
CUR019,2026-04-06T23:40:00,HW,9.3017,Puerto Montt,2026-04-07T03:50:00,4.87
CUR019,2026-04-07T05:38:00,LW,6.396,Puerto Montt,2026-04-07T09:40:00,2.6
CUR019,2026-04-07T11:47:00,HW,10.0657,Puerto Montt,2026-04-07T15:57:00,5.27
CUR019,2026-04-07T18:22:00,LW,6.6666,Puerto Montt,2026-04-07T22:24:00,2.71
CUR019,2026-04-08T00:12:00,HW,8.5377,Puerto Montt,2026-04-08T04:22:00,4.47
CUR019,2026-04-08T06:06:00,LW,7.3554,Puerto Montt,2026-04-08T10:08:00,2.99
CUR019,2026-04-08T12:23:00,HW,9.359,Puerto Montt,2026-04-08T16:33:00,4.9
CUR019,2026-04-08T19:13:00,LW,7.6014,Puerto Montt,2026-04-08T23:15:00,3.09
CUR019,2026-04-09T01:11:00,HW,7.8119,Puerto Montt,2026-04-09T05:21:00,4.09
CUR019,2026-04-09T06:54:00,LW,8.2902,Puerto Montt,2026-04-09T10:56:00,3.37
CUR019,2026-04-09T13:39:00,HW,8.6714,Puerto Montt,2026-04-09T17:49:00,4.54
CUR019,2026-04-09T21:37:00,LW,8.0688,Puerto Montt,2026-04-10T01:39:00,3.28
CUR019,2026-04-10T04:19:00,HW,7.64,Puerto Montt,2026-04-10T08:29:00,4.0
CUR019,2026-04-10T09:43:00,LW,8.7822,Puerto Montt,2026-04-10T13:45:00,3.57
CUR019,2026-04-10T16:17:00,HW,8.6141,Puerto Montt,2026-04-10T20:27:00,4.51
CUR019,2026-04-10T23:41:00,LW,7.257,Puerto Montt,2026-04-11T03:43:00,2.95
CUR019,2026-04-11T05:49:00,HW,8.3849,Puerto Montt,2026-04-11T09:59:00,4.39
CUR019,2026-04-11T11:43:00,LW,7.7982,Puerto Montt,2026-04-11T15:45:00,3.17
CUR019,2026-04-11T17:41:00,HW,9.3399,Puerto Montt,2026-04-11T21:51:00,4.89
CUR019,2026-04-12T00:29:00,LW,6.0762,Puerto Montt,2026-04-12T04:31:00,2.47
CUR019,2026-04-12T06:30:00,HW,9.3017,Puerto Montt,2026-04-12T10:40:00,4.87
CUR019,2026-04-12T12:34:00,LW,6.4698,Puerto Montt,2026-04-12T16:36:00,2.63
CUR019,2026-04-12T18:30:00,HW,10.2567,Puerto Montt,2026-04-12T22:40:00,5.37
CUR019,2026-04-13T01:05:00,LW,4.8462,Puerto Montt,2026-04-13T05:07:00,1.97
CUR019,2026-04-13T07:04:00,HW,10.2758,Puerto Montt,2026-04-13T11:14:00,5.38
CUR019,2026-04-13T13:13:00,LW,5.0676,Puerto Montt,2026-04-13T17:15:00,2.06
CUR019,2026-04-13T19:09:00,HW,11.1544,Puerto Montt,2026-04-13T23:19:00,5.84
CUR019,2026-04-14T01:38:00,LW,3.6654,Puerto Montt,2026-04-14T05:40:00,1.49
CUR019,2026-04-14T07:36:00,HW,11.2308,Puerto Montt,2026-04-14T11:46:00,5.88
CUR019,2026-04-14T13:50:00,LW,3.7392,Puerto Montt,2026-04-14T17:52:00,1.52
CUR019,2026-04-14T19:46:00,HW,11.9375,Puerto Montt,2026-04-14T23:56:00,6.25
CUR019,2026-04-15T02:11:00,LW,2.6814,Puerto Montt,2026-04-15T06:13:00,1.09
CUR019,2026-04-15T08:09:00,HW,12.1285,Puerto Montt,2026-04-15T12:19:00,6.35
CUR019,2026-04-15T14:28:00,LW,2.6322,Puerto Montt,2026-04-15T18:30:00,1.07
CUR019,2026-04-15T20:24:00,HW,12.5105,Puerto Montt,2026-04-16T00:34:00,6.55
CUR019,2026-04-16T02:45:00,LW,2.0172,Puerto Montt,2026-04-16T06:47:00,0.82
CUR019,2026-04-16T08:44:00,HW,12.8352,Puerto Montt,2026-04-16T12:54:00,6.72
CUR019,2026-04-16T15:06:00,LW,1.8204,Puerto Montt,2026-04-16T19:08:00,0.74
CUR019,2026-04-16T21:02:00,HW,12.7779,Puerto Montt,2026-04-17T01:12:00,6.69
CUR019,2026-04-17T03:20:00,LW,1.7466,Puerto Montt,2026-04-17T07:22:00,0.71
CUR019,2026-04-17T09:20:00,HW,13.3127,Puerto Montt,2026-04-17T13:30:00,6.97
CUR019,2026-04-17T15:46:00,LW,1.4514,Puerto Montt,2026-04-17T19:48:00,0.59
CUR019,2026-04-17T21:41:00,HW,12.7206,Puerto Montt,2026-04-18T01:51:00,6.66
CUR019,2026-04-18T03:56:00,LW,1.8942,Puerto Montt,2026-04-18T07:58:00,0.77
CUR019,2026-04-18T09:58:00,HW,13.4846,Puerto Montt,2026-04-18T14:08:00,7.06
CUR019,2026-04-18T16:26:00,LW,1.5498,Puerto Montt,2026-04-18T20:28:00,0.63
CUR019,2026-04-18T22:22:00,HW,12.3577,Puerto Montt,2026-04-19T02:32:00,6.47
CUR019,2026-04-19T04:34:00,LW,2.4354,Puerto Montt,2026-04-19T08:36:00,0.99
CUR019,2026-04-19T10:37:00,HW,13.3127,Puerto Montt,2026-04-19T14:47:00,6.97
CUR019,2026-04-19T17:10:00,LW,2.091,Puerto Montt,2026-04-19T21:12:00,0.85
CUR019,2026-04-19T23:06:00,HW,11.7274,Puerto Montt,2026-04-20T03:16:00,6.14
CUR019,2026-04-20T05:15:00,LW,3.321,Puerto Montt,2026-04-20T09:17:00,1.35
CUR019,2026-04-20T11:20:00,HW,12.8161,Puerto Montt,2026-04-20T15:30:00,6.71
CUR019,2026-04-20T17:57:00,LW,2.952,Puerto Montt,2026-04-20T21:59:00,1.2
CUR019,2026-04-20T23:54:00,HW,10.9252,Puerto Montt,2026-04-21T04:04:00,5.72
CUR019,2026-04-21T06:00:00,LW,4.4034,Puerto Montt,2026-04-21T10:02:00,1.79
CUR019,2026-04-21T12:09:00,HW,12.0903,Puerto Montt,2026-04-21T16:19:00,6.33
CUR019,2026-04-21T18:52:00,LW,3.9852,Puerto Montt,2026-04-21T22:54:00,1.62
CUR019,2026-04-22T00:51:00,HW,10.1039,Puerto Montt,2026-04-22T05:01:00,5.29
CUR019,2026-04-22T06:56:00,LW,5.5104,Puerto Montt,2026-04-22T10:58:00,2.24
CUR019,2026-04-22T13:09:00,HW,11.269,Puerto Montt,2026-04-22T17:19:00,5.9
CUR019,2026-04-22T20:00:00,LW,4.92,Puerto Montt,2026-04-23T00:02:00,2.0
CUR019,2026-04-23T02:07:00,HW,9.4545,Puerto Montt,2026-04-23T06:17:00,4.95
CUR019,2026-04-23T08:11:00,LW,6.396,Puerto Montt,2026-04-23T12:13:00,2.6
CUR019,2026-04-23T14:27:00,HW,10.6005,Puerto Montt,2026-04-23T18:37:00,5.55
CUR019,2026-04-23T21:25:00,LW,5.3382,Puerto Montt,2026-04-24T01:27:00,2.17
CUR019,2026-04-24T03:40:00,HW,9.3208,Puerto Montt,2026-04-24T07:50:00,4.88
CUR019,2026-04-24T09:46:00,LW,6.5928,Puerto Montt,2026-04-24T13:48:00,2.68
CUR019,2026-04-24T15:58:00,HW,10.4286,Puerto Montt,2026-04-24T20:08:00,5.46
CUR019,2026-04-24T22:51:00,LW,5.0676,Puerto Montt,2026-04-25T02:53:00,2.06
CUR019,2026-04-25T05:04:00,HW,9.7792,Puerto Montt,2026-04-25T09:14:00,5.12
CUR019,2026-04-25T11:13:00,LW,5.9532,Puerto Montt,2026-04-25T15:15:00,2.42
CUR019,2026-04-25T17:17:00,HW,10.7533,Puerto Montt,2026-04-25T21:27:00,5.63
CUR019,2026-04-25T23:58:00,LW,4.3296,Puerto Montt,2026-04-26T04:00:00,1.76
CUR019,2026-04-26T06:06:00,HW,10.505,Puerto Montt,2026-04-26T10:16:00,5.5
CUR019,2026-04-26T12:18:00,LW,4.92,Puerto Montt,2026-04-26T16:20:00,2.0
CUR019,2026-04-26T18:18:00,HW,11.269,Puerto Montt,2026-04-26T22:28:00,5.9
CUR019,2026-04-27T00:50:00,LW,3.567,Puerto Montt,2026-04-27T04:52:00,1.45
CUR019,2026-04-27T06:53:00,HW,11.2499,Puerto Montt,2026-04-27T11:03:00,5.89
CUR019,2026-04-27T13:10:00,LW,3.9114,Puerto Montt,2026-04-27T17:12:00,1.59
CUR019,2026-04-27T19:07:00,HW,11.7274,Puerto Montt,2026-04-27T23:17:00,6.14
CUR019,2026-04-28T01:33:00,LW,2.9766,Puerto Montt,2026-04-28T05:35:00,1.21
CUR019,2026-04-28T07:34:00,HW,11.842,Puerto Montt,2026-04-28T11:44:00,6.2
CUR019,2026-04-28T13:53:00,LW,3.1488,Puerto Montt,2026-04-28T17:55:00,1.28
CUR019,2026-04-28T19:49:00,HW,11.9757,Puerto Montt,2026-04-28T23:59:00,6.27
CUR019,2026-04-29T02:09:00,LW,2.7306,Puerto Montt,2026-04-29T06:11:00,1.11
CUR019,2026-04-29T08:10:00,HW,12.2622,Puerto Montt,2026-04-29T12:20:00,6.42
CUR019,2026-04-29T14:32:00,LW,2.7306,Puerto Montt,2026-04-29T18:34:00,1.11
CUR019,2026-04-29T20:26:00,HW,11.9757,Puerto Montt,2026-04-30T00:36:00,6.27
CUR019,2026-04-30T02:42:00,LW,2.7798,Puerto Montt,2026-04-30T06:44:00,1.13
CUR019,2026-04-30T08:42:00,HW,12.4341,Puerto Montt,2026-04-30T12:52:00,6.51
CUR019,2026-04-30T15:07:00,LW,2.6814,Puerto Montt,2026-04-30T19:09:00,1.09
CUR019,2026-04-30T21:00:00,HW,11.7465,Puerto Montt,2026-05-01T01:10:00,6.15
CUR019,2026-05-01T03:12:00,LW,3.1488,Puerto Montt,2026-05-01T07:14:00,1.28
CUR019,2026-05-01T09:12:00,HW,12.3768,Puerto Montt,2026-05-01T13:22:00,6.48
CUR019,2026-05-01T15:39:00,LW,2.9766,Puerto Montt,2026-05-01T19:41:00,1.21
CUR019,2026-05-01T21:31:00,HW,11.3645,Puerto Montt,2026-05-02T01:41:00,5.95
CUR019,2026-05-02T03:39:00,LW,3.69,Puerto Montt,2026-05-02T07:41:00,1.5
CUR019,2026-05-02T09:40:00,HW,12.1667,Puerto Montt,2026-05-02T13:50:00,6.37
CUR019,2026-05-02T16:09:00,LW,3.5178,Puerto Montt,2026-05-02T20:11:00,1.43
CUR019,2026-05-02T22:00:00,HW,10.8679,Puerto Montt,2026-05-03T02:10:00,5.69
CUR019,2026-05-03T04:03:00,LW,4.3788,Puerto Montt,2026-05-03T08:05:00,1.78
CUR019,2026-05-03T10:06:00,HW,11.8038,Puerto Montt,2026-05-03T14:16:00,6.18
CUR019,2026-05-03T16:37:00,LW,4.1574,Puerto Montt,2026-05-03T20:39:00,1.69
CUR019,2026-05-03T22:28:00,HW,10.3331,Puerto Montt,2026-05-04T02:38:00,5.41
CUR019,2026-05-04T04:27:00,LW,5.0676,Puerto Montt,2026-05-04T08:29:00,2.06
CUR019,2026-05-04T10:31:00,HW,11.3645,Puerto Montt,2026-05-04T14:41:00,5.95
CUR019,2026-05-04T17:05:00,LW,4.8708,Puerto Montt,2026-05-04T21:07:00,1.98
CUR019,2026-05-04T22:56:00,HW,9.7792,Puerto Montt,2026-05-05T03:06:00,5.12
CUR019,2026-05-05T04:52:00,LW,5.781,Puerto Montt,2026-05-05T08:54:00,2.35
CUR019,2026-05-05T10:58:00,HW,10.8488,Puerto Montt,2026-05-05T15:08:00,5.68
CUR019,2026-05-05T17:34:00,LW,5.6088,Puerto Montt,2026-05-05T21:36:00,2.28
CUR019,2026-05-05T23:27:00,HW,9.2062,Puerto Montt,2026-05-06T03:37:00,4.82
CUR019,2026-05-06T05:20:00,LW,6.4944,Puerto Montt,2026-05-06T09:22:00,2.64
CUR019,2026-05-06T11:29:00,HW,10.2758,Puerto Montt,2026-05-06T15:39:00,5.38
CUR019,2026-05-06T18:11:00,LW,6.2976,Puerto Montt,2026-05-06T22:13:00,2.56
CUR019,2026-05-07T00:05:00,HW,8.6523,Puerto Montt,2026-05-07T04:15:00,4.53
CUR019,2026-05-07T05:56:00,LW,7.1832,Puerto Montt,2026-05-07T09:58:00,2.92
CUR019,2026-05-07T12:10:00,HW,9.6837,Puerto Montt,2026-05-07T16:20:00,5.07
CUR019,2026-05-07T19:02:00,LW,6.9126,Puerto Montt,2026-05-07T23:04:00,2.81
CUR019,2026-05-08T01:05:00,HW,8.1748,Puerto Montt,2026-05-08T05:15:00,4.28
CUR019,2026-05-08T06:53:00,LW,7.8474,Puerto Montt,2026-05-08T10:55:00,3.19
CUR019,2026-05-08T13:14:00,HW,9.1489,Puerto Montt,2026-05-08T17:24:00,4.79
CUR019,2026-05-08T20:26:00,LW,7.2324,Puerto Montt,2026-05-09T00:28:00,2.94
CUR019,2026-05-09T02:50:00,HW,8.022,Puerto Montt,2026-05-09T07:00:00,4.2
CUR019,2026-05-09T08:34:00,LW,8.1426,Puerto Montt,2026-05-09T12:36:00,3.31
CUR019,2026-05-09T14:54:00,HW,8.9197,Puerto Montt,2026-05-09T19:04:00,4.67
CUR019,2026-05-09T22:07:00,LW,6.9372,Puerto Montt,2026-05-10T02:09:00,2.82
CUR019,2026-05-10T04:28:00,HW,8.4804,Puerto Montt,2026-05-10T08:38:00,4.44
CUR019,2026-05-10T10:25:00,LW,7.6506,Puerto Montt,2026-05-10T14:27:00,3.11
CUR019,2026-05-10T16:28:00,HW,9.2444,Puerto Montt,2026-05-10T20:38:00,4.84
CUR019,2026-05-10T23:17:00,LW,6.1254,Puerto Montt,2026-05-11T03:19:00,2.49
CUR019,2026-05-11T05:27:00,HW,9.2826,Puerto Montt,2026-05-11T09:37:00,4.86
CUR019,2026-05-11T11:36:00,LW,6.5682,Puerto Montt,2026-05-11T15:38:00,2.67
CUR019,2026-05-11T17:32:00,HW,9.9129,Puerto Montt,2026-05-11T21:42:00,5.19
CUR019,2026-05-12T00:07:00,LW,5.0922,Puerto Montt,2026-05-12T04:09:00,2.07
CUR019,2026-05-12T06:12:00,HW,10.2567,Puerto Montt,2026-05-12T10:22:00,5.37
CUR019,2026-05-12T12:29:00,LW,5.289,Puerto Montt,2026-05-12T16:31:00,2.15
CUR019,2026-05-12T18:23:00,HW,10.6578,Puerto Montt,2026-05-12T22:33:00,5.58
CUR019,2026-05-13T00:49:00,LW,4.0836,Puerto Montt,2026-05-13T04:51:00,1.66
CUR019,2026-05-13T06:53:00,HW,11.2499,Puerto Montt,2026-05-13T11:03:00,5.89
CUR019,2026-05-13T13:15:00,LW,4.0098,Puerto Montt,2026-05-13T17:17:00,1.63
CUR019,2026-05-13T19:09:00,HW,11.3454,Puerto Montt,2026-05-13T23:19:00,5.94
CUR019,2026-05-14T01:30:00,LW,3.2472,Puerto Montt,2026-05-14T05:32:00,1.32
CUR019,2026-05-14T07:33:00,HW,12.1858,Puerto Montt,2026-05-14T11:43:00,6.38
CUR019,2026-05-14T13:59:00,LW,2.9028,Puerto Montt,2026-05-14T18:01:00,1.18
CUR019,2026-05-14T19:54:00,HW,11.8611,Puerto Montt,2026-05-15T00:04:00,6.21
CUR019,2026-05-15T02:11:00,LW,2.6568,Puerto Montt,2026-05-15T06:13:00,1.08
CUR019,2026-05-15T08:13:00,HW,12.9498,Puerto Montt,2026-05-15T12:23:00,6.78
CUR019,2026-05-15T14:43:00,LW,2.0664,Puerto Montt,2026-05-15T18:45:00,0.84
CUR019,2026-05-15T20:39:00,HW,12.1476,Puerto Montt,2026-05-16T00:49:00,6.36
CUR019,2026-05-16T02:52:00,LW,2.4108,Puerto Montt,2026-05-16T06:54:00,0.98
CUR019,2026-05-16T08:56:00,HW,13.4655,Puerto Montt,2026-05-16T13:06:00,7.05
CUR019,2026-05-16T15:28:00,LW,1.6482,Puerto Montt,2026-05-16T19:30:00,0.67
CUR019,2026-05-16T21:25:00,HW,12.1858,Puerto Montt,2026-05-17T01:35:00,6.38
CUR019,2026-05-17T03:35:00,LW,2.4846,Puerto Montt,2026-05-17T07:37:00,1.01
CUR019,2026-05-17T09:39:00,HW,13.6565,Puerto Montt,2026-05-17T13:49:00,7.15
CUR019,2026-05-17T16:15:00,LW,1.6236,Puerto Montt,2026-05-17T20:17:00,0.66
CUR019,2026-05-17T22:12:00,HW,11.9566,Puerto Montt,2026-05-18T02:22:00,6.26
CUR019,2026-05-18T04:19:00,LW,2.8782,Puerto Montt,2026-05-18T08:21:00,1.17
CUR019,2026-05-18T10:25:00,HW,13.5037,Puerto Montt,2026-05-18T14:35:00,7.07
CUR019,2026-05-18T17:04:00,LW,1.968,Puerto Montt,2026-05-18T21:06:00,0.8
CUR019,2026-05-18T23:02:00,HW,11.5555,Puerto Montt,2026-05-19T03:12:00,6.05
CUR019,2026-05-19T05:07:00,LW,3.5178,Puerto Montt,2026-05-19T09:09:00,1.43
CUR019,2026-05-19T11:14:00,HW,13.0835,Puerto Montt,2026-05-19T15:24:00,6.85
CUR019,2026-05-19T17:55:00,LW,2.583,Puerto Montt,2026-05-19T21:57:00,1.05
CUR019,2026-05-19T23:54:00,HW,11.0207,Puerto Montt,2026-05-20T04:04:00,5.77
CUR019,2026-05-20T05:59:00,LW,4.2558,Puerto Montt,2026-05-20T10:01:00,1.73
CUR019,2026-05-20T12:07:00,HW,12.4532,Puerto Montt,2026-05-20T16:17:00,6.52
CUR019,2026-05-20T18:51:00,LW,3.321,Puerto Montt,2026-05-20T22:53:00,1.35
CUR019,2026-05-21T00:53:00,HW,10.505,Puerto Montt,2026-05-21T05:03:00,5.5
CUR019,2026-05-21T06:58:00,LW,4.9692,Puerto Montt,2026-05-21T11:00:00,2.02
CUR019,2026-05-21T13:06:00,HW,11.7465,Puerto Montt,2026-05-21T17:16:00,6.15
CUR019,2026-05-21T19:53:00,LW,3.9852,Puerto Montt,2026-05-21T23:55:00,1.62
CUR019,2026-05-22T01:58:00,HW,10.1039,Puerto Montt,2026-05-22T06:08:00,5.29
CUR019,2026-05-22T08:05:00,LW,5.535,Puerto Montt,2026-05-22T12:07:00,2.25
CUR019,2026-05-22T14:12:00,HW,11.1162,Puerto Montt,2026-05-22T18:22:00,5.82
CUR019,2026-05-22T20:59:00,LW,4.428,Puerto Montt,2026-05-23T01:01:00,1.8
CUR019,2026-05-23T03:09:00,HW,9.9702,Puerto Montt,2026-05-23T07:19:00,5.22
CUR019,2026-05-23T09:18:00,LW,5.781,Puerto Montt,2026-05-23T13:20:00,2.35
CUR019,2026-05-23T15:23:00,HW,10.696,Puerto Montt,2026-05-23T19:33:00,5.6
CUR019,2026-05-23T22:07:00,LW,4.6002,Puerto Montt,2026-05-24T02:09:00,1.87
CUR019,2026-05-24T04:19:00,HW,10.123,Puerto Montt,2026-05-24T08:29:00,5.3
CUR019,2026-05-24T10:33:00,LW,5.6334,Puerto Montt,2026-05-24T14:35:00,2.29
CUR019,2026-05-24T16:34:00,HW,10.5432,Puerto Montt,2026-05-24T20:44:00,5.52
CUR019,2026-05-24T23:10:00,LW,4.5264,Puerto Montt,2026-05-25T03:12:00,1.84
CUR019,2026-05-25T05:21:00,HW,10.4668,Puerto Montt,2026-05-25T09:31:00,5.48
CUR019,2026-05-25T11:40:00,LW,5.1906,Puerto Montt,2026-05-25T15:42:00,2.11
CUR019,2026-05-25T17:38:00,HW,10.5814,Puerto Montt,2026-05-25T21:48:00,5.54
CUR019,2026-05-26T00:06:00,LW,4.3542,Puerto Montt,2026-05-26T04:08:00,1.77
CUR019,2026-05-26T06:14:00,HW,10.9061,Puerto Montt,2026-05-26T10:24:00,5.71
CUR019,2026-05-26T12:38:00,LW,4.6494,Puerto Montt,2026-05-26T16:40:00,1.89
CUR019,2026-05-26T18:33:00,HW,10.6769,Puerto Montt,2026-05-26T22:43:00,5.59
CUR019,2026-05-27T00:54:00,LW,4.182,Puerto Montt,2026-05-27T04:56:00,1.7
CUR019,2026-05-27T07:00:00,HW,11.3263,Puerto Montt,2026-05-27T11:10:00,5.93
CUR019,2026-05-27T13:28:00,LW,4.1574,Puerto Montt,2026-05-27T17:30:00,1.69
CUR019,2026-05-27T19:21:00,HW,10.7533,Puerto Montt,2026-05-27T23:31:00,5.63
CUR019,2026-05-28T01:36:00,LW,4.1328,Puerto Montt,2026-05-28T05:38:00,1.68
CUR019,2026-05-28T07:40:00,HW,11.6701,Puerto Montt,2026-05-28T11:50:00,6.11
CUR019,2026-05-28T14:11:00,LW,3.8622,Puerto Montt,2026-05-28T18:13:00,1.57
CUR019,2026-05-28T20:04:00,HW,10.7533,Puerto Montt,2026-05-29T00:14:00,5.63
CUR019,2026-05-29T02:12:00,LW,4.2312,Puerto Montt,2026-05-29T06:14:00,1.72
CUR019,2026-05-29T08:17:00,HW,11.8611,Puerto Montt,2026-05-29T12:27:00,6.21
CUR019,2026-05-29T14:50:00,LW,3.7392,Puerto Montt,2026-05-29T18:52:00,1.52
CUR019,2026-05-29T20:42:00,HW,10.696,Puerto Montt,2026-05-30T00:52:00,5.6
CUR019,2026-05-30T02:46:00,LW,4.428,Puerto Montt,2026-05-30T06:48:00,1.8
CUR019,2026-05-30T08:50:00,HW,11.9184,Puerto Montt,2026-05-30T13:00:00,6.24
CUR019,2026-05-30T15:25:00,LW,3.8376,Puerto Montt,2026-05-30T19:27:00,1.56
CUR019,2026-05-30T21:17:00,HW,10.5432,Puerto Montt,2026-05-31T01:27:00,5.52
CUR019,2026-05-31T03:16:00,LW,4.6986,Puerto Montt,2026-05-31T07:18:00,1.91
CUR019,2026-05-31T09:21:00,HW,11.842,Puerto Montt,2026-05-31T13:31:00,6.2
CUR019,2026-05-31T15:57:00,LW,4.059,Puerto Montt,2026-05-31T19:59:00,1.65
CUR019,2026-05-31T21:49:00,HW,10.3331,Puerto Montt,2026-06-01T01:59:00,5.41
CUR019,2026-06-01T03:45:00,LW,5.0184,Puerto Montt,2026-06-01T07:47:00,2.04
CUR019,2026-06-01T09:50:00,HW,11.651,Puerto Montt,2026-06-01T14:00:00,6.1
CUR019,2026-06-01T16:27:00,LW,4.3788,Puerto Montt,2026-06-01T20:29:00,1.78
CUR019,2026-06-01T22:20:00,HW,10.0657,Puerto Montt,2026-06-02T02:30:00,5.27
CUR019,2026-06-02T04:14:00,LW,5.3874,Puerto Montt,2026-06-02T08:16:00,2.19
CUR019,2026-06-02T10:20:00,HW,11.3836,Puerto Montt,2026-06-02T14:30:00,5.96
CUR019,2026-06-02T16:57:00,LW,4.7478,Puerto Montt,2026-06-02T20:59:00,1.93
CUR019,2026-06-02T22:50:00,HW,9.7792,Puerto Montt,2026-06-03T03:00:00,5.12
CUR019,2026-06-03T04:45:00,LW,5.7564,Puerto Montt,2026-06-03T08:47:00,2.34
CUR019,2026-06-03T10:50:00,HW,11.0589,Puerto Montt,2026-06-03T15:00:00,5.79
CUR019,2026-06-03T17:30:00,LW,5.1414,Puerto Montt,2026-06-03T21:32:00,2.09
CUR019,2026-06-03T23:23:00,HW,9.4545,Puerto Montt,2026-06-04T03:33:00,4.95
CUR019,2026-06-04T05:18:00,LW,6.15,Puerto Montt,2026-06-04T09:20:00,2.5
CUR019,2026-06-04T11:24:00,HW,10.6578,Puerto Montt,2026-06-04T15:34:00,5.58
CUR019,2026-06-04T18:06:00,LW,5.535,Puerto Montt,2026-06-04T22:08:00,2.25
CUR019,2026-06-05T00:02:00,HW,9.1298,Puerto Montt,2026-06-05T04:12:00,4.78
CUR019,2026-06-05T05:58:00,LW,6.519,Puerto Montt,2026-06-05T10:00:00,2.65
CUR019,2026-06-05T12:03:00,HW,10.2376,Puerto Montt,2026-06-05T16:13:00,5.36
CUR019,2026-06-05T18:49:00,LW,5.8794,Puerto Montt,2026-06-05T22:51:00,2.39
CUR019,2026-06-06T00:49:00,HW,8.8624,Puerto Montt,2026-06-06T04:59:00,4.64
CUR019,2026-06-06T06:48:00,LW,6.888,Puerto Montt,2026-06-06T10:50:00,2.8
CUR019,2026-06-06T12:53:00,HW,9.8365,Puerto Montt,2026-06-06T17:03:00,5.15
CUR019,2026-06-06T19:43:00,LW,6.1254,Puerto Montt,2026-06-06T23:45:00,2.49
CUR019,2026-06-07T01:52:00,HW,8.7669,Puerto Montt,2026-06-07T06:02:00,4.59
CUR019,2026-06-07T07:52:00,LW,7.134,Puerto Montt,2026-06-07T11:54:00,2.9
CUR019,2026-06-07T13:57:00,HW,9.5118,Puerto Montt,2026-06-07T18:07:00,4.98
CUR019,2026-06-07T20:47:00,LW,6.1746,Puerto Montt,2026-06-08T00:49:00,2.51
CUR019,2026-06-08T03:05:00,HW,8.9388,Puerto Montt,2026-06-08T07:15:00,4.68
CUR019,2026-06-08T09:10:00,LW,7.0602,Puerto Montt,2026-06-08T13:12:00,2.87
CUR019,2026-06-08T15:13:00,HW,9.4163,Puerto Montt,2026-06-08T19:23:00,4.93
CUR019,2026-06-08T21:56:00,LW,5.9532,Puerto Montt,2026-06-09T01:58:00,2.42
CUR019,2026-06-09T04:15:00,HW,9.4545,Puerto Montt,2026-06-09T08:25:00,4.95
CUR019,2026-06-09T10:30:00,LW,6.5436,Puerto Montt,2026-06-09T14:32:00,2.66
CUR019,2026-06-09T16:28:00,HW,9.6264,Puerto Montt,2026-06-09T20:38:00,5.04
CUR019,2026-06-09T23:01:00,LW,5.4858,Puerto Montt,2026-06-10T03:03:00,2.23
CUR019,2026-06-10T05:15:00,HW,10.1994,Puerto Montt,2026-06-10T09:25:00,5.34
CUR019,2026-06-10T11:40:00,LW,5.6826,Puerto Montt,2026-06-10T15:42:00,2.31
CUR019,2026-06-10T17:35:00,HW,10.0275,Puerto Montt,2026-06-10T21:45:00,5.25
CUR019,2026-06-10T23:59:00,LW,4.8708,Puerto Montt,2026-06-11T04:01:00,1.98
CUR019,2026-06-11T06:09:00,HW,11.0589,Puerto Montt,2026-06-11T10:19:00,5.79
CUR019,2026-06-11T12:41:00,LW,4.6494,Puerto Montt,2026-06-11T16:43:00,1.89
CUR019,2026-06-11T18:35:00,HW,10.5241,Puerto Montt,2026-06-11T22:45:00,5.51
CUR019,2026-06-12T00:52:00,LW,4.2558,Puerto Montt,2026-06-12T04:54:00,1.73
CUR019,2026-06-12T07:00:00,HW,11.9184,Puerto Montt,2026-06-12T11:10:00,6.24
CUR019,2026-06-12T13:36:00,LW,3.5916,Puerto Montt,2026-06-12T17:38:00,1.46
CUR019,2026-06-12T19:31:00,HW,11.0207,Puerto Montt,2026-06-12T23:41:00,5.77
CUR019,2026-06-13T01:43:00,LW,3.7146,Puerto Montt,2026-06-13T05:45:00,1.51
CUR019,2026-06-13T07:50:00,HW,12.6824,Puerto Montt,2026-06-13T12:00:00,6.64
CUR019,2026-06-13T14:28:00,LW,2.6814,Puerto Montt,2026-06-13T18:30:00,1.09
CUR019,2026-06-13T20:25:00,HW,11.4218,Puerto Montt,2026-06-14T00:35:00,5.98
CUR019,2026-06-14T02:34:00,LW,3.321,Puerto Montt,2026-06-14T06:36:00,1.35
CUR019,2026-06-14T08:40:00,HW,13.2554,Puerto Montt,2026-06-14T12:50:00,6.94
CUR019,2026-06-14T15:20:00,LW,2.0418,Puerto Montt,2026-06-14T19:22:00,0.83
CUR019,2026-06-14T21:18:00,HW,11.6892,Puerto Montt,2026-06-15T01:28:00,6.12
CUR019,2026-06-15T03:24:00,LW,3.075,Puerto Montt,2026-06-15T07:26:00,1.25
CUR019,2026-06-15T09:30:00,HW,13.5992,Puerto Montt,2026-06-15T13:40:00,7.12
CUR019,2026-06-15T16:10:00,LW,1.6974,Puerto Montt,2026-06-15T20:12:00,0.69
CUR019,2026-06-15T22:09:00,HW,11.7847,Puerto Montt,2026-06-16T02:19:00,6.17
CUR019,2026-06-16T04:14:00,LW,3.0258,Puerto Montt,2026-06-16T08:16:00,1.23
CUR019,2026-06-16T10:20:00,HW,13.6565,Puerto Montt,2026-06-16T14:30:00,7.15
CUR019,2026-06-16T17:00:00,LW,1.6482,Puerto Montt,2026-06-16T21:02:00,0.67
CUR019,2026-06-16T22:59:00,HW,11.7274,Puerto Montt,2026-06-17T03:09:00,6.14
CUR019,2026-06-17T05:04:00,LW,3.1488,Puerto Montt,2026-06-17T09:06:00,1.28
CUR019,2026-06-17T11:09:00,HW,13.4273,Puerto Montt,2026-06-17T15:19:00,7.03
CUR019,2026-06-17T17:50:00,LW,1.9188,Puerto Montt,2026-06-17T21:52:00,0.78
CUR019,2026-06-17T23:48:00,HW,11.5173,Puerto Montt,2026-06-18T03:58:00,6.03
CUR019,2026-06-18T05:55:00,LW,3.4686,Puerto Montt,2026-06-18T09:57:00,1.41
CUR019,2026-06-18T11:59:00,HW,12.9689,Puerto Montt,2026-06-18T16:09:00,6.79
CUR019,2026-06-18T18:38:00,LW,2.4108,Puerto Montt,2026-06-18T22:40:00,0.98
CUR019,2026-06-19T00:38:00,HW,11.2117,Puerto Montt,2026-06-19T04:48:00,5.87
CUR019,2026-06-19T06:46:00,LW,3.936,Puerto Montt,2026-06-19T10:48:00,1.6
CUR019,2026-06-19T12:49:00,HW,12.3004,Puerto Montt,2026-06-19T16:59:00,6.44
CUR019,2026-06-19T19:27:00,LW,3.075,Puerto Montt,2026-06-19T23:29:00,1.25
CUR019,2026-06-20T01:30:00,HW,10.8297,Puerto Montt,2026-06-20T05:40:00,5.67
CUR019,2026-06-20T07:39:00,LW,4.551,Puerto Montt,2026-06-20T11:41:00,1.85
CUR019,2026-06-20T13:41:00,HW,11.5173,Puerto Montt,2026-06-20T17:51:00,6.03
CUR019,2026-06-20T20:18:00,LW,3.8376,Puerto Montt,2026-06-21T00:20:00,1.56
CUR019,2026-06-21T02:25:00,HW,10.4668,Puerto Montt,2026-06-21T06:35:00,5.48
CUR019,2026-06-21T08:37:00,LW,5.166,Puerto Montt,2026-06-21T12:39:00,2.1
CUR019,2026-06-21T14:37:00,HW,10.7342,Puerto Montt,2026-06-21T18:47:00,5.62
CUR019,2026-06-21T21:12:00,LW,4.6002,Puerto Montt,2026-06-22T01:14:00,1.87
CUR019,2026-06-22T03:24:00,HW,10.2185,Puerto Montt,2026-06-22T07:34:00,5.35
CUR019,2026-06-22T09:41:00,LW,5.7072,Puerto Montt,2026-06-22T13:43:00,2.32
CUR019,2026-06-22T15:41:00,HW,10.0657,Puerto Montt,2026-06-22T19:51:00,5.27
CUR019,2026-06-22T22:12:00,LW,5.2152,Puerto Montt,2026-06-23T02:14:00,2.12
CUR019,2026-06-23T04:28:00,HW,10.123,Puerto Montt,2026-06-23T08:38:00,5.3
CUR019,2026-06-23T10:54:00,LW,5.9532,Puerto Montt,2026-06-23T14:56:00,2.42
CUR019,2026-06-23T16:50:00,HW,9.6264,Puerto Montt,2026-06-23T21:00:00,5.04
CUR019,2026-06-23T23:15:00,LW,5.6088,Puerto Montt,2026-06-24T03:17:00,2.28
CUR019,2026-06-24T05:31:00,HW,10.2567,Puerto Montt,2026-06-24T09:41:00,5.37
CUR019,2026-06-24T12:07:00,LW,5.8302,Puerto Montt,2026-06-24T16:09:00,2.37
CUR019,2026-06-24T18:00:00,HW,9.4736,Puerto Montt,2026-06-24T22:10:00,4.96
CUR019,2026-06-25T00:16:00,LW,5.7564,Puerto Montt,2026-06-25T04:18:00,2.34
CUR019,2026-06-25T06:29:00,HW,10.5432,Puerto Montt,2026-06-25T10:39:00,5.52
CUR019,2026-06-25T13:09:00,LW,5.4366,Puerto Montt,2026-06-25T17:11:00,2.21
CUR019,2026-06-25T19:02:00,HW,9.5882,Puerto Montt,2026-06-25T23:12:00,5.02
CUR019,2026-06-26T01:09:00,LW,5.6826,Puerto Montt,2026-06-26T05:11:00,2.31
CUR019,2026-06-26T07:19:00,HW,10.9061,Puerto Montt,2026-06-26T11:29:00,5.71
CUR019,2026-06-26T14:00:00,LW,4.9692,Puerto Montt,2026-06-26T18:02:00,2.02
CUR019,2026-06-26T19:52:00,HW,9.7983,Puerto Montt,2026-06-27T00:02:00,5.13
CUR019,2026-06-27T01:53:00,LW,5.535,Puerto Montt,2026-06-27T05:55:00,2.25
CUR019,2026-06-27T08:01:00,HW,11.2499,Puerto Montt,2026-06-27T12:11:00,5.89
CUR019,2026-06-27T14:42:00,LW,4.5756,Puerto Montt,2026-06-27T18:44:00,1.86
CUR019,2026-06-27T20:34:00,HW,10.0275,Puerto Montt,2026-06-28T00:44:00,5.25
CUR019,2026-06-28T02:32:00,LW,5.3382,Puerto Montt,2026-06-28T06:34:00,2.17
CUR019,2026-06-28T08:38:00,HW,11.5173,Puerto Montt,2026-06-28T12:48:00,6.03
CUR019,2026-06-28T15:17:00,LW,4.305,Puerto Montt,2026-06-28T19:19:00,1.75
CUR019,2026-06-28T21:10:00,HW,10.1994,Puerto Montt,2026-06-29T01:20:00,5.34
CUR019,2026-06-29T03:07:00,LW,5.1906,Puerto Montt,2026-06-29T07:09:00,2.11
CUR019,2026-06-29T09:12:00,HW,11.6701,Puerto Montt,2026-06-29T13:22:00,6.11
CUR019,2026-06-29T15:50:00,LW,4.1574,Puerto Montt,2026-06-29T19:52:00,1.69
CUR019,2026-06-29T21:42:00,HW,10.2949,Puerto Montt,2026-06-30T01:52:00,5.39
CUR019,2026-06-30T03:39:00,LW,5.0676,Puerto Montt,2026-06-30T07:41:00,2.06
CUR019,2026-06-30T09:43:00,HW,11.7274,Puerto Montt,2026-06-30T13:53:00,6.14
CUR019,2026-06-30T16:20:00,LW,4.1082,Puerto Montt,2026-06-30T20:22:00,1.67
CUR019,2026-06-30T22:13:00,HW,10.2949,Puerto Montt,2026-07-01T02:23:00,5.39
CUR019,2026-07-01T04:10:00,LW,5.043,Puerto Montt,2026-07-01T08:12:00,2.05
CUR019,2026-07-01T10:13:00,HW,11.6701,Puerto Montt,2026-07-01T14:23:00,6.11
CUR019,2026-07-01T16:50:00,LW,4.1328,Puerto Montt,2026-07-01T20:52:00,1.68
CUR019,2026-07-01T22:43:00,HW,10.2185,Puerto Montt,2026-07-02T02:53:00,5.35
CUR019,2026-07-02T04:42:00,LW,5.0676,Puerto Montt,2026-07-02T08:44:00,2.06
CUR019,2026-07-02T10:44:00,HW,11.5173,Puerto Montt,2026-07-02T14:54:00,6.03
CUR019,2026-07-02T17:20:00,LW,4.2804,Puerto Montt,2026-07-02T21:22:00,1.74
CUR019,2026-07-02T23:14:00,HW,10.0848,Puerto Montt,2026-07-03T03:24:00,5.28
CUR019,2026-07-03T05:15:00,LW,5.1906,Puerto Montt,2026-07-03T09:17:00,2.11
CUR019,2026-07-03T11:16:00,HW,11.269,Puerto Montt,2026-07-03T15:26:00,5.9
CUR019,2026-07-03T17:52:00,LW,4.4772,Puerto Montt,2026-07-03T21:54:00,1.82
CUR019,2026-07-03T23:47:00,HW,9.9129,Puerto Montt,2026-07-04T03:57:00,5.19
CUR019,2026-07-04T05:51:00,LW,5.412,Puerto Montt,2026-07-04T09:53:00,2.2
CUR019,2026-07-04T11:51:00,HW,10.9252,Puerto Montt,2026-07-04T16:01:00,5.72
CUR019,2026-07-04T18:27:00,LW,4.7478,Puerto Montt,2026-07-04T22:29:00,1.93
CUR019,2026-07-05T00:25:00,HW,9.7792,Puerto Montt,2026-07-05T04:35:00,5.12
CUR019,2026-07-05T06:32:00,LW,5.6826,Puerto Montt,2026-07-05T10:34:00,2.31
CUR019,2026-07-05T12:30:00,HW,10.5432,Puerto Montt,2026-07-05T16:40:00,5.52
CUR019,2026-07-05T19:06:00,LW,5.0676,Puerto Montt,2026-07-05T23:08:00,2.06
CUR019,2026-07-06T01:09:00,HW,9.6837,Puerto Montt,2026-07-06T05:19:00,5.07
CUR019,2026-07-06T07:20:00,LW,6.0024,Puerto Montt,2026-07-06T11:22:00,2.44
CUR019,2026-07-06T13:17:00,HW,10.1039,Puerto Montt,2026-07-06T17:27:00,5.29
CUR019,2026-07-06T19:52:00,LW,5.3874,Puerto Montt,2026-07-06T23:54:00,2.19
CUR019,2026-07-07T02:03:00,HW,9.6837,Puerto Montt,2026-07-07T06:13:00,5.07
CUR019,2026-07-07T08:18:00,LW,6.2976,Puerto Montt,2026-07-07T12:20:00,2.56
CUR019,2026-07-07T14:16:00,HW,9.6837,Puerto Montt,2026-07-07T18:26:00,5.07
CUR019,2026-07-07T20:48:00,LW,5.7072,Puerto Montt,2026-07-08T00:50:00,2.32
CUR019,2026-07-08T03:08:00,HW,9.8174,Puerto Montt,2026-07-08T07:18:00,5.14
CUR019,2026-07-08T09:31:00,LW,6.396,Puerto Montt,2026-07-08T13:33:00,2.6
CUR019,2026-07-08T15:29:00,HW,9.3781,Puerto Montt,2026-07-08T19:39:00,4.91
CUR019,2026-07-08T21:57:00,LW,5.904,Puerto Montt,2026-07-09T01:59:00,2.4
CUR019,2026-07-09T04:19:00,HW,10.1421,Puerto Montt,2026-07-09T08:29:00,5.31
CUR019,2026-07-09T10:55:00,LW,6.1254,Puerto Montt,2026-07-09T14:57:00,2.49
CUR019,2026-07-09T16:53:00,HW,9.3781,Puerto Montt,2026-07-09T21:03:00,4.91
CUR019,2026-07-09T23:13:00,LW,5.8302,Puerto Montt,2026-07-10T03:15:00,2.37
CUR019,2026-07-10T05:31:00,HW,10.696,Puerto Montt,2026-07-10T09:41:00,5.6
CUR019,2026-07-10T12:16:00,LW,5.3874,Puerto Montt,2026-07-10T16:18:00,2.19
CUR019,2026-07-10T18:13:00,HW,9.7028,Puerto Montt,2026-07-10T22:23:00,5.08
CUR019,2026-07-11T00:26:00,LW,5.412,Puerto Montt,2026-07-11T04:28:00,2.2
CUR019,2026-07-11T06:38:00,HW,11.4409,Puerto Montt,2026-07-11T10:48:00,5.99
CUR019,2026-07-11T13:25:00,LW,4.3296,Puerto Montt,2026-07-11T17:27:00,1.76
CUR019,2026-07-11T19:23:00,HW,10.2949,Puerto Montt,2026-07-11T23:33:00,5.39
CUR019,2026-07-12T01:30:00,LW,4.7232,Puerto Montt,2026-07-12T05:32:00,1.92
CUR019,2026-07-12T07:40:00,HW,12.2813,Puerto Montt,2026-07-12T11:50:00,6.43
CUR019,2026-07-12T14:24:00,LW,3.1734,Puerto Montt,2026-07-12T18:26:00,1.29
CUR019,2026-07-12T20:23:00,HW,10.9825,Puerto Montt,2026-07-13T00:33:00,5.75
CUR019,2026-07-13T02:28:00,LW,3.9114,Puerto Montt,2026-07-13T06:30:00,1.59
CUR019,2026-07-13T08:35:00,HW,13.0453,Puerto Montt,2026-07-13T12:45:00,6.83
CUR019,2026-07-13T15:17:00,LW,2.1648,Puerto Montt,2026-07-13T19:19:00,0.88
CUR019,2026-07-13T21:15:00,HW,11.6128,Puerto Montt,2026-07-14T01:25:00,6.08
CUR019,2026-07-14T03:21:00,LW,3.1242,Puerto Montt,2026-07-14T07:23:00,1.27
CUR019,2026-07-14T09:26:00,HW,13.6374,Puerto Montt,2026-07-14T13:36:00,7.14
CUR019,2026-07-14T16:05:00,LW,1.4268,Puerto Montt,2026-07-14T20:07:00,0.58
CUR019,2026-07-14T22:03:00,HW,12.0521,Puerto Montt,2026-07-15T02:13:00,6.31
CUR019,2026-07-15T04:10:00,LW,2.5584,Puerto Montt,2026-07-15T08:12:00,1.04
CUR019,2026-07-15T10:13:00,HW,13.9239,Puerto Montt,2026-07-15T14:23:00,7.29
CUR019,2026-07-15T16:50:00,LW,1.107,Puerto Montt,2026-07-15T20:52:00,0.45
CUR019,2026-07-15T22:47:00,HW,12.2431,Puerto Montt,2026-07-16T02:57:00,6.41
CUR019,2026-07-16T04:55:00,LW,2.2878,Puerto Montt,2026-07-16T08:57:00,0.93
CUR019,2026-07-16T10:57:00,HW,13.8284,Puerto Montt,2026-07-16T15:07:00,7.24
CUR019,2026-07-16T17:32:00,LW,1.23,Puerto Montt,2026-07-16T21:34:00,0.5
CUR019,2026-07-16T23:29:00,HW,12.1858,Puerto Montt,2026-07-17T03:39:00,6.38
CUR019,2026-07-17T05:39:00,LW,2.4354,Puerto Montt,2026-07-17T09:41:00,0.99
CUR019,2026-07-17T11:39:00,HW,13.37,Puerto Montt,2026-07-17T15:49:00,7.0
CUR019,2026-07-17T18:12:00,LW,1.7466,Puerto Montt,2026-07-17T22:14:00,0.71
CUR019,2026-07-18T00:10:00,HW,11.8802,Puerto Montt,2026-07-18T04:20:00,6.22
CUR019,2026-07-18T06:21:00,LW,3.0012,Puerto Montt,2026-07-18T10:23:00,1.22
CUR019,2026-07-18T12:20:00,HW,12.5869,Puerto Montt,2026-07-18T16:30:00,6.59
CUR019,2026-07-18T18:51:00,LW,2.6322,Puerto Montt,2026-07-18T22:53:00,1.07
CUR019,2026-07-19T00:51:00,HW,11.3836,Puerto Montt,2026-07-19T05:01:00,5.96
CUR019,2026-07-19T07:04:00,LW,3.8622,Puerto Montt,2026-07-19T11:06:00,1.57
CUR019,2026-07-19T13:01:00,HW,11.5937,Puerto Montt,2026-07-19T17:11:00,6.07
CUR019,2026-07-19T19:30:00,LW,3.7392,Puerto Montt,2026-07-19T23:32:00,1.52
CUR019,2026-07-20T01:34:00,HW,10.7915,Puerto Montt,2026-07-20T05:44:00,5.65
CUR019,2026-07-20T07:49:00,LW,4.9446,Puerto Montt,2026-07-20T11:51:00,2.01
CUR019,2026-07-20T13:45:00,HW,10.5241,Puerto Montt,2026-07-20T17:55:00,5.51
CUR019,2026-07-20T20:11:00,LW,4.9446,Puerto Montt,2026-07-21T00:13:00,2.01
CUR019,2026-07-21T02:22:00,HW,10.1612,Puerto Montt,2026-07-21T06:32:00,5.32
CUR019,2026-07-21T08:43:00,LW,6.027,Puerto Montt,2026-07-21T12:45:00,2.45
CUR019,2026-07-21T14:39:00,HW,9.4736,Puerto Montt,2026-07-21T18:49:00,4.96
CUR019,2026-07-21T21:02:00,LW,6.1008,Puerto Montt,2026-07-22T01:04:00,2.48
CUR019,2026-07-22T03:24:00,HW,9.6646,Puerto Montt,2026-07-22T07:34:00,5.06
CUR019,2026-07-22T10:00:00,LW,6.8634,Puerto Montt,2026-07-22T14:02:00,2.79
CUR019,2026-07-22T15:55:00,HW,8.6905,Puerto Montt,2026-07-22T20:05:00,4.55
CUR019,2026-07-22T22:14:00,LW,6.9618,Puerto Montt,2026-07-23T02:16:00,2.83
CUR019,2026-07-23T04:44:00,HW,9.4736,Puerto Montt,2026-07-23T08:54:00,4.96
CUR019,2026-07-23T11:40:00,LW,7.011,Puerto Montt,2026-07-23T15:42:00,2.85
CUR019,2026-07-23T17:35:00,HW,8.4613,Puerto Montt,2026-07-23T21:45:00,4.43
CUR019,2026-07-23T23:43:00,LW,7.2324,Puerto Montt,2026-07-24T03:45:00,2.94
CUR019,2026-07-24T06:05:00,HW,9.7219,Puerto Montt,2026-07-24T10:15:00,5.09
CUR019,2026-07-24T13:02:00,LW,6.4698,Puerto Montt,2026-07-24T17:04:00,2.63
CUR019,2026-07-24T18:57:00,HW,8.8051,Puerto Montt,2026-07-24T23:07:00,4.61
CUR019,2026-07-25T00:55:00,LW,6.888,Puerto Montt,2026-07-25T04:57:00,2.8
CUR019,2026-07-25T07:07:00,HW,10.2376,Puerto Montt,2026-07-25T11:17:00,5.36
CUR019,2026-07-25T13:56:00,LW,5.6826,Puerto Montt,2026-07-25T17:58:00,2.31
CUR019,2026-07-25T19:49:00,HW,9.3399,Puerto Montt,2026-07-25T23:59:00,4.89
CUR019,2026-07-26T01:46:00,LW,6.2976,Puerto Montt,2026-07-26T05:48:00,2.56
CUR019,2026-07-26T07:52:00,HW,10.8297,Puerto Montt,2026-07-26T12:02:00,5.67
CUR019,2026-07-26T14:34:00,LW,4.92,Puerto Montt,2026-07-26T18:36:00,2.0
CUR019,2026-07-26T20:27:00,HW,9.8747,Puerto Montt,2026-07-27T00:37:00,5.17
CUR019,2026-07-27T02:25:00,LW,5.6334,Puerto Montt,2026-07-27T06:27:00,2.29
CUR019,2026-07-27T08:29:00,HW,11.3454,Puerto Montt,2026-07-27T12:39:00,5.94
CUR019,2026-07-27T15:06:00,LW,4.2804,Puerto Montt,2026-07-27T19:08:00,1.74
CUR019,2026-07-27T20:59:00,HW,10.314,Puerto Montt,2026-07-28T01:09:00,5.4
CUR019,2026-07-28T02:58:00,LW,4.9938,Puerto Montt,2026-07-28T07:00:00,2.03
CUR019,2026-07-28T09:00:00,HW,11.7656,Puerto Montt,2026-07-28T13:10:00,6.16
CUR019,2026-07-28T15:36:00,LW,3.7884,Puerto Montt,2026-07-28T19:38:00,1.54
CUR019,2026-07-28T21:28:00,HW,10.6578,Puerto Montt,2026-07-29T01:38:00,5.58
CUR019,2026-07-29T03:29:00,LW,4.5018,Puerto Montt,2026-07-29T07:31:00,1.83
CUR019,2026-07-29T09:30:00,HW,12.0521,Puerto Montt,2026-07-29T13:40:00,6.31
CUR019,2026-07-29T16:04:00,LW,3.4194,Puerto Montt,2026-07-29T20:06:00,1.39
CUR019,2026-07-29T21:56:00,HW,10.8679,Puerto Montt,2026-07-30T02:06:00,5.69
CUR019,2026-07-30T04:00:00,LW,4.1328,Puerto Montt,2026-07-30T08:02:00,1.68
CUR019,2026-07-30T10:00:00,HW,12.1667,Puerto Montt,2026-07-30T14:10:00,6.37
CUR019,2026-07-30T16:32:00,LW,3.2472,Puerto Montt,2026-07-30T20:34:00,1.32
CUR019,2026-07-30T22:25:00,HW,10.9634,Puerto Montt,2026-07-31T02:35:00,5.74
CUR019,2026-07-31T04:30:00,LW,3.9606,Puerto Montt,2026-07-31T08:32:00,1.61
CUR019,2026-07-31T10:29:00,HW,12.1285,Puerto Montt,2026-07-31T14:39:00,6.35
CUR019,2026-07-31T17:00:00,LW,3.2472,Puerto Montt,2026-07-31T21:02:00,1.32
CUR019,2026-07-31T22:54:00,HW,10.9634,Puerto Montt,2026-08-01T03:04:00,5.74
CUR019,2026-08-01T05:02:00,LW,3.9606,Puerto Montt,2026-08-01T09:04:00,1.61
CUR019,2026-08-01T11:00:00,HW,11.9184,Puerto Montt,2026-08-01T15:10:00,6.24
CUR019,2026-08-01T17:29:00,LW,3.444,Puerto Montt,2026-08-01T21:31:00,1.4
CUR019,2026-08-01T23:24:00,HW,10.9061,Puerto Montt,2026-08-02T03:34:00,5.71
CUR019,2026-08-02T05:36:00,LW,4.1574,Puerto Montt,2026-08-02T09:38:00,1.69
CUR019,2026-08-02T11:32:00,HW,11.5555,Puerto Montt,2026-08-02T15:42:00,6.05
CUR019,2026-08-02T18:00:00,LW,3.7884,Puerto Montt,2026-08-02T22:02:00,1.54
CUR019,2026-08-02T23:57:00,HW,10.7915,Puerto Montt,2026-08-03T04:07:00,5.65
CUR019,2026-08-03T06:12:00,LW,4.5264,Puerto Montt,2026-08-03T10:14:00,1.84
CUR019,2026-08-03T12:07:00,HW,11.0589,Puerto Montt,2026-08-03T16:17:00,5.79
CUR019,2026-08-03T18:33:00,LW,4.305,Puerto Montt,2026-08-03T22:35:00,1.75
CUR019,2026-08-04T00:35:00,HW,10.6387,Puerto Montt,2026-08-04T04:45:00,5.57
CUR019,2026-08-04T06:53:00,LW,5.0676,Puerto Montt,2026-08-04T10:55:00,2.06
CUR019,2026-08-04T12:47:00,HW,10.4477,Puerto Montt,2026-08-04T16:57:00,5.47
CUR019,2026-08-04T19:11:00,LW,4.9446,Puerto Montt,2026-08-04T23:13:00,2.01
CUR019,2026-08-05T01:19:00,HW,10.4095,Puerto Montt,2026-08-05T05:29:00,5.45
CUR019,2026-08-05T07:43:00,LW,5.7072,Puerto Montt,2026-08-05T11:45:00,2.32
CUR019,2026-08-05T13:37:00,HW,9.7601,Puerto Montt,2026-08-05T17:47:00,5.11
CUR019,2026-08-05T19:59:00,LW,5.7072,Puerto Montt,2026-08-06T00:01:00,2.32
CUR019,2026-08-06T02:17:00,HW,10.1612,Puerto Montt,2026-08-06T06:27:00,5.32
CUR019,2026-08-06T08:50:00,LW,6.3222,Puerto Montt,2026-08-06T12:52:00,2.57
CUR019,2026-08-06T14:47:00,HW,9.0916,Puerto Montt,2026-08-06T18:57:00,4.76
CUR019,2026-08-06T21:07:00,LW,6.4452,Puerto Montt,2026-08-07T01:09:00,2.62
CUR019,2026-08-07T03:36:00,HW,10.0275,Puerto Montt,2026-08-07T07:46:00,5.25
CUR019,2026-08-07T10:27:00,LW,6.5436,Puerto Montt,2026-08-07T14:29:00,2.66
CUR019,2026-08-07T16:30:00,HW,8.8051,Puerto Montt,2026-08-07T20:40:00,4.61
CUR019,2026-08-07T22:44:00,LW,6.765,Puerto Montt,2026-08-08T02:46:00,2.75
CUR019,2026-08-08T05:10:00,HW,10.2949,Puerto Montt,2026-08-08T09:20:00,5.39
CUR019,2026-08-08T12:10:00,LW,5.8794,Puerto Montt,2026-08-08T16:12:00,2.39
CUR019,2026-08-08T18:13:00,HW,9.2253,Puerto Montt,2026-08-08T22:23:00,4.83
CUR019,2026-08-09T00:19:00,LW,6.2238,Puerto Montt,2026-08-09T04:21:00,2.53
CUR019,2026-08-09T06:33:00,HW,11.078,Puerto Montt,2026-08-09T10:43:00,5.8
CUR019,2026-08-09T13:25:00,LW,4.551,Puerto Montt,2026-08-09T17:27:00,1.85
CUR019,2026-08-09T19:26:00,HW,10.123,Puerto Montt,2026-08-09T23:36:00,5.3
CUR019,2026-08-10T01:31:00,LW,5.0676,Puerto Montt,2026-08-10T05:33:00,2.06
CUR019,2026-08-10T07:38:00,HW,12.0903,Puerto Montt,2026-08-10T11:48:00,6.33
CUR019,2026-08-10T14:21:00,LW,3.1242,Puerto Montt,2026-08-10T18:23:00,1.27
CUR019,2026-08-10T20:20:00,HW,11.0971,Puerto Montt,2026-08-11T00:30:00,5.81
CUR019,2026-08-11T02:26:00,LW,3.7392,Puerto Montt,2026-08-11T06:28:00,1.52
CUR019,2026-08-11T08:30:00,HW,13.0644,Puerto Montt,2026-08-11T12:40:00,6.84
CUR019,2026-08-11T15:08:00,LW,1.8696,Puerto Montt,2026-08-11T19:10:00,0.76
CUR019,2026-08-11T21:06:00,HW,11.9375,Puerto Montt,2026-08-12T01:16:00,6.25
CUR019,2026-08-12T03:14:00,LW,2.583,Puerto Montt,2026-08-12T07:16:00,1.05
CUR019,2026-08-12T09:16:00,HW,13.7711,Puerto Montt,2026-08-12T13:26:00,7.21
CUR019,2026-08-12T15:50:00,LW,1.0332,Puerto Montt,2026-08-12T19:52:00,0.42
CUR019,2026-08-12T21:47:00,HW,12.5296,Puerto Montt,2026-08-13T01:57:00,6.56
CUR019,2026-08-13T03:57:00,LW,1.7958,Puerto Montt,2026-08-13T07:59:00,0.73
CUR019,2026-08-13T09:57:00,HW,14.0767,Puerto Montt,2026-08-13T14:07:00,7.37
CUR019,2026-08-13T16:29:00,LW,0.7134,Puerto Montt,2026-08-13T20:31:00,0.29
CUR019,2026-08-13T22:25:00,HW,12.7779,Puerto Montt,2026-08-14T02:35:00,6.69
CUR019,2026-08-14T04:37:00,LW,1.5252,Puerto Montt,2026-08-14T08:39:00,0.62
CUR019,2026-08-14T10:36:00,HW,13.9239,Puerto Montt,2026-08-14T14:46:00,7.29
CUR019,2026-08-14T17:05:00,LW,0.9348,Puerto Montt,2026-08-14T21:07:00,0.38
CUR019,2026-08-14T23:00:00,HW,12.7015,Puerto Montt,2026-08-15T03:10:00,6.65
CUR019,2026-08-15T05:14:00,LW,1.7958,Puerto Montt,2026-08-15T09:16:00,0.73
CUR019,2026-08-15T11:12:00,HW,13.3318,Puerto Montt,2026-08-15T15:22:00,6.98
CUR019,2026-08-15T17:38:00,LW,1.6728,Puerto Montt,2026-08-15T21:40:00,0.68
CUR019,2026-08-15T23:35:00,HW,12.3195,Puerto Montt,2026-08-16T03:45:00,6.45
CUR019,2026-08-16T05:50:00,LW,2.5584,Puerto Montt,2026-08-16T09:52:00,1.04
CUR019,2026-08-16T11:46:00,HW,12.4341,Puerto Montt,2026-08-16T15:56:00,6.51
CUR019,2026-08-16T18:09:00,LW,2.7306,Puerto Montt,2026-08-16T22:11:00,1.11
CUR019,2026-08-17T00:08:00,HW,11.7083,Puerto Montt,2026-08-17T04:18:00,6.13
CUR019,2026-08-17T06:25:00,LW,3.6654,Puerto Montt,2026-08-17T10:27:00,1.49
CUR019,2026-08-17T12:19:00,HW,11.3263,Puerto Montt,2026-08-17T16:29:00,5.93
CUR019,2026-08-17T18:39:00,LW,4.0344,Puerto Montt,2026-08-17T22:41:00,1.64
CUR019,2026-08-18T00:41:00,HW,10.9443,Puerto Montt,2026-08-18T04:51:00,5.73
CUR019,2026-08-18T07:01:00,LW,4.9938,Puerto Montt,2026-08-18T11:03:00,2.03
CUR019,2026-08-18T12:54:00,HW,10.1612,Puerto Montt,2026-08-18T17:04:00,5.32
CUR019,2026-08-18T19:09:00,LW,5.4366,Puerto Montt,2026-08-18T23:11:00,2.21
CUR019,2026-08-19T01:18:00,HW,10.1421,Puerto Montt,2026-08-19T05:28:00,5.31
CUR019,2026-08-19T07:44:00,LW,6.3468,Puerto Montt,2026-08-19T11:46:00,2.58
CUR019,2026-08-19T13:35:00,HW,9.0152,Puerto Montt,2026-08-19T17:45:00,4.72
CUR019,2026-08-19T19:44:00,LW,6.7896,Puerto Montt,2026-08-19T23:46:00,2.76
CUR019,2026-08-20T02:09:00,HW,9.359,Puerto Montt,2026-08-20T06:19:00,4.9
CUR019,2026-08-20T08:53:00,LW,7.5276,Puerto Montt,2026-08-20T12:55:00,3.06
CUR019,2026-08-20T14:49:00,HW,8.0602,Puerto Montt,2026-08-20T18:59:00,4.22
CUR019,2026-08-20T20:48:00,LW,7.9704,Puerto Montt,2026-08-21T00:50:00,3.24
CUR019,2026-08-21T03:46:00,HW,8.8433,Puerto Montt,2026-08-21T07:56:00,4.63
CUR019,2026-08-21T11:21:00,LW,7.8474,Puerto Montt,2026-08-21T15:23:00,3.19
CUR019,2026-08-21T17:25:00,HW,7.8501,Puerto Montt,2026-08-21T21:35:00,4.11
CUR019,2026-08-21T23:21:00,LW,8.3148,Puerto Montt,2026-08-22T03:23:00,3.38
CUR019,2026-08-22T05:47:00,HW,9.0725,Puerto Montt,2026-08-22T09:57:00,4.75
CUR019,2026-08-22T12:58:00,LW,7.011,Puerto Montt,2026-08-22T17:00:00,2.85
CUR019,2026-08-22T18:55:00,HW,8.4995,Puerto Montt,2026-08-22T23:05:00,4.45
CUR019,2026-08-23T00:48:00,LW,7.5276,Puerto Montt,2026-08-23T04:50:00,3.06
CUR019,2026-08-23T06:54:00,HW,9.7983,Puerto Montt,2026-08-23T11:04:00,5.13
CUR019,2026-08-23T13:42:00,LW,5.9532,Puerto Montt,2026-08-23T17:44:00,2.42
CUR019,2026-08-23T19:37:00,HW,9.2826,Puerto Montt,2026-08-23T23:47:00,4.86
CUR019,2026-08-24T01:34:00,LW,6.4944,Puerto Montt,2026-08-24T05:36:00,2.64
CUR019,2026-08-24T07:36:00,HW,10.5814,Puerto Montt,2026-08-24T11:46:00,5.54
CUR019,2026-08-24T14:14:00,LW,4.9692,Puerto Montt,2026-08-24T18:16:00,2.02
CUR019,2026-08-24T20:08:00,HW,9.9893,Puerto Montt,2026-08-25T00:18:00,5.23
CUR019,2026-08-25T02:08:00,LW,5.4612,Puerto Montt,2026-08-25T06:10:00,2.22
CUR019,2026-08-25T08:08:00,HW,11.3072,Puerto Montt,2026-08-25T12:18:00,5.92
CUR019,2026-08-25T14:42:00,LW,4.059,Puerto Montt,2026-08-25T18:44:00,1.65
CUR019,2026-08-25T20:36:00,HW,10.6387,Puerto Montt,2026-08-26T00:46:00,5.57
CUR019,2026-08-26T02:39:00,LW,4.5264,Puerto Montt,2026-08-26T06:41:00,1.84
CUR019,2026-08-26T08:38:00,HW,11.8993,Puerto Montt,2026-08-26T12:48:00,6.23
CUR019,2026-08-26T15:09:00,LW,3.2964,Puerto Montt,2026-08-26T19:11:00,1.34
CUR019,2026-08-26T21:03:00,HW,11.1544,Puerto Montt,2026-08-27T01:13:00,5.84
CUR019,2026-08-27T03:09:00,LW,3.7146,Puerto Montt,2026-08-27T07:11:00,1.51
CUR019,2026-08-27T09:08:00,HW,12.3386,Puerto Montt,2026-08-27T13:18:00,6.46
CUR019,2026-08-27T15:36:00,LW,2.7552,Puerto Montt,2026-08-27T19:38:00,1.12
CUR019,2026-08-27T21:30:00,HW,11.5555,Puerto Montt,2026-08-28T01:40:00,6.05
CUR019,2026-08-28T03:40:00,LW,3.1488,Puerto Montt,2026-08-28T07:42:00,1.28
CUR019,2026-08-28T09:37:00,HW,12.5678,Puerto Montt,2026-08-28T13:47:00,6.58
CUR019,2026-08-28T16:04:00,LW,2.4354,Puerto Montt,2026-08-28T20:06:00,0.99
CUR019,2026-08-28T21:59:00,HW,11.8038,Puerto Montt,2026-08-29T02:09:00,6.18
CUR019,2026-08-29T04:11:00,LW,2.8536,Puerto Montt,2026-08-29T08:13:00,1.16
CUR019,2026-08-29T10:08:00,HW,12.5678,Puerto Montt,2026-08-29T14:18:00,6.58
CUR019,2026-08-29T16:33:00,LW,2.4354,Puerto Montt,2026-08-29T20:35:00,0.99
CUR019,2026-08-29T22:28:00,HW,11.9375,Puerto Montt,2026-08-30T02:38:00,6.25
CUR019,2026-08-30T04:43:00,LW,2.829,Puerto Montt,2026-08-30T08:45:00,1.15
CUR019,2026-08-30T10:39:00,HW,12.3386,Puerto Montt,2026-08-30T14:49:00,6.46
CUR019,2026-08-30T17:02:00,LW,2.6814,Puerto Montt,2026-08-30T21:04:00,1.09
CUR019,2026-08-30T22:58:00,HW,11.9184,Puerto Montt,2026-08-31T03:08:00,6.24
CUR019,2026-08-31T05:17:00,LW,3.1242,Puerto Montt,2026-08-31T09:19:00,1.27
CUR019,2026-08-31T11:11:00,HW,11.8802,Puerto Montt,2026-08-31T15:21:00,6.22
CUR019,2026-08-31T17:32:00,LW,3.2226,Puerto Montt,2026-08-31T21:34:00,1.31
CUR019,2026-08-31T23:31:00,HW,11.7465,Puerto Montt,2026-09-01T03:41:00,6.15
CUR019,2026-09-01T05:53:00,LW,3.6654,Puerto Montt,2026-09-01T09:55:00,1.49
CUR019,2026-09-01T11:46:00,HW,11.2308,Puerto Montt,2026-09-01T15:56:00,5.88
CUR019,2026-09-01T18:05:00,LW,3.9852,Puerto Montt,2026-09-01T22:07:00,1.62
CUR019,2026-09-02T00:07:00,HW,11.4218,Puerto Montt,2026-09-02T04:17:00,5.98
CUR019,2026-09-02T06:33:00,LW,4.4526,Puerto Montt,2026-09-02T10:35:00,1.81
CUR019,2026-09-02T12:26:00,HW,10.4477,Puerto Montt,2026-09-02T16:36:00,5.47
CUR019,2026-09-02T18:42:00,LW,4.9446,Puerto Montt,2026-09-02T22:44:00,2.01
CUR019,2026-09-03T00:50:00,HW,10.9252,Puerto Montt,2026-09-03T05:00:00,5.72
CUR019,2026-09-03T07:23:00,LW,5.3874,Puerto Montt,2026-09-03T11:25:00,2.19
CUR019,2026-09-03T13:16:00,HW,9.5882,Puerto Montt,2026-09-03T17:26:00,5.02
CUR019,2026-09-03T19:29:00,LW,6.0024,Puerto Montt,2026-09-03T23:31:00,2.44
CUR019,2026-09-04T01:49:00,HW,10.3522,Puerto Montt,2026-09-04T05:59:00,5.42
CUR019,2026-09-04T08:33:00,LW,6.2976,Puerto Montt,2026-09-04T12:35:00,2.56
CUR019,2026-09-04T14:34:00,HW,8.786,Puerto Montt,2026-09-04T18:44:00,4.6
CUR019,2026-09-04T20:45:00,LW,7.011,Puerto Montt,2026-09-05T00:47:00,2.85
CUR019,2026-09-05T03:18:00,HW,9.9129,Puerto Montt,2026-09-05T07:28:00,5.19
CUR019,2026-09-05T10:26:00,LW,6.5928,Puerto Montt,2026-09-05T14:28:00,2.68
CUR019,2026-09-05T16:39:00,HW,8.6141,Puerto Montt,2026-09-05T20:49:00,4.51
CUR019,2026-09-05T22:45:00,LW,7.2324,Puerto Montt,2026-09-06T02:47:00,2.94
CUR019,2026-09-06T05:08:00,HW,10.1421,Puerto Montt,2026-09-06T09:18:00,5.31
CUR019,2026-09-06T12:12:00,LW,5.6826,Puerto Montt,2026-09-06T16:14:00,2.31
CUR019,2026-09-06T18:19:00,HW,9.359,Puerto Montt,2026-09-06T22:29:00,4.9
CUR019,2026-09-07T00:23:00,LW,6.2238,Puerto Montt,2026-09-07T04:25:00,2.53
CUR019,2026-09-07T06:31:00,HW,11.0589,Puerto Montt,2026-09-07T10:41:00,5.79
CUR019,2026-09-07T13:18:00,LW,4.2066,Puerto Montt,2026-09-07T17:20:00,1.71
CUR019,2026-09-07T19:20:00,HW,10.4477,Puerto Montt,2026-09-07T23:30:00,5.47
CUR019,2026-09-08T01:26:00,LW,4.6986,Puerto Montt,2026-09-08T05:28:00,1.91
CUR019,2026-09-08T07:29:00,HW,12.1476,Puerto Montt,2026-09-08T11:39:00,6.36
CUR019,2026-09-08T14:07:00,LW,2.7552,Puerto Montt,2026-09-08T18:09:00,1.12
CUR019,2026-09-08T20:06:00,HW,11.5173,Puerto Montt,2026-09-09T00:16:00,6.03
CUR019,2026-09-09T02:15:00,LW,3.198,Puerto Montt,2026-09-09T06:17:00,1.3
CUR019,2026-09-09T08:16:00,HW,13.0835,Puerto Montt,2026-09-09T12:26:00,6.85
CUR019,2026-09-09T14:48:00,LW,1.6236,Puerto Montt,2026-09-09T18:50:00,0.66
CUR019,2026-09-09T20:45:00,HW,12.3577,Puerto Montt,2026-09-10T00:55:00,6.47
CUR019,2026-09-10T02:57:00,LW,2.0418,Puerto Montt,2026-09-10T06:59:00,0.83
CUR019,2026-09-10T08:57:00,HW,13.6565,Puerto Montt,2026-09-10T13:07:00,7.15
CUR019,2026-09-10T15:25:00,LW,0.9594,Puerto Montt,2026-09-10T19:27:00,0.39
CUR019,2026-09-10T21:22:00,HW,12.8925,Puerto Montt,2026-09-11T01:32:00,6.75
CUR019,2026-09-11T03:36:00,LW,1.3776,Puerto Montt,2026-09-11T07:38:00,0.56
CUR019,2026-09-11T09:34:00,HW,13.7902,Puerto Montt,2026-09-11T13:44:00,7.22
CUR019,2026-09-11T16:00:00,LW,0.8856,Puerto Montt,2026-09-11T20:02:00,0.36
CUR019,2026-09-11T21:56:00,HW,13.0644,Puerto Montt,2026-09-12T02:06:00,6.84
CUR019,2026-09-12T04:12:00,LW,1.3038,Puerto Montt,2026-09-12T08:14:00,0.53
CUR019,2026-09-12T10:09:00,HW,13.4655,Puerto Montt,2026-09-12T14:19:00,7.05
CUR019,2026-09-12T16:31:00,LW,1.3284,Puerto Montt,2026-09-12T20:33:00,0.54
CUR019,2026-09-12T22:28:00,HW,12.9116,Puerto Montt,2026-09-13T02:38:00,6.76
CUR019,2026-09-13T04:46:00,LW,1.7958,Puerto Montt,2026-09-13T08:48:00,0.73
CUR019,2026-09-13T10:42:00,HW,12.797,Puerto Montt,2026-09-13T14:52:00,6.7
CUR019,2026-09-13T17:00:00,LW,2.1894,Puerto Montt,2026-09-13T21:02:00,0.89
CUR019,2026-09-13T22:58:00,HW,12.4532,Puerto Montt,2026-09-14T03:08:00,6.52
CUR019,2026-09-14T05:19:00,LW,2.706,Puerto Montt,2026-09-14T09:21:00,1.1
CUR019,2026-09-14T11:12:00,HW,11.8611,Puerto Montt,2026-09-14T15:22:00,6.21
CUR019,2026-09-14T17:27:00,LW,3.3456,Puerto Montt,2026-09-14T21:29:00,1.36
CUR019,2026-09-14T23:26:00,HW,11.8038,Puerto Montt,2026-09-15T03:36:00,6.18
CUR019,2026-09-15T05:49:00,LW,3.8868,Puerto Montt,2026-09-15T09:51:00,1.58
CUR019,2026-09-15T11:41:00,HW,10.8297,Puerto Montt,2026-09-15T15:51:00,5.67
CUR019,2026-09-15T17:51:00,LW,4.6248,Puerto Montt,2026-09-15T21:53:00,1.88
CUR019,2026-09-15T23:54:00,HW,11.0207,Puerto Montt,2026-09-16T04:04:00,5.77
CUR019,2026-09-16T06:20:00,LW,5.1906,Puerto Montt,2026-09-16T10:22:00,2.11
CUR019,2026-09-16T12:10:00,HW,9.7601,Puerto Montt,2026-09-16T16:20:00,5.11
CUR019,2026-09-16T18:14:00,LW,5.9286,Puerto Montt,2026-09-16T22:16:00,2.41
CUR019,2026-09-17T00:23:00,HW,10.1803,Puerto Montt,2026-09-17T04:33:00,5.33
CUR019,2026-09-17T06:54:00,LW,6.4944,Puerto Montt,2026-09-17T10:56:00,2.64
CUR019,2026-09-17T12:44:00,HW,8.7287,Puerto Montt,2026-09-17T16:54:00,4.57
CUR019,2026-09-17T18:40:00,LW,7.1586,Puerto Montt,2026-09-17T22:42:00,2.91
CUR019,2026-09-18T01:01:00,HW,9.3208,Puerto Montt,2026-09-18T05:11:00,4.88
CUR019,2026-09-18T07:49:00,LW,7.6752,Puerto Montt,2026-09-18T11:51:00,3.12
CUR019,2026-09-18T13:45:00,HW,7.8119,Puerto Montt,2026-09-18T17:55:00,4.09
CUR019,2026-09-18T19:24:00,LW,8.3148,Puerto Montt,2026-09-18T23:26:00,3.38
CUR019,2026-09-19T02:27:00,HW,8.595,Puerto Montt,2026-09-19T06:37:00,4.5
CUR019,2026-09-19T10:43:00,LW,8.1672,Puerto Montt,2026-09-19T14:45:00,3.32
CUR019,2026-09-19T17:04:00,HW,7.64,Puerto Montt,2026-09-19T21:14:00,4.0
CUR019,2026-09-19T22:45:00,LW,8.8068,Puerto Montt,2026-09-20T02:47:00,3.58
CUR019,2026-09-20T05:09:00,HW,8.6905,Puerto Montt,2026-09-20T09:19:00,4.55
CUR019,2026-09-20T12:27:00,LW,7.257,Puerto Montt,2026-09-20T16:29:00,2.95
CUR019,2026-09-20T18:29:00,HW,8.404,Puerto Montt,2026-09-20T22:39:00,4.4
CUR019,2026-09-21T00:22:00,LW,7.8228,Puerto Montt,2026-09-21T04:24:00,3.18
CUR019,2026-09-21T06:21:00,HW,9.4354,Puerto Montt,2026-09-21T10:31:00,4.94
CUR019,2026-09-21T13:08:00,LW,6.1254,Puerto Montt,2026-09-21T17:10:00,2.49
CUR019,2026-09-21T19:05:00,HW,9.2444,Puerto Montt,2026-09-21T23:15:00,4.84
CUR019,2026-09-22T01:05:00,LW,6.5928,Puerto Montt,2026-09-22T05:07:00,2.68
CUR019,2026-09-22T07:02:00,HW,10.2949,Puerto Montt,2026-09-22T11:12:00,5.39
CUR019,2026-09-22T13:38:00,LW,5.0184,Puerto Montt,2026-09-22T17:40:00,2.04
CUR019,2026-09-22T19:33:00,HW,10.0848,Puerto Montt,2026-09-22T23:43:00,5.28
CUR019,2026-09-23T01:38:00,LW,5.3382,Puerto Montt,2026-09-23T05:40:00,2.17
CUR019,2026-09-23T07:35:00,HW,11.1162,Puerto Montt,2026-09-23T11:45:00,5.82
CUR019,2026-09-23T14:05:00,LW,3.9606,Puerto Montt,2026-09-23T18:07:00,1.61
CUR019,2026-09-23T20:01:00,HW,10.8679,Puerto Montt,2026-09-24T00:11:00,5.69
CUR019,2026-09-24T02:10:00,LW,4.2066,Puerto Montt,2026-09-24T06:12:00,1.71
CUR019,2026-09-24T08:06:00,HW,11.8229,Puerto Montt,2026-09-24T12:16:00,6.19
CUR019,2026-09-24T14:33:00,LW,3.075,Puerto Montt,2026-09-24T18:35:00,1.25
CUR019,2026-09-24T20:29:00,HW,11.5555,Puerto Montt,2026-09-25T00:39:00,6.05
CUR019,2026-09-25T02:41:00,LW,3.2226,Puerto Montt,2026-09-25T06:43:00,1.31
CUR019,2026-09-25T08:38:00,HW,12.3386,Puerto Montt,2026-09-25T12:48:00,6.46
CUR019,2026-09-25T15:02:00,LW,2.4108,Puerto Montt,2026-09-25T19:04:00,0.98
CUR019,2026-09-25T20:58:00,HW,12.1476,Puerto Montt,2026-09-26T01:08:00,6.36
CUR019,2026-09-26T03:14:00,LW,2.5092,Puerto Montt,2026-09-26T07:16:00,1.02
CUR019,2026-09-26T09:10:00,HW,12.6442,Puerto Montt,2026-09-26T13:20:00,6.62
CUR019,2026-09-26T15:31:00,LW,2.0664,Puerto Montt,2026-09-26T19:33:00,0.84
CUR019,2026-09-26T21:29:00,HW,12.5487,Puerto Montt,2026-09-27T01:39:00,6.57
CUR019,2026-09-27T03:48:00,LW,2.1156,Puerto Montt,2026-09-27T07:50:00,0.86
CUR019,2026-09-27T09:43:00,HW,12.6442,Puerto Montt,2026-09-27T13:53:00,6.62
CUR019,2026-09-27T16:02:00,LW,2.091,Puerto Montt,2026-09-27T20:04:00,0.85
CUR019,2026-09-27T22:00:00,HW,12.7588,Puerto Montt,2026-09-28T02:10:00,6.68
CUR019,2026-09-28T04:23:00,LW,2.1156,Puerto Montt,2026-09-28T08:25:00,0.86
CUR019,2026-09-28T10:17:00,HW,12.3768,Puerto Montt,2026-09-28T14:27:00,6.48
CUR019,2026-09-28T16:34:00,LW,2.46,Puerto Montt,2026-09-28T20:36:00,1.0
CUR019,2026-09-28T22:34:00,HW,12.7397,Puerto Montt,2026-09-29T02:44:00,6.67
CUR019,2026-09-29T05:00:00,LW,2.46,Puerto Montt,2026-09-29T09:02:00,1.0
CUR019,2026-09-29T10:54:00,HW,11.8611,Puerto Montt,2026-09-29T15:04:00,6.21
CUR019,2026-09-29T17:08:00,LW,3.1488,Puerto Montt,2026-09-29T21:10:00,1.28
CUR019,2026-09-29T23:09:00,HW,12.4532,Puerto Montt,2026-09-30T03:19:00,6.52
CUR019,2026-09-30T05:39:00,LW,3.1488,Puerto Montt,2026-09-30T09:41:00,1.28
CUR019,2026-09-30T11:33:00,HW,11.1353,Puerto Montt,2026-09-30T15:43:00,5.83
CUR019,2026-09-30T17:44:00,LW,4.0836,Puerto Montt,2026-09-30T21:46:00,1.66
CUR019,2026-09-30T23:49:00,HW,11.9375,Puerto Montt,2026-10-01T03:59:00,6.25
CUR019,2026-10-01T06:24:00,LW,4.1082,Puerto Montt,2026-10-01T10:26:00,1.67
CUR019,2026-10-01T12:18:00,HW,10.2758,Puerto Montt,2026-10-01T16:28:00,5.38
CUR019,2026-10-01T18:26:00,LW,5.1906,Puerto Montt,2026-10-01T22:28:00,2.11
CUR019,2026-10-02T00:37:00,HW,11.2308,Puerto Montt,2026-10-02T04:47:00,5.88
CUR019,2026-10-02T07:20:00,LW,5.166,Puerto Montt,2026-10-02T11:22:00,2.1
CUR019,2026-10-02T13:18:00,HW,9.3972,Puerto Montt,2026-10-02T17:28:00,4.92
CUR019,2026-10-02T19:23:00,LW,6.3468,Puerto Montt,2026-10-02T23:25:00,2.58
CUR019,2026-10-03T01:44:00,HW,10.4668,Puerto Montt,2026-10-03T05:54:00,5.48
CUR019,2026-10-03T08:40:00,LW,5.9778,Puerto Montt,2026-10-03T12:42:00,2.43
CUR019,2026-10-03T14:51:00,HW,8.8051,Puerto Montt,2026-10-03T19:01:00,4.61
CUR019,2026-10-03T20:55:00,LW,7.134,Puerto Montt,2026-10-04T00:57:00,2.9
CUR019,2026-10-04T03:20:00,HW,10.0466,Puerto Montt,2026-10-04T07:30:00,5.26
CUR019,2026-10-04T10:27:00,LW,5.9778,Puerto Montt,2026-10-04T14:29:00,2.43
CUR019,2026-10-04T16:44:00,HW,9.0152,Puerto Montt,2026-10-04T20:54:00,4.72
CUR019,2026-10-04T22:49:00,LW,6.8634,Puerto Montt,2026-10-05T02:51:00,2.79
CUR019,2026-10-05T05:00:00,HW,10.3713,Puerto Montt,2026-10-05T09:10:00,5.43
CUR019,2026-10-05T11:54:00,LW,5.043,Puerto Montt,2026-10-05T15:56:00,2.05
CUR019,2026-10-05T18:03:00,HW,9.8747,Puerto Montt,2026-10-05T22:13:00,5.17
CUR019,2026-10-06T00:10:00,LW,5.658,Puerto Montt,2026-10-06T04:12:00,2.3
CUR019,2026-10-06T06:13:00,HW,11.1735,Puerto Montt,2026-10-06T10:23:00,5.85
CUR019,2026-10-06T12:53:00,LW,3.7884,Puerto Montt,2026-10-06T16:55:00,1.54
CUR019,2026-10-06T18:56:00,HW,10.887,Puerto Montt,2026-10-06T23:06:00,5.7
CUR019,2026-10-07T01:07:00,LW,4.2312,Puerto Montt,2026-10-07T05:09:00,1.72
CUR019,2026-10-07T07:07:00,HW,12.033,Puerto Montt,2026-10-07T11:17:00,6.3
CUR019,2026-10-07T13:39:00,LW,2.6814,Puerto Montt,2026-10-07T17:41:00,1.09
CUR019,2026-10-07T19:39:00,HW,11.8038,Puerto Montt,2026-10-07T23:49:00,6.18
CUR019,2026-10-08T01:53:00,LW,2.952,Puerto Montt,2026-10-08T05:55:00,1.2
CUR019,2026-10-08T07:51:00,HW,12.6824,Puerto Montt,2026-10-08T12:01:00,6.64
CUR019,2026-10-08T14:18:00,LW,1.8942,Puerto Montt,2026-10-08T18:20:00,0.77
CUR019,2026-10-08T20:17:00,HW,12.4914,Puerto Montt,2026-10-09T00:27:00,6.54
CUR019,2026-10-09T02:34:00,LW,2.0664,Puerto Montt,2026-10-09T06:36:00,0.84
CUR019,2026-10-09T08:31:00,HW,13.0071,Puerto Montt,2026-10-09T12:41:00,6.81
CUR019,2026-10-09T14:54:00,LW,1.5744,Puerto Montt,2026-10-09T18:56:00,0.64
CUR019,2026-10-09T20:52:00,HW,12.8925,Puerto Montt,2026-10-10T01:02:00,6.75
CUR019,2026-10-10T03:12:00,LW,1.6974,Puerto Montt,2026-10-10T07:14:00,0.69
CUR019,2026-10-10T09:08:00,HW,12.9307,Puerto Montt,2026-10-10T13:18:00,6.77
CUR019,2026-10-10T15:27:00,LW,1.7466,Puerto Montt,2026-10-10T19:29:00,0.71
CUR019,2026-10-10T21:25:00,HW,12.988,Puerto Montt,2026-10-11T01:35:00,6.8
CUR019,2026-10-11T03:48:00,LW,1.8204,Puerto Montt,2026-10-11T07:50:00,0.74
CUR019,2026-10-11T09:42:00,HW,12.5296,Puerto Montt,2026-10-11T13:52:00,6.56
CUR019,2026-10-11T15:57:00,LW,2.3124,Puerto Montt,2026-10-11T19:59:00,0.94
CUR019,2026-10-11T21:56:00,HW,12.7779,Puerto Montt,2026-10-12T02:06:00,6.69
CUR019,2026-10-12T04:21:00,LW,2.3862,Puerto Montt,2026-10-12T08:23:00,0.97
CUR019,2026-10-12T10:14:00,HW,11.8802,Puerto Montt,2026-10-12T14:24:00,6.22
CUR019,2026-10-12T16:24:00,LW,3.1734,Puerto Montt,2026-10-12T20:26:00,1.29
CUR019,2026-10-12T22:24:00,HW,12.3195,Puerto Montt,2026-10-13T02:34:00,6.45
CUR019,2026-10-13T04:51:00,LW,3.2718,Puerto Montt,2026-10-13T08:53:00,1.33
CUR019,2026-10-13T10:43:00,HW,11.0971,Puerto Montt,2026-10-13T14:53:00,5.81
CUR019,2026-10-13T16:49:00,LW,4.2066,Puerto Montt,2026-10-13T20:51:00,1.71
CUR019,2026-10-13T22:51:00,HW,11.7083,Puerto Montt,2026-10-14T03:01:00,6.13
CUR019,2026-10-14T05:21:00,LW,4.305,Puerto Montt,2026-10-14T09:23:00,1.75
CUR019,2026-10-14T11:12:00,HW,10.2567,Puerto Montt,2026-10-14T15:22:00,5.37
CUR019,2026-10-14T17:13:00,LW,5.2644,Puerto Montt,2026-10-14T21:15:00,2.14
CUR019,2026-10-14T23:17:00,HW,11.0207,Puerto Montt,2026-10-15T03:27:00,5.77
CUR019,2026-10-15T05:50:00,LW,5.3874,Puerto Montt,2026-10-15T09:52:00,2.19
CUR019,2026-10-15T11:41:00,HW,9.4163,Puerto Montt,2026-10-15T15:51:00,4.93
CUR019,2026-10-15T17:36:00,LW,6.2976,Puerto Montt,2026-10-15T21:38:00,2.56
CUR019,2026-10-15T23:46:00,HW,10.2567,Puerto Montt,2026-10-16T03:56:00,5.37
CUR019,2026-10-16T06:24:00,LW,6.4452,Puerto Montt,2026-10-16T10:26:00,2.62
CUR019,2026-10-16T12:16:00,HW,8.6332,Puerto Montt,2026-10-16T16:26:00,4.52
CUR019,2026-10-16T18:05:00,LW,7.2816,Puerto Montt,2026-10-16T22:07:00,2.96
CUR019,2026-10-17T00:22:00,HW,9.4927,Puerto Montt,2026-10-17T04:32:00,4.97
CUR019,2026-10-17T07:14:00,LW,7.3554,Puerto Montt,2026-10-17T11:16:00,2.99
CUR019,2026-10-17T13:15:00,HW,7.9456,Puerto Montt,2026-10-17T17:25:00,4.16
CUR019,2026-10-17T18:53:00,LW,8.2164,Puerto Montt,2026-10-17T22:55:00,3.34
CUR019,2026-10-18T01:30:00,HW,8.8051,Puerto Montt,2026-10-18T05:40:00,4.61
CUR019,2026-10-18T09:10:00,LW,7.872,Puerto Montt,2026-10-18T13:12:00,3.2
CUR019,2026-10-18T15:45:00,HW,7.7164,Puerto Montt,2026-10-18T19:55:00,4.04
CUR019,2026-10-18T21:13:00,LW,8.7084,Puerto Montt,2026-10-19T01:15:00,3.54
CUR019,2026-10-19T03:47:00,HW,8.595,Puerto Montt,2026-10-19T07:57:00,4.5
CUR019,2026-10-19T11:14:00,LW,7.3554,Puerto Montt,2026-10-19T15:16:00,2.99
CUR019,2026-10-19T17:26:00,HW,8.2894,Puerto Montt,2026-10-19T21:36:00,4.34
CUR019,2026-10-19T23:21:00,LW,7.9704,Puerto Montt,2026-10-20T03:23:00,3.24
CUR019,2026-10-20T05:19:00,HW,9.1298,Puerto Montt,2026-10-20T09:29:00,4.78
CUR019,2026-10-20T12:09:00,LW,6.3468,Puerto Montt,2026-10-20T16:11:00,2.58
CUR019,2026-10-20T18:12:00,HW,9.1107,Puerto Montt,2026-10-20T22:22:00,4.77
CUR019,2026-10-21T00:16:00,LW,6.7896,Puerto Montt,2026-10-21T04:18:00,2.76
CUR019,2026-10-21T06:11:00,HW,9.8938,Puerto Montt,2026-10-21T10:21:00,5.18
CUR019,2026-10-21T12:46:00,LW,5.2644,Puerto Montt,2026-10-21T16:48:00,2.14
CUR019,2026-10-21T18:47:00,HW,10.0084,Puerto Montt,2026-10-21T22:57:00,5.24
CUR019,2026-10-22T00:57:00,LW,5.5104,Puerto Montt,2026-10-22T04:59:00,2.24
CUR019,2026-10-22T06:51:00,HW,10.6769,Puerto Montt,2026-10-22T11:01:00,5.59
CUR019,2026-10-22T13:19:00,LW,4.2066,Puerto Montt,2026-10-22T17:21:00,1.71
CUR019,2026-10-22T19:18:00,HW,10.9061,Puerto Montt,2026-10-22T23:28:00,5.71
CUR019,2026-10-23T01:33:00,LW,4.305,Puerto Montt,2026-10-23T05:35:00,1.75
CUR019,2026-10-23T07:28:00,HW,11.4027,Puerto Montt,2026-10-23T11:38:00,5.97
CUR019,2026-10-23T13:51:00,LW,3.2964,Puerto Montt,2026-10-23T17:53:00,1.34
CUR019,2026-10-23T19:51:00,HW,11.7656,Puerto Montt,2026-10-24T00:01:00,6.16
CUR019,2026-10-24T02:09:00,LW,3.2226,Puerto Montt,2026-10-24T06:11:00,1.31
CUR019,2026-10-24T08:04:00,HW,11.9566,Puerto Montt,2026-10-24T12:14:00,6.26
CUR019,2026-10-24T14:24:00,LW,2.6322,Puerto Montt,2026-10-24T18:26:00,1.07
CUR019,2026-10-24T20:24:00,HW,12.4723,Puerto Montt,2026-10-25T00:34:00,6.53
CUR019,2026-10-25T02:47:00,LW,2.4108,Puerto Montt,2026-10-25T06:49:00,0.98
CUR019,2026-10-25T08:41:00,HW,12.2813,Puerto Montt,2026-10-25T12:51:00,6.43
CUR019,2026-10-25T14:58:00,LW,2.2878,Puerto Montt,2026-10-25T19:00:00,0.93
CUR019,2026-10-25T20:59:00,HW,13.0071,Puerto Montt,2026-10-26T01:09:00,6.81
CUR019,2026-10-26T03:25:00,LW,1.9434,Puerto Montt,2026-10-26T07:27:00,0.79
CUR019,2026-10-26T09:20:00,HW,12.3386,Puerto Montt,2026-10-26T13:30:00,6.46
CUR019,2026-10-26T15:34:00,LW,2.3124,Puerto Montt,2026-10-26T19:36:00,0.94
CUR019,2026-10-26T21:35:00,HW,13.2554,Puerto Montt,2026-10-27T01:45:00,6.94
CUR019,2026-10-27T04:05:00,LW,1.8696,Puerto Montt,2026-10-27T08:07:00,0.76
CUR019,2026-10-27T10:00:00,HW,12.1094,Puerto Montt,2026-10-27T14:10:00,6.34
CUR019,2026-10-27T16:11:00,LW,2.706,Puerto Montt,2026-10-27T20:13:00,1.1
CUR019,2026-10-27T22:14:00,HW,13.2172,Puerto Montt,2026-10-28T02:24:00,6.92
CUR019,2026-10-28T04:47:00,LW,2.1894,Puerto Montt,2026-10-28T08:49:00,0.89
CUR019,2026-10-28T10:43:00,HW,11.6319,Puerto Montt,2026-10-28T14:53:00,6.09
CUR019,2026-10-28T16:51:00,LW,3.3702,Puerto Montt,2026-10-28T20:53:00,1.37
CUR019,2026-10-28T22:56:00,HW,12.8734,Puerto Montt,2026-10-29T03:06:00,6.74
CUR019,2026-10-29T05:33:00,LW,2.8536,Puerto Montt,2026-10-29T09:35:00,1.16
CUR019,2026-10-29T11:29:00,HW,10.9825,Puerto Montt,2026-10-29T15:39:00,5.75
CUR019,2026-10-29T17:35:00,LW,4.2558,Puerto Montt,2026-10-29T21:37:00,1.73
CUR019,2026-10-29T23:43:00,HW,12.2813,Puerto Montt,2026-10-30T03:53:00,6.43
CUR019,2026-10-30T06:25:00,LW,3.7146,Puerto Montt,2026-10-30T10:27:00,1.51
CUR019,2026-10-30T12:23:00,HW,10.2758,Puerto Montt,2026-10-30T16:33:00,5.38
CUR019,2026-10-30T18:27:00,LW,5.2152,Puerto Montt,2026-10-30T22:29:00,2.12
CUR019,2026-10-31T00:38:00,HW,11.5555,Puerto Montt,2026-10-31T04:48:00,6.05
CUR019,2026-10-31T07:27:00,LW,4.551,Puerto Montt,2026-10-31T11:29:00,1.85
CUR019,2026-10-31T13:30:00,HW,9.6837,Puerto Montt,2026-10-31T17:40:00,5.07
CUR019,2026-10-31T19:34:00,LW,6.0516,Puerto Montt,2026-10-31T23:36:00,2.46
CUR019,2026-11-01T01:47:00,HW,10.887,Puerto Montt,2026-11-01T05:57:00,5.7
CUR019,2026-11-01T08:42:00,LW,5.0676,Puerto Montt,2026-11-01T12:44:00,2.06
CUR019,2026-11-01T14:54:00,HW,9.4163,Puerto Montt,2026-11-01T19:04:00,4.93
CUR019,2026-11-01T20:59:00,LW,6.4206,Puerto Montt,2026-11-02T01:01:00,2.61
CUR019,2026-11-02T03:11:00,HW,10.5241,Puerto Montt,2026-11-02T07:21:00,5.51
CUR019,2026-11-02T10:04:00,LW,5.043,Puerto Montt,2026-11-02T14:06:00,2.05
CUR019,2026-11-02T16:19:00,HW,9.6837,Puerto Montt,2026-11-02T20:29:00,5.07
CUR019,2026-11-02T22:27:00,LW,6.0762,Puerto Montt,2026-11-03T02:29:00,2.47
CUR019,2026-11-03T04:33:00,HW,10.6387,Puerto Montt,2026-11-03T08:43:00,5.57
CUR019,2026-11-03T11:17:00,LW,4.5264,Puerto Montt,2026-11-03T15:19:00,1.84
CUR019,2026-11-03T17:27:00,HW,10.314,Puerto Montt,2026-11-03T21:37:00,5.4
CUR019,2026-11-03T23:40:00,LW,5.2398,Puerto Montt,2026-11-04T03:42:00,2.13
CUR019,2026-11-04T05:41:00,HW,11.0398,Puerto Montt,2026-11-04T09:51:00,5.78
CUR019,2026-11-04T12:15:00,LW,3.813,Puerto Montt,2026-11-04T16:17:00,1.55
CUR019,2026-11-04T18:21:00,HW,11.0398,Puerto Montt,2026-11-04T22:31:00,5.78
CUR019,2026-11-05T00:38:00,LW,4.2312,Puerto Montt,2026-11-05T04:40:00,1.72
CUR019,2026-11-05T06:36:00,HW,11.4791,Puerto Montt,2026-11-05T10:46:00,6.01
CUR019,2026-11-05T13:03:00,LW,3.2226,Puerto Montt,2026-11-05T17:05:00,1.31
CUR019,2026-11-05T19:06:00,HW,11.7274,Puerto Montt,2026-11-05T23:16:00,6.14
CUR019,2026-11-06T01:27:00,LW,3.3702,Puerto Montt,2026-11-06T05:29:00,1.37
CUR019,2026-11-06T07:23:00,HW,11.7847,Puerto Montt,2026-11-06T11:33:00,6.17
CUR019,2026-11-06T13:45:00,LW,2.8536,Puerto Montt,2026-11-06T17:47:00,1.16
CUR019,2026-11-06T19:47:00,HW,12.224,Puerto Montt,2026-11-06T23:57:00,6.4
CUR019,2026-11-07T02:11:00,LW,2.8044,Puerto Montt,2026-11-07T06:13:00,1.14
CUR019,2026-11-07T08:06:00,HW,11.8802,Puerto Montt,2026-11-07T12:16:00,6.22
CUR019,2026-11-07T14:22:00,LW,2.829,Puerto Montt,2026-11-07T18:24:00,1.15
CUR019,2026-11-07T20:24:00,HW,12.5105,Puerto Montt,2026-11-08T00:34:00,6.55
CUR019,2026-11-08T02:51:00,LW,2.6322,Puerto Montt,2026-11-08T06:53:00,1.07
CUR019,2026-11-08T08:45:00,HW,11.7465,Puerto Montt,2026-11-08T12:55:00,6.15
CUR019,2026-11-08T14:56:00,LW,3.0996,Puerto Montt,2026-11-08T18:58:00,1.26
CUR019,2026-11-08T20:58:00,HW,12.5487,Puerto Montt,2026-11-09T01:08:00,6.57
CUR019,2026-11-09T03:28:00,LW,2.7798,Puerto Montt,2026-11-09T07:30:00,1.13
CUR019,2026-11-09T09:21:00,HW,11.4218,Puerto Montt,2026-11-09T13:31:00,5.98
CUR019,2026-11-09T15:28:00,LW,3.6162,Puerto Montt,2026-11-09T19:30:00,1.47
CUR019,2026-11-09T21:30:00,HW,12.3768,Puerto Montt,2026-11-10T01:40:00,6.48
CUR019,2026-11-10T04:02:00,LW,3.2472,Puerto Montt,2026-11-10T08:04:00,1.32
CUR019,2026-11-10T09:54:00,HW,10.9634,Puerto Montt,2026-11-10T14:04:00,5.74
CUR019,2026-11-10T15:57:00,LW,4.2558,Puerto Montt,2026-11-10T19:59:00,1.73
CUR019,2026-11-10T22:00:00,HW,12.0139,Puerto Montt,2026-11-11T02:10:00,6.29
CUR019,2026-11-11T04:34:00,LW,3.9114,Puerto Montt,2026-11-11T08:36:00,1.59
CUR019,2026-11-11T10:25:00,HW,10.4286,Puerto Montt,2026-11-11T14:35:00,5.46
CUR019,2026-11-11T16:24:00,LW,4.9938,Puerto Montt,2026-11-11T20:26:00,2.03
CUR019,2026-11-11T22:28:00,HW,11.5555,Puerto Montt,2026-11-12T02:38:00,6.05
CUR019,2026-11-12T05:04:00,LW,4.6248,Puerto Montt,2026-11-12T09:06:00,1.88
CUR019,2026-11-12T10:56:00,HW,9.8747,Puerto Montt,2026-11-12T15:06:00,5.17
CUR019,2026-11-12T16:50:00,LW,5.7072,Puerto Montt,2026-11-12T20:52:00,2.32
CUR019,2026-11-12T22:57:00,HW,11.0016,Puerto Montt,2026-11-13T03:07:00,5.76
CUR019,2026-11-13T05:35:00,LW,5.3628,Puerto Montt,2026-11-13T09:37:00,2.18
CUR019,2026-11-13T11:28:00,HW,9.3399,Puerto Montt,2026-11-13T15:38:00,4.89
CUR019,2026-11-13T17:19:00,LW,6.396,Puerto Montt,2026-11-13T21:21:00,2.6
CUR019,2026-11-13T23:28:00,HW,10.4477,Puerto Montt,2026-11-14T03:38:00,5.47
CUR019,2026-11-14T06:10:00,LW,6.0516,Puerto Montt,2026-11-14T10:12:00,2.46
CUR019,2026-11-14T12:05:00,HW,8.8242,Puerto Montt,2026-11-14T16:15:00,4.62
CUR019,2026-11-14T17:55:00,LW,7.0356,Puerto Montt,2026-11-14T21:57:00,2.86
CUR019,2026-11-15T00:06:00,HW,9.8556,Puerto Montt,2026-11-15T04:16:00,5.16
CUR019,2026-11-15T06:56:00,LW,6.642,Puerto Montt,2026-11-15T10:58:00,2.7
CUR019,2026-11-15T12:57:00,HW,8.3849,Puerto Montt,2026-11-15T17:07:00,4.39
CUR019,2026-11-15T18:44:00,LW,7.6014,Puerto Montt,2026-11-15T22:46:00,3.09
CUR019,2026-11-16T01:00:00,HW,9.3208,Puerto Montt,2026-11-16T05:10:00,4.88
CUR019,2026-11-16T08:02:00,LW,7.011,Puerto Montt,2026-11-16T12:04:00,2.85
CUR019,2026-11-16T14:18:00,HW,8.1557,Puerto Montt,2026-11-16T18:28:00,4.27
CUR019,2026-11-16T20:04:00,LW,7.9704,Puerto Montt,2026-11-17T00:06:00,3.24
CUR019,2026-11-17T02:20:00,HW,8.977,Puerto Montt,2026-11-17T06:30:00,4.7
CUR019,2026-11-17T09:29:00,LW,6.9864,Puerto Montt,2026-11-17T13:31:00,2.84
CUR019,2026-11-17T15:52:00,HW,8.3849,Puerto Montt,2026-11-17T20:02:00,4.39
CUR019,2026-11-17T21:47:00,LW,7.7982,Puerto Montt,2026-11-18T01:49:00,3.17
CUR019,2026-11-18T03:52:00,HW,9.0343,Puerto Montt,2026-11-18T08:02:00,4.73
CUR019,2026-11-18T10:44:00,LW,6.4452,Puerto Montt,2026-11-18T14:46:00,2.62
CUR019,2026-11-18T16:59:00,HW,9.0152,Puerto Montt,2026-11-18T21:09:00,4.72
CUR019,2026-11-18T23:07:00,LW,7.011,Puerto Montt,2026-11-19T03:09:00,2.85
CUR019,2026-11-19T05:03:00,HW,9.4927,Puerto Montt,2026-11-19T09:13:00,4.97
CUR019,2026-11-19T11:39:00,LW,5.658,Puerto Montt,2026-11-19T15:41:00,2.3
CUR019,2026-11-19T17:48:00,HW,9.8556,Puerto Montt,2026-11-19T21:58:00,5.16
CUR019,2026-11-20T00:05:00,LW,5.9286,Puerto Montt,2026-11-20T04:07:00,2.41
CUR019,2026-11-20T05:58:00,HW,10.0848,Puerto Montt,2026-11-20T10:08:00,5.28
CUR019,2026-11-20T12:25:00,LW,4.797,Puerto Montt,2026-11-20T16:27:00,1.95
CUR019,2026-11-20T18:30:00,HW,10.7724,Puerto Montt,2026-11-20T22:40:00,5.64
CUR019,2026-11-21T00:53:00,LW,4.7724,Puerto Montt,2026-11-21T04:55:00,1.94
CUR019,2026-11-21T06:46:00,HW,10.7151,Puerto Montt,2026-11-21T10:56:00,5.61
CUR019,2026-11-21T13:07:00,LW,4.0098,Puerto Montt,2026-11-21T17:09:00,1.63
CUR019,2026-11-21T19:11:00,HW,11.6701,Puerto Montt,2026-11-21T23:21:00,6.11
CUR019,2026-11-22T01:38:00,LW,3.69,Puerto Montt,2026-11-22T05:40:00,1.5
CUR019,2026-11-22T07:32:00,HW,11.2499,Puerto Montt,2026-11-22T11:42:00,5.89
CUR019,2026-11-22T13:48:00,LW,3.3948,Puerto Montt,2026-11-22T17:50:00,1.38
CUR019,2026-11-22T19:51:00,HW,12.4532,Puerto Montt,2026-11-23T00:01:00,6.52
CUR019,2026-11-23T02:22:00,LW,2.8044,Puerto Montt,2026-11-23T06:24:00,1.14
CUR019,2026-11-23T08:17:00,HW,11.6128,Puerto Montt,2026-11-23T12:27:00,6.08
CUR019,2026-11-23T14:29:00,LW,3.0258,Puerto Montt,2026-11-23T18:31:00,1.23
CUR019,2026-11-23T20:33:00,HW,13.0453,Puerto Montt,2026-11-24T00:43:00,6.83
CUR019,2026-11-24T03:07:00,LW,2.1894,Puerto Montt,2026-11-24T07:09:00,0.89
CUR019,2026-11-24T09:04:00,HW,11.7847,Puerto Montt,2026-11-24T13:14:00,6.17
CUR019,2026-11-24T15:12:00,LW,2.9274,Puerto Montt,2026-11-24T19:14:00,1.19
CUR019,2026-11-24T21:17:00,HW,13.3891,Puerto Montt,2026-11-25T01:27:00,7.01
CUR019,2026-11-25T03:54:00,LW,1.9434,Puerto Montt,2026-11-25T07:56:00,0.79
CUR019,2026-11-25T09:51:00,HW,11.7465,Puerto Montt,2026-11-25T14:01:00,6.15
CUR019,2026-11-25T15:57:00,LW,3.0996,Puerto Montt,2026-11-25T19:59:00,1.26
CUR019,2026-11-25T22:03:00,HW,13.4273,Puerto Montt,2026-11-26T02:13:00,7.03
CUR019,2026-11-26T04:42:00,LW,2.0418,Puerto Montt,2026-11-26T08:44:00,0.83
CUR019,2026-11-26T10:39:00,HW,11.5173,Puerto Montt,2026-11-26T14:49:00,6.03
CUR019,2026-11-26T16:45:00,LW,3.4686,Puerto Montt,2026-11-26T20:47:00,1.41
CUR019,2026-11-26T22:51:00,HW,13.179,Puerto Montt,2026-11-27T03:01:00,6.9
CUR019,2026-11-27T05:32:00,LW,2.3862,Puerto Montt,2026-11-27T09:34:00,0.97
CUR019,2026-11-27T11:31:00,HW,11.1735,Puerto Montt,2026-11-27T15:41:00,5.85
CUR019,2026-11-27T17:35:00,LW,3.9606,Puerto Montt,2026-11-27T21:37:00,1.61
CUR019,2026-11-27T23:42:00,HW,12.7206,Puerto Montt,2026-11-28T03:52:00,6.66
CUR019,2026-11-28T06:25:00,LW,2.9028,Puerto Montt,2026-11-28T10:27:00,1.18
CUR019,2026-11-28T12:25:00,HW,10.7915,Puerto Montt,2026-11-28T16:35:00,5.65
CUR019,2026-11-28T18:31:00,LW,4.5264,Puerto Montt,2026-11-28T22:33:00,1.84
CUR019,2026-11-29T00:37:00,HW,12.1476,Puerto Montt,2026-11-29T04:47:00,6.36
CUR019,2026-11-29T07:22:00,LW,3.4686,Puerto Montt,2026-11-29T11:24:00,1.41
CUR019,2026-11-29T13:25:00,HW,10.4477,Puerto Montt,2026-11-29T17:35:00,5.47
CUR019,2026-11-29T19:32:00,LW,5.0184,Puerto Montt,2026-11-29T23:34:00,2.04
CUR019,2026-11-30T01:37:00,HW,11.5364,Puerto Montt,2026-11-30T05:47:00,6.04
CUR019,2026-11-30T08:22:00,LW,3.9606,Puerto Montt,2026-11-30T12:24:00,1.61
CUR019,2026-11-30T14:30:00,HW,10.2376,Puerto Montt,2026-11-30T18:40:00,5.36
CUR019,2026-11-30T20:38:00,LW,5.3628,Puerto Montt,2026-12-01T00:40:00,2.18
CUR019,2026-12-01T02:43:00,HW,11.0207,Puerto Montt,2026-12-01T06:53:00,5.77
CUR019,2026-12-01T09:25:00,LW,4.305,Puerto Montt,2026-12-01T13:27:00,1.75
CUR019,2026-12-01T15:37:00,HW,10.2567,Puerto Montt,2026-12-01T19:47:00,5.37
CUR019,2026-12-01T21:49:00,LW,5.4612,Puerto Montt,2026-12-02T01:51:00,2.22
CUR019,2026-12-02T03:52:00,HW,10.6769,Puerto Montt,2026-12-02T08:02:00,5.59
CUR019,2026-12-02T10:29:00,LW,4.4526,Puerto Montt,2026-12-02T14:31:00,1.81
CUR019,2026-12-02T16:41:00,HW,10.4668,Puerto Montt,2026-12-02T20:51:00,5.48
CUR019,2026-12-02T23:00:00,LW,5.2644,Puerto Montt,2026-12-03T03:02:00,2.14
CUR019,2026-12-03T04:59:00,HW,10.5241,Puerto Montt,2026-12-03T09:09:00,5.51
CUR019,2026-12-03T11:29:00,LW,4.4526,Puerto Montt,2026-12-03T15:31:00,1.81
CUR019,2026-12-03T17:40:00,HW,10.8106,Puerto Montt,2026-12-03T21:50:00,5.66
CUR019,2026-12-04T00:05:00,LW,4.8708,Puerto Montt,2026-12-04T04:07:00,1.98
CUR019,2026-12-04T06:01:00,HW,10.505,Puerto Montt,2026-12-04T10:11:00,5.5
CUR019,2026-12-04T12:24:00,LW,4.3788,Puerto Montt,2026-12-04T16:26:00,1.78
CUR019,2026-12-04T18:33:00,HW,11.2117,Puerto Montt,2026-12-04T22:43:00,5.87
CUR019,2026-12-05T01:03:00,LW,4.3788,Puerto Montt,2026-12-05T05:05:00,1.78
CUR019,2026-12-05T06:57:00,HW,10.5623,Puerto Montt,2026-12-05T11:07:00,5.53
CUR019,2026-12-05T13:13:00,LW,4.3296,Puerto Montt,2026-12-05T17:15:00,1.76
CUR019,2026-12-05T19:20:00,HW,11.5746,Puerto Montt,2026-12-05T23:30:00,6.06
CUR019,2026-12-06T01:53:00,LW,3.9852,Puerto Montt,2026-12-06T05:55:00,1.62
CUR019,2026-12-06T07:47:00,HW,10.6196,Puerto Montt,2026-12-06T11:57:00,5.56
CUR019,2026-12-06T13:56:00,LW,4.3788,Puerto Montt,2026-12-06T17:58:00,1.78
CUR019,2026-12-06T20:02:00,HW,11.842,Puerto Montt,2026-12-07T00:12:00,6.2
CUR019,2026-12-07T02:38:00,LW,3.7638,Puerto Montt,2026-12-07T06:40:00,1.53
CUR019,2026-12-07T08:31:00,HW,10.6196,Puerto Montt,2026-12-07T12:41:00,5.56
CUR019,2026-12-07T14:35:00,LW,4.5018,Puerto Montt,2026-12-07T18:37:00,1.83
CUR019,2026-12-07T20:40:00,HW,11.9566,Puerto Montt,2026-12-08T00:50:00,6.26
CUR019,2026-12-08T03:17:00,LW,3.7392,Puerto Montt,2026-12-08T07:19:00,1.52
CUR019,2026-12-08T09:10:00,HW,10.5432,Puerto Montt,2026-12-08T13:20:00,5.52
CUR019,2026-12-08T15:10:00,LW,4.7232,Puerto Montt,2026-12-08T19:12:00,1.92
CUR019,2026-12-08T21:15:00,HW,11.9375,Puerto Montt,2026-12-09T01:25:00,6.25
CUR019,2026-12-09T03:53:00,LW,3.9114,Puerto Montt,2026-12-09T07:55:00,1.59
CUR019,2026-12-09T09:45:00,HW,10.3904,Puerto Montt,2026-12-09T13:55:00,5.44
CUR019,2026-12-09T15:42:00,LW,4.9692,Puerto Montt,2026-12-09T19:44:00,2.02
CUR019,2026-12-09T21:47:00,HW,11.7656,Puerto Montt,2026-12-10T01:57:00,6.16
CUR019,2026-12-10T04:25:00,LW,4.182,Puerto Montt,2026-12-10T08:27:00,1.7
CUR019,2026-12-10T10:17:00,HW,10.1803,Puerto Montt,2026-12-10T14:27:00,5.33
CUR019,2026-12-10T16:13:00,LW,5.289,Puerto Montt,2026-12-10T20:15:00,2.15
CUR019,2026-12-10T22:17:00,HW,11.5173,Puerto Montt,2026-12-11T02:27:00,6.03
CUR019,2026-12-11T04:56:00,LW,4.5264,Puerto Montt,2026-12-11T08:58:00,1.84
CUR019,2026-12-11T10:48:00,HW,9.932,Puerto Montt,2026-12-11T14:58:00,5.2
CUR019,2026-12-11T16:43:00,LW,5.5842,Puerto Montt,2026-12-11T20:45:00,2.27
CUR019,2026-12-11T22:47:00,HW,11.2117,Puerto Montt,2026-12-12T02:57:00,5.87
CUR019,2026-12-12T05:26:00,LW,4.8954,Puerto Montt,2026-12-12T09:28:00,1.99
CUR019,2026-12-12T11:19:00,HW,9.6455,Puerto Montt,2026-12-12T15:29:00,5.05
CUR019,2026-12-12T17:14:00,LW,5.904,Puerto Montt,2026-12-12T21:16:00,2.4
CUR019,2026-12-12T23:18:00,HW,10.8297,Puerto Montt,2026-12-13T03:28:00,5.67
CUR019,2026-12-13T05:58:00,LW,5.2644,Puerto Montt,2026-12-13T10:00:00,2.14
CUR019,2026-12-13T11:52:00,HW,9.3399,Puerto Montt,2026-12-13T16:02:00,4.89
CUR019,2026-12-13T17:49:00,LW,6.2484,Puerto Montt,2026-12-13T21:51:00,2.54
CUR019,2026-12-13T23:52:00,HW,10.4286,Puerto Montt,2026-12-14T04:02:00,5.46
CUR019,2026-12-14T06:34:00,LW,5.6088,Puerto Montt,2026-12-14T10:36:00,2.28
CUR019,2026-12-14T12:32:00,HW,9.0916,Puerto Montt,2026-12-14T16:42:00,4.76
CUR019,2026-12-14T18:31:00,LW,6.5928,Puerto Montt,2026-12-14T22:33:00,2.68
CUR019,2026-12-15T00:33:00,HW,10.0084,Puerto Montt,2026-12-15T04:43:00,5.24
CUR019,2026-12-15T07:17:00,LW,5.9286,Puerto Montt,2026-12-15T11:19:00,2.41
CUR019,2026-12-15T13:22:00,HW,8.9197,Puerto Montt,2026-12-15T17:32:00,4.67
CUR019,2026-12-15T19:23:00,LW,6.9126,Puerto Montt,2026-12-15T23:25:00,2.81
CUR019,2026-12-16T01:25:00,HW,9.6073,Puerto Montt,2026-12-16T05:35:00,5.03
CUR019,2026-12-16T08:10:00,LW,6.15,Puerto Montt,2026-12-16T12:12:00,2.5
CUR019,2026-12-16T14:24:00,HW,8.9197,Puerto Montt,2026-12-16T18:34:00,4.67
CUR019,2026-12-16T20:29:00,LW,7.0848,Puerto Montt,2026-12-17T00:31:00,2.88
CUR019,2026-12-17T02:31:00,HW,9.3208,Puerto Montt,2026-12-17T06:41:00,4.88
CUR019,2026-12-17T09:13:00,LW,6.1992,Puerto Montt,2026-12-17T13:15:00,2.52
CUR019,2026-12-17T15:34:00,HW,9.2062,Puerto Montt,2026-12-17T19:44:00,4.82
CUR019,2026-12-17T21:48:00,LW,6.9372,Puerto Montt,2026-12-18T01:50:00,2.82
CUR019,2026-12-18T03:47:00,HW,9.2826,Puerto Montt,2026-12-18T07:57:00,4.86
CUR019,2026-12-18T10:21:00,LW,6.0024,Puerto Montt,2026-12-18T14:23:00,2.44
CUR019,2026-12-18T16:40:00,HW,9.7601,Puerto Montt,2026-12-18T20:50:00,5.11
CUR019,2026-12-18T23:06:00,LW,6.3468,Puerto Montt,2026-12-19T03:08:00,2.58
CUR019,2026-12-19T05:01:00,HW,9.4927,Puerto Montt,2026-12-19T09:11:00,4.97
CUR019,2026-12-19T11:25:00,LW,5.5842,Puerto Montt,2026-12-19T15:27:00,2.27
CUR019,2026-12-19T17:39:00,HW,10.505,Puerto Montt,2026-12-19T21:49:00,5.5
CUR019,2026-12-20T00:13:00,LW,5.4612,Puerto Montt,2026-12-20T04:15:00,2.22
CUR019,2026-12-20T06:07:00,HW,9.9129,Puerto Montt,2026-12-20T10:17:00,5.19
CUR019,2026-12-20T12:24:00,LW,5.043,Puerto Montt,2026-12-20T16:26:00,2.05
CUR019,2026-12-20T18:34:00,HW,11.3263,Puerto Montt,2026-12-20T22:44:00,5.93
CUR019,2026-12-21T01:12:00,LW,4.428,Puerto Montt,2026-12-21T05:14:00,1.8
CUR019,2026-12-21T07:07:00,HW,10.4286,Puerto Montt,2026-12-21T11:17:00,5.46
CUR019,2026-12-21T13:18:00,LW,4.4772,Puerto Montt,2026-12-21T17:20:00,1.82
CUR019,2026-12-21T19:27:00,HW,12.1285,Puerto Montt,2026-12-21T23:37:00,6.35
CUR019,2026-12-22T02:07:00,LW,3.4194,Puerto Montt,2026-12-22T06:09:00,1.39
CUR019,2026-12-22T08:03:00,HW,10.9252,Puerto Montt,2026-12-22T12:13:00,5.72
CUR019,2026-12-22T14:11:00,LW,3.9114,Puerto Montt,2026-12-22T18:13:00,1.59
CUR019,2026-12-22T20:18:00,HW,12.8352,Puerto Montt,2026-12-23T00:28:00,6.72
CUR019,2026-12-23T02:59:00,LW,2.5584,Puerto Montt,2026-12-23T07:01:00,1.04
CUR019,2026-12-23T08:56:00,HW,11.3645,Puerto Montt,2026-12-23T13:06:00,5.95
CUR019,2026-12-23T15:02:00,LW,3.444,Puerto Montt,2026-12-23T19:04:00,1.4
CUR019,2026-12-23T21:09:00,HW,13.3509,Puerto Montt,2026-12-24T01:19:00,6.99
CUR019,2026-12-24T03:49:00,LW,1.9434,Puerto Montt,2026-12-24T07:51:00,0.79
CUR019,2026-12-24T09:47:00,HW,11.6701,Puerto Montt,2026-12-24T13:57:00,6.11
CUR019,2026-12-24T15:52:00,LW,3.1242,Puerto Montt,2026-12-24T19:54:00,1.27
CUR019,2026-12-24T21:58:00,HW,13.6183,Puerto Montt,2026-12-25T02:08:00,7.13
CUR019,2026-12-25T04:38:00,LW,1.6236,Puerto Montt,2026-12-25T08:40:00,0.66
CUR019,2026-12-25T10:36:00,HW,11.8038,Puerto Montt,2026-12-25T14:46:00,6.18
CUR019,2026-12-25T16:42:00,LW,2.952,Puerto Montt,2026-12-25T20:44:00,1.2
CUR019,2026-12-25T22:47:00,HW,13.6183,Puerto Montt,2026-12-26T02:57:00,7.13
CUR019,2026-12-26T05:27:00,LW,1.599,Puerto Montt,2026-12-26T09:29:00,0.65
CUR019,2026-12-26T11:24:00,HW,11.7847,Puerto Montt,2026-12-26T15:34:00,6.17
CUR019,2026-12-26T17:32:00,LW,3.0012,Puerto Montt,2026-12-26T21:34:00,1.22
CUR019,2026-12-26T23:35:00,HW,13.3509,Puerto Montt,2026-12-27T03:45:00,6.99
CUR019,2026-12-27T06:14:00,LW,1.8942,Puerto Montt,2026-12-27T10:16:00,0.77
CUR019,2026-12-27T12:12:00,HW,11.5937,Puerto Montt,2026-12-27T16:22:00,6.07
CUR019,2026-12-27T18:21:00,LW,3.2964,Puerto Montt,2026-12-27T22:23:00,1.34
CUR019,2026-12-28T00:23:00,HW,12.797,Puerto Montt,2026-12-28T04:33:00,6.7
CUR019,2026-12-28T07:00:00,LW,2.4354,Puerto Montt,2026-12-28T11:02:00,0.99
CUR019,2026-12-28T13:01:00,HW,11.3072,Puerto Montt,2026-12-28T17:11:00,5.92
CUR019,2026-12-28T19:11:00,LW,3.813,Puerto Montt,2026-12-28T23:13:00,1.55
CUR019,2026-12-29T01:12:00,HW,12.0712,Puerto Montt,2026-12-29T05:22:00,6.32
CUR019,2026-12-29T07:47:00,LW,3.1734,Puerto Montt,2026-12-29T11:49:00,1.29
CUR019,2026-12-29T13:52:00,HW,10.9443,Puerto Montt,2026-12-29T18:02:00,5.73
CUR019,2026-12-29T20:04:00,LW,4.5018,Puerto Montt,2026-12-30T00:06:00,1.83
CUR019,2026-12-30T02:05:00,HW,11.2308,Puerto Montt,2026-12-30T06:15:00,5.88
CUR019,2026-12-30T08:37:00,LW,4.0344,Puerto Montt,2026-12-30T12:39:00,1.64
CUR019,2026-12-30T14:47:00,HW,10.5814,Puerto Montt,2026-12-30T18:57:00,5.54
CUR019,2026-12-30T21:04:00,LW,5.2152,Puerto Montt,2026-12-31T01:06:00,2.12
CUR019,2026-12-31T03:03:00,HW,10.3904,Puerto Montt,2026-12-31T07:13:00,5.44
CUR019,2026-12-31T09:33:00,LW,4.8708,Puerto Montt,2026-12-31T13:35:00,1.98
CUR019,2026-12-31T15:49:00,HW,10.3331,Puerto Montt,2026-12-31T19:59:00,5.41
